match_id,elapsed_time,MT,sets_ratio,game_ratio,score_ratio,ue_game_ratio,npr_game_ratio,MT_end,SA,server_p1,ace_ratio,df_ratio,spead,SA_end,CPP,ue_ratio,npw_ratio,bpw_ratio,pt_victor,pt_winner,CPP_end,ST,distance_ratio,rally_count_normalized,ST_end
2023-wimbledon-1701,00:00:00,0,0.0,0.0,0.0,0,0.0,0.0,0,1,0,0.0,0.7872340425531915,0.5957446808510638,0,-0.0,0,0,0,0,0.0,0,-0.036090426888356196,-0.029411764705882353,-0.032751095797119274
2023-wimbledon-1701,00:00:25,0,0.0,0.0,0.0,0,0.0,0.0,0,1,0,0.0,0.8936170212765957,0.6312056737588653,0,-0.0,0,0,1,0,0.2,0,-0.11795532207884939,-0.11764705882352941,-0.11780119045118939
2023-wimbledon-1701,00:01:19,0,0.0,0.0,0.5,0,0.0,0.25,0,0,0,0.0,0.723404255319149,0.24113475177304966,0,-0.0,0,0,1,1,0.4,0,-0.0305120620186668,-0.058823529411764705,-0.04466779571521575
2023-wimbledon-1701,00:02:17,0,0.0,0.0,0.6666666666666666,0,0.0,0.3333333333333333,0,0,0,0.0,0.851063829787234,0.28368794326241137,0,-0.0,0,0,0,0,0.0,0,-0.031283470189218135,-0.029411764705882353,-0.030347617447550244
2023-wimbledon-1701,00:03:02,0,0.0,0.0,0.5,0,0.0,0.25,0,1,0,0.0,0.7659574468085106,0.5886524822695035,0,-0.0,0,0,1,0,0.2,0,-0.0821199061559647,-0.058823529411764705,-0.07047171778386471
2023-wimbledon-1701,00:03:38,0,0.0,0.0,0.6,0,0.0,0.3,0,1,0,0.0,0.900709219858156,0.6335697399527187,0,-0.0,0,0,0,0,0.0,0,-0.04649487427959403,-0.029411764705882353,-0.03795331949273819
2023-wimbledon-1701,00:04:05,0,0.0,0.0,0.5,0,0.0,0.16666666666666666,0,1,0,0.0,0.7872340425531915,0.5957446808510638,0,-0.0,0,0,0,0,0.0,0,-0.14843550772683226,-0.14705882352941177,-0.147747165628122
2023-wimbledon-1701,00:04:41,0,0.0,0.0,0.42857142857142855,0,0.0,0.14285714285714285,0,1,0,0.0,0.8794326241134752,0.6264775413711584,0,-0.0,0,0,1,0,0.2,0,-0.1477724792166063,-0.1764705882352941,-0.1621215337259502
2023-wimbledon-1701,00:06:03,0,0.0,0.0,0.5,-1,0.0,-0.16666666666666666,0,1,0,0.0,0.900709219858156,0.6335697399527187,0,-0.5,0,0,0,0,-0.1,0,-0.18561610649257917,-0.20588235294117646,-0.1957492297168778
2023-wimbledon-1701,00:06:43,0,0.0,0.0,0.42857142857142855,-1,0.0,-0.19047619047619047,0,1,0,0.0,0.8865248226950354,0.6288416075650117,0,-0.5,0,0,0,0,-0.1,0,-0.057001326057020456,-0.029411764705882353,-0.043206545381451404
2023-wimbledon-1701,00:08:02,0,0.0,0.0,0.0,-1,0.0,-0.5,0,1,0,0.0,0.8723404255319149,0.46808510638297873,0,-0.5,0,0,0,0,-0.1,0,-0.035319018717804865,-0.058823529411764705,-0.047071274064784785
2023-wimbledon-1701,00:08:28,0,0.0,0.0,0.0,-1,0.0,-0.3333333333333333,0,1,0,0.0,0.8439716312056738,0.46099290780141844,0,-0.5,0,0,0,0,-0.1,0,-0.10722573570663538,-0.1764705882352941,-0.14184816197096473
2023-wimbledon-1701,00:09:22,0,0.0,0.0,0.0,-2,0.0,-0.6666666666666666,0,0,0,0.0,0.7588652482269503,0.18971631205673758,0,-1.0,0,0,0,0,-0.2,0,-0.13695363900647728,-0.1764705882352941,-0.1567121136208857
2023-wimbledon-1701,00:10:25,0,0.0,0.0,0.0,-2,0.0,-0.6666666666666666,0,1,0,0.0,0.8581560283687943,0.4645390070921986,0,-1.0,0,0,1,0,0.0,0,-0.06296220737491712,-0.08823529411764705,-0.07559875074628208
2023-wimbledon-1701,00:10:57,0,0.0,0.0,0.25,-2,0.0,-0.5833333333333334,0,1,0,0.0,0.9078014184397163,0.4769503546099291,0,-1.0,0,0,1,1,0.2,0,-0.048694343856785845,-0.08823529411764705,-0.06846481898721644
2023-wimbledon-1701,00:11:29,0,0.0,0.0,0.4,-2,0.0,-0.5333333333333333,0,0,0,0.0,0.7163120567375887,0.17907801418439717,0,-1.0,0,0,0,0,-0.2,0,-0.13949099811291885,-0.11764705882352941,-0.12856902846822413
2023-wimbledon-1701,00:12:45,0,0.0,0.0,0.0,-1,0.0,-0.5,0,1,0,0.0,0.8652482269503546,0.6217494089834515,0,-0.5,0,0,0,0,-0.1,0,-0.1280027541184271,-0.14705882352941177,-0.13753078882391945
2023-wimbledon-1701,00:13:23,0,0.0,0.0,0.0,-1,0.0,-0.3333333333333333,0,0,0,0.0,0.7588652482269503,0.25295508274231676,0,-0.5,0,0,1,0,0.1,0,-0.19001504564696284,-0.23529411764705882,-0.21265458164701084
2023-wimbledon-1701,00:14:24,0,0.0,0.0,0.5,-1,0.0,-0.16666666666666666,0,0,0,0.0,0.6028368794326241,0.20094562647754136,0,-0.5,0,0,1,0,0.1,0,-0.20388764216861327,-0.23529411764705882,-0.21959087990783605
2023-wimbledon-1701,00:15:30,0,0.0,0.0,0.6666666666666666,-1,0.0,-0.08333333333333334,0,0,0,0.0,0.624113475177305,0.20803782505910165,0,-0.5,0,0,0,0,-0.1,0,-0.5952210945070638,-0.6176470588235294,-0.6064340766652967
2023-wimbledon-1701,00:17:03,0,0.0,0.0,0.5,-1,0.0,-0.125,0,1,0,0.0,0.8581560283687943,0.6193853427895981,0,-0.5,0,0,0,0,-0.1,0,-0.3075495996327842,-0.14705882352941177,-0.22730421158109798
2023-wimbledon-1701,00:18:02,0,0.0,0.0,0.4,-1,0.0,-0.15,0,1,0,0.0,0.8581560283687943,0.6193853427895981,0,-0.5,0,0,0,0,-0.1,0,-0.004265058397511093,-0.029411764705882353,-0.016838411551696724
2023-wimbledon-1701,00:19:49,0,0.0,0.0,0.0,0,0.0,0.0,0,1,0,0.0,0.7659574468085106,0.44148936170212766,0,-0.0,0,0,0,0,0.0,0,-0.07827561585148161,-0.058823529411764705,-0.06854957263162316
2023-wimbledon-1701,00:20:15,0,0.0,0.0,0.0,0,0.0,0.0,0,1,0,0.0,0.9078014184397163,0.4769503546099291,0,-0.0,0,0,1,0,0.2,0,-0.017742387922680677,-0.029411764705882353,-0.023577076314281513
2023-wimbledon-1701,00:20:38,0,0.0,0.0,0.5,0,0.0,0.16666666666666666,0,1,0,0.0,0.9078014184397163,0.4769503546099291,0,-0.0,0,0,0,0,0.0,0,-0.19677283623195796,-0.1764705882352941,-0.18662171223362603
2023-wimbledon-1701,00:21:15,0,0.0,0.0,0.3333333333333333,-1,0.0,-0.22222222222222224,0,1,0,0.0,0.8297872340425532,0.4574468085106383,0,-0.5,0,0,0,0,-0.1,0,-0.176875605651043,-0.23529411764705882,-0.2060848616490509
2023-wimbledon-1701,00:21:55,0,0.0,0.0,0.25,-1,0.0,-0.25,0,0,0,0.0,0.7801418439716312,0.1950354609929078,0,-0.5,0,0,1,0,0.1,0,-0.07884301524965574,-0.08823529411764705,-0.08353915468365139
2023-wimbledon-1701,00:22:36,0,0.0,0.0,0.4,-1,0.0,-0.19999999999999998,0,1,0,0.0,0.9078014184397163,0.4769503546099291,0,-0.5,0,0,1,1,0.3,0,-0.036230682919365535,-0.029411764705882353,-0.032821223812623944
2023-wimbledon-1701,00:23:16,0,0.0,0.0,0.5,-1,0.0,-0.16666666666666666,0,0,0,0.0,0.6950354609929078,0.17375886524822695,0,-0.5,0,0,0,0,-0.1,0,-0.22604171979395116,-0.29411764705882354,-0.2600796834263873
2023-wimbledon-1701,00:24:11,0,0.0,0.0,0.42857142857142855,-1,0.0,-0.19047619047619047,0,0,0,0.0,0.6737588652482269,0.16843971631205673,0,-0.5,0,0,0,0,-0.1,0,-0.07055515887183149,-0.058823529411764705,-0.0646893441417981
2023-wimbledon-1701,00:25:06,0,0.0,0.0,0.0,0,0.0,0.0,0,1,0,0.0,0.7659574468085106,0.5886524822695035,0,-0.0,0,0,0,0,0.0,0,-0.037441985005355234,-0.029411764705882353,-0.03342687485561879
2023-wimbledon-1701,00:25:28,0,0.0,0.0,0.0,-1,0.0,-0.3333333333333333,0,1,0,0.0,0.8936170212765957,0.6312056737588653,0,-0.5,0,0,0,0,-0.1,0,-0.08306344672820931,-0.08823529411764705,-0.08564937042292818
2023-wimbledon-1701,00:25:57,0,0.0,0.0,0.0,-1,0.0,-0.3333333333333333,0,1,0,0.0,0.7872340425531915,0.5957446808510638,0,-0.5,0,0,1,1,0.3,0,-0.08859080940480442,-0.11764705882352941,-0.10311893411416692
2023-wimbledon-1701,00:26:33,0,0.0,0.0,0.3333333333333333,-2,0.0,-0.5555555555555556,0,1,0,0.0,0.8865248226950354,0.6288416075650117,0,-1.0,0,0,0,0,-0.2,0,-0.16936553271790686,-0.14705882352941177,-0.1582121781236593
2023-wimbledon-1701,00:27:10,0,0.0,0.0,0.25,-2,0.0,-0.4375,0,1,0,0.0,0.8581560283687943,0.6193853427895981,0,-1.0,0,0,0,0,-0.2,0,-0.09114729433365636,-0.08823529411764705,-0.0896912942256517
2023-wimbledon-1701,00:28:47,0,0.0,0.0,0.0,0,1.0,0.3333333333333333,0,1,0,0.0,0.9148936170212766,0.4787234042553191,0,-0.0,1,0,1,1,0.6,0,-0.05837200999642985,-0.08823529411764705,-0.07330365205703845
2023-wimbledon-1701,00:29:15,0,0.0,0.0,1.0,0,1.0,0.5,0,1,0,0.0,0.9290780141843972,0.4822695035460993,0,-0.0,0,0,1,0,0.2,0,-0.06026546641505585,-0.029411764705882353,-0.0448386155604691
2023-wimbledon-1701,00:29:37,0,0.0,0.0,1.0,-1,1.0,0.25,0,0,0,0.0,0.7304964539007093,0.18262411347517732,0,-0.5,0,0,0,0,-0.1,0,-0.04339649104911512,-0.058823529411764705,-0.051110010230439915
2023-wimbledon-1701,00:30:15,0,0.0,0.0,0.6666666666666666,-2,1.0,-0.08333333333333337,0,0,0,-0.25,0.0,-0.08333333333333333,0,-1.0,0,0,0,0,-0.2,0,-0.006859794971183762,-0.0,-0.003429897485591881
2023-wimbledon-1701,00:30:55,0,0.0,0.0,0.5,-2,1.0,-0.125,0,1,0,-0.2,0.9219858156028369,0.43049645390070923,0,-1.0,1,0,1,1,0.4,0,-0.21352068138929972,-0.2647058823529412,-0.23911328187112046
2023-wimbledon-1701,00:31:36,0,0.0,0.0,0.6,-2,1.0,-0.09999999999999998,0,1,0,-0.16666666666666666,0.8368794326241135,0.4175531914893617,0,-1.0,0,0,1,1,0.2,0,-0.10323481409700619,-0.14705882352941177,-0.125146818813209
2023-wimbledon-1701,00:32:28,0,0.0,0.16666666666666666,0.0,0,0.0,0.08333333333333333,0,1,0,0.0,0.8297872340425532,0.6099290780141844,0,-0.0,0,0,0,0,0.0,0,-0.20373463558933036,-0.2647058823529412,-0.23422025897113577
2023-wimbledon-1701,00:33:11,0,0.0,0.16666666666666666,0.0,0,0.0,0.041666666666666664,0,0,0,0.0,0.7801418439716312,0.26004728132387706,0,-0.0,0,0,0,0,0.0,0,-0.054132452695465905,-0.08823529411764705,-0.07118387340655648
2023-wimbledon-1701,00:33:55,0,0.0,0.16666666666666666,0.0,0,0.0,0.041666666666666664,0,1,0,0.0,0.851063829787234,0.6170212765957447,0,-0.0,0,0,0,0,0.0,0,-0.02807670729841383,-0.029411764705882353,-0.028744236002148094
2023-wimbledon-1701,00:34:19,0,0.0,0.16666666666666666,0.0,0,0.0,0.041666666666666664,0,1,0,0.0,0.8865248226950354,0.6288416075650117,0,-0.0,0,0,0,0,0.0,0,-0.08605345029836282,-0.14705882352941177,-0.1165561369138873
2023-wimbledon-1701,00:36:28,0,0.0,0.0,0.0,0,1.0,0.3333333333333333,0,1,0,0.0,0.8085106382978723,0.4521276595744681,0,-0.0,1,0,1,0,0.4,0,-0.15906946498699445,-0.08823529411764705,-0.12365237955232075
2023-wimbledon-1701,00:36:58,0,0.0,0.0,1.0,0,0.5,0.375,0,1,0,0.0,0.9148936170212766,0.4787234042553191,0,-0.0,0,0,0,0,0.0,0,-0.2226436986790432,-0.1764705882352941,-0.19955714345716866
2023-wimbledon-1701,00:37:34,0,0.0,0.0,0.5,0,0.5,0.25,0,1,0,0.0,0.8936170212765957,0.4734042553191489,0,-0.0,1,0,1,0,0.4,0,-0.12291528535727038,-0.14705882352941177,-0.13498705444334108
2023-wimbledon-1701,00:38:07,0,0.0,0.0,0.6666666666666666,0,0.5,0.29166666666666663,0,1,0,0.0,0.8297872340425532,0.4574468085106383,0,-0.0,1,0,1,0,0.4,0,-0.03417146937318305,-0.029411764705882353,-0.031791617039532705
2023-wimbledon-1701,00:38:34,0,0.0,0.0,0.75,0,0.5,0.3125,0,1,0,0.0,0.8936170212765957,0.4734042553191489,0,-0.0,0,0,1,0,0.2,0,-0.05888203192737288,-0.029411764705882353,-0.04414689831662762
2023-wimbledon-1701,00:39:35,0,0.0,1.0,0.0,0,0.0,0.3333333333333333,0,0,0,0.0,0.0,0.0,0,-0.0,0,0,1,0,0.2,0,-0.009078390370785944,-0.0,-0.004539195185392972
2023-wimbledon-1701,00:40:32,0,0.0,1.0,1.0,0,0.0,0.5,0,0,0,0.0,0.6666666666666666,0.2222222222222222,0,-0.0,0,0,1,0,0.2,0,-0.13225506196766462,-0.1764705882352941,-0.15436282510147936
2023-wimbledon-1701,00:41:29,0,0.0,1.0,1.0,0,0.0,0.4,0,1,0,0.0,0.7872340425531915,0.5957446808510638,0,-0.0,0,0,0,0,0.0,0,-0.1581960524302545,-0.14705882352941177,-0.15262743797983314
2023-wimbledon-1701,00:42:10,0,0.0,1.0,0.6666666666666666,0,0.0,0.3333333333333333,0,0,0,0.0,0.7588652482269503,0.25295508274231676,0,-0.0,0,0,0,0,0.0,0,-0.2135525577599837,-0.2647058823529412,-0.23912922005646242
2023-wimbledon-1701,00:43:16,0,0.0,1.0,0.5,-1,0.0,0.1,0,0,0,0.0,0.6666666666666666,0.2222222222222222,0,-0.5,0,0,0,0,-0.1,0,-0.02531621359718468,-0.029411764705882353,-0.027363989151533517
2023-wimbledon-1701,00:44:16,0,0.0,1.0,0.4,-1,0.0,0.07999999999999999,0,0,0,0.0,0.6099290780141844,0.2033096926713948,0,-0.5,0,0,1,1,0.3,0,-0.22361911562197176,-0.29411764705882354,-0.25886838134039764
2023-wimbledon-1701,00:45:23,0,0.0,1.0,0.5,-1,0.0,0.1,0,0,0,0.0,0.7375886524822695,0.2458628841607565,0,-0.5,0,0,1,0,0.1,0,-0.1066392104860509,-0.058823529411764705,-0.08273136994890781
2023-wimbledon-1701,00:46:38,0,0.0,1.0,0.5714285714285714,-1,0.0,0.11428571428571428,0,1,0,0.0,0.8368794326241135,0.6122931442080378,0,-0.5,0,0,0,0,-0.1,0,-0.04495843321262814,-0.029411764705882353,-0.037185098959255244
2023-wimbledon-1701,00:47:10,0,0.0,1.0,0.5,-1,0.0,0.1,0,1,0,0.0,0.8014184397163121,0.6004728132387708,0,-0.5,0,0,1,0,0.1,0,-0.20300147906359972,-0.23529411764705882,-0.21914779835532927
2023-wimbledon-1701,00:48:01,0,0.0,1.0,0.5714285714285714,-1,0.0,0.11428571428571428,0,1,0,0.0,0.8226950354609929,0.607565011820331,0,-0.5,0,1,1,0,0.3,0,-0.1493025450094354,-0.11764705882352941,-0.13347480191648242
2023-wimbledon-1701,00:48:48,0,0.0,1.0,0.0,-1,0.0,0.0,0,0,0,-1.0,0.0,-0.3333333333333333,0,-0.5,0,0,0,0,-0.1,0,-0.037594991584638145,-0.0,-0.018797495792319072
2023-wimbledon-1701,00:49:32,0,0.0,1.0,0.0,-1,1.0,0.2,0,0,0,-0.5,0.6595744680851063,0.039893617021276584,0,-0.5,1,0,1,1,0.5,0,-0.14178609680216248,-0.20588235294117646,-0.17383422487166947
2023-wimbledon-1701,00:50:22,0,0.0,1.0,0.5,-1,1.0,0.3,0,1,0,-0.3333333333333333,0.8865248226950354,0.3882978723404255,0,-0.5,0,0,1,1,0.3,0,-0.4484686591523436,-0.5588235294117647,-0.5036460942820542
2023-wimbledon-1701,00:51:25,0,0.0,1.0,0.6666666666666666,-1,1.0,0.3333333333333333,0,1,0,-0.25,0.851063829787234,0.4002659574468085,0,-0.5,0,0,0,0,-0.1,0,-0.15231167440199928,-0.11764705882352941,-0.13497936661276433
2023-wimbledon-1701,00:52:06,0,0.0,1.0,0.5,-1,1.0,0.3,0,0,0,-0.2,0.7943262411347518,0.14858156028368796,0,-0.5,0,0,1,0,0.1,0,-0.05867164788085887,-0.029411764705882353,-0.04404170629337061
2023-wimbledon-1701,00:52:49,0,0.0,1.0,0.6,-2,1.0,0.12000000000000002,0,1,0,-0.16666666666666666,0.8652482269503546,0.424645390070922,0,-1.0,0,0,0,0,-0.2,0,-0.2387476411485694,-0.23529411764705882,-0.2370208793978141
2023-wimbledon-1701,00:53:31,0,0.0,1.0,0.5,-2,0.3333333333333333,-0.03333333333333334,0,1,0,-0.14285714285714285,0.8156028368794326,0.41818642350557245,0,-1.0,0,0,0,0,-0.2,0,-0.11099352272147703,-0.11764705882352941,-0.11432029077250322
2023-wimbledon-1701,00:54:08,0,0.0,1.0,0.42857142857142855,-3,0.3333333333333333,-0.24761904761904763,0,0,0,-0.125,0.6524822695035462,0.13187056737588654,0,-1.5,0,0,0,0,-0.3,0,-0.2588425052277248,-0.4117647058823529,-0.33530360555503885
2023-wimbledon-1701,00:56:40,0,0.0,0.6666666666666666,0.0,0,0.0,0.2222222222222222,0,1,0,0.0,0.7730496453900709,0.591016548463357,0,-0.0,0,0,1,0,0.2,0,-0.14908578568878464,-0.11764705882352941,-0.13336642225615702
2023-wimbledon-1701,00:57:17,0,0.0,0.6666666666666666,1.0,0,0.0,0.41666666666666663,0,0,0,0.0,0.7730496453900709,0.2576832151300236,0,-0.0,0,0,1,0,0.2,0,-0.22331310246340594,-0.1764705882352941,-0.19989184534935
2023-wimbledon-1701,00:58:25,0,0.0,0.6666666666666666,1.0,-1,0.0,0.16666666666666663,0,0,0,0.0,0.6524822695035462,0.21749408983451538,0,-0.5,0,0,0,0,-0.1,0,-0.09697429489468047,-0.08823529411764705,-0.09260479450616377
2023-wimbledon-1701,00:59:14,0,0.0,0.6666666666666666,0.6666666666666666,-1,0.0,0.08333333333333331,0,1,0,0.0,0.8581560283687943,0.6193853427895981,0,-0.5,0,0,0,0,-0.1,0,-0.027624062834701896,-0.029411764705882353,-0.028517913770292124
2023-wimbledon-1701,01:00:04,0,0.0,0.6666666666666666,0.5,-1,0.0,0.04166666666666663,0,0,0,0.0,0.7021276595744681,0.23404255319148937,0,-0.5,0,0,1,0,0.1,0,-0.04772530218799408,-0.058823529411764705,-0.05327441579987939
2023-wimbledon-1701,01:01:00,0,0.0,0.6666666666666666,0.6,-2,0.0,-0.18333333333333335,0,1,0,0.0,0.8368794326241135,0.6122931442080378,0,-1.0,0,0,0,0,-0.2,0,-0.7695720915999389,-0.8529411764705882,-0.8112566340352636
2023-wimbledon-1701,01:02:27,0,0.0,0.6666666666666666,0.5,-2,0.0,-0.16666666666666669,0,1,0,0.0,0.7801418439716312,0.5933806146572104,0,-1.0,0,0,0,0,-0.2,0,-0.15084536135053808,-0.14705882352941177,-0.14895209243997493
2023-wimbledon-1701,01:03:10,0,0.0,0.6666666666666666,0.42857142857142855,-2,0.0,-0.18095238095238098,0,1,0,0.0,0.8652482269503546,0.6217494089834515,0,-1.0,0,0,0,0,-0.2,0,-0.034298974855918804,-0.029411764705882353,-0.031855369780900575
2023-wimbledon-1701,01:03:48,0,0.0,0.5,0.0,-1,0.0,-0.16666666666666666,0,0,0,0.0,0.7446808510638298,0.18617021276595744,0,-0.5,0,0,0,0,-0.1,0,-0.24822129851583621,-0.29411764705882354,-0.2711694727873299
2023-wimbledon-1701,01:04:49,0,0.0,0.5,0.0,-1,0.0,-0.125,0,1,0,0.0,0.8936170212765957,0.4734042553191489,0,-0.5,0,0,1,1,0.3,0,-0.04367062783699699,-0.029411764705882353,-0.036541196271439674
2023-wimbledon-1701,01:05:15,0,0.0,0.5,0.5,-1,0.0,0.0,0,1,0,0.0,0.8014184397163121,0.45035460992907805,0,-0.5,0,0,1,0,0.1,0,-0.059066914877339734,-0.08823529411764705,-0.07365110449749339
2023-wimbledon-1701,01:05:42,0,0.0,0.5,0.6666666666666666,-1,1.0,0.2333333333333333,0,1,0,0.0,0.8936170212765957,0.4734042553191489,0,-0.5,1,0,1,0,0.3,0,-0.18312974957923192,-0.20588235294117646,-0.1945060512602042
2023-wimbledon-1701,01:06:16,0,0.0,0.5,0.75,-1,1.0,0.25,0,1,0,0.0,0.9361702127659575,0.48404255319148937,0,-0.5,0,0,0,0,-0.1,0,-0.04138827969602693,-0.058823529411764705,-0.05010590455389582
2023-wimbledon-1701,01:06:42,0,0.0,0.5,0.6,-1,0.5,0.12000000000000002,0,1,0,0.0,0.9078014184397163,0.4769503546099291,0,-0.5,0,0,0,0,-0.1,0,-0.27349288519406334,-0.29411764705882354,-0.2838052661264434
2023-wimbledon-1701,01:07:32,0,0.0,0.5,0.5,-1,0.5,0.1,0,1,0,0.0,0.8226950354609929,0.4556737588652482,0,-0.5,1,0,1,1,0.5,0,-0.13771867190289183,-0.14705882352941177,-0.1423887477161518
2023-wimbledon-1701,01:08:08,0,0.0,0.5,0.5714285714285714,-1,0.5,0.11428571428571428,0,1,0,0.0,0.8723404255319149,0.46808510638297873,0,-0.5,0,0,0,0,-0.1,0,-0.06606059060539604,-0.11764705882352941,-0.09185382471446273
2023-wimbledon-1701,01:08:35,0,0.0,0.5,0.5,-1,0.5,0.1,0,0,0,0.0,0.8794326241134752,0.2198581560283688,0,-0.5,0,0,1,0,0.1,0,-0.02077064313765492,-0.029411764705882353,-0.025091203921768637
2023-wimbledon-1701,01:09:18,0,0.0,0.5,0.5714285714285714,-1,0.5,0.11428571428571428,0,1,0,0.0,0.8156028368794326,0.45390070921985815,0,-0.5,0,0,1,0,0.1,0,-0.07756796042229816,-0.08823529411764705,-0.0829016272699726
2023-wimbledon-1701,01:11:20,0,0.0,0.6,0.0,0,0.0,0.19999999999999998,0,1,0,0.0,0.8652482269503546,0.6217494089834515,0,-0.0,0,0,1,1,0.4,0,-0.4242744938032335,-0.5294117647058824,-0.47684312925455796
2023-wimbledon-1701,01:12:26,0,0.0,0.6,1.0,0,0.0,0.4,0,0,0,0.0,0.6737588652482269,0.22458628841607564,0,-0.0,0,0,1,1,0.4,0,-0.18722267557504974,-0.29411764705882354,-0.24067016131693664
2023-wimbledon-1701,01:13:52,0,0.0,0.6,1.0,0,0.0,0.4,0,0,0,0.0,0.7163120567375887,0.23877068557919623,0,-0.0,0,0,0,0,0.0,0,-0.03067781914622329,-0.029411764705882353,-0.03004479192605282
2023-wimbledon-1701,01:14:39,0,0.0,0.6,0.6666666666666666,0,0.0,0.31666666666666665,0,1,0,0.0,0.8156028368794326,0.6052009456264775,0,-0.0,0,0,0,0,0.0,0,-0.06524455551588719,-0.08823529411764705,-0.07673992481676711
2023-wimbledon-1701,01:15:16,0,0.0,0.6,0.5,0,0.0,0.275,0,0,0,0.0,0.5957446808510638,0.19858156028368792,0,-0.0,0,0,0,0,0.0,0,-0.04323073392155863,-0.029411764705882353,-0.036321249313720494
2023-wimbledon-1701,01:16:02,0,0.0,0.6,0.4,0,0.0,0.25,0,1,0,0.0,0.8794326241134752,0.6264775413711584,0,-0.0,0,0,0,0,0.0,0,-0.03868516346202887,-0.029411764705882353,-0.03404846408395561
2023-wimbledon-1701,01:16:45,0,0.0,0.5,0.0,0,1.0,0.375,0,0,0,0.0,0.7730496453900709,0.19326241134751773,0,-0.0,1,0,1,1,0.6,0,-0.14112944356607335,-0.20588235294117646,-0.1735058982536249
2023-wimbledon-1701,01:17:34,0,0.0,0.5,1.0,0,1.0,0.5,0,1,0,0.0,0.9148936170212766,0.4787234042553191,0,-0.0,0,0,1,1,0.4,0,-0.4330532462895905,-0.3235294117647059,-0.37829132902714824
2023-wimbledon-1701,01:18:29,0,0.0,0.5,1.0,0,1.0,0.5,0,0,0,0.0,0.7092198581560284,0.1773049645390071,0,-0.0,0,0,1,1,0.4,0,-0.0494019992859693,-0.08823529411764705,-0.06881864670180818
2023-wimbledon-1701,01:19:11,0,0.0,0.5,1.0,0,1.0,0.5,0,1,1,0.0,0.8439716312056738,0.7109929078014184,0,-0.0,0,0,1,1,0.4,0,-0.00442444025093079,-0.029411764705882353,-0.016918102478406572
2023-wimbledon-1701,01:21:22,0,0.0,0.5714285714285714,0.0,0,0.0,0.19047619047619047,0,0,0,0.0,0.7375886524822695,0.2458628841607565,0,-0.0,0,0,0,0,0.0,0,-0.06508517366246748,-0.08823529411764705,-0.07666023389005727
2023-wimbledon-1701,01:22:31,0,0.0,0.5714285714285714,0.0,0,0.0,0.14285714285714285,0,1,0,0.0,0.8156028368794326,0.6052009456264775,0,-0.0,0,0,1,0,0.2,0,-0.3029084000612026,-0.3529411764705882,-0.32792478826589544
2023-wimbledon-1701,01:23:20,0,0.0,0.5714285714285714,0.5,0,0.0,0.26785714285714285,0,0,0,0.0,0.6453900709219859,0.21513002364066194,0,-0.0,0,0,0,0,0.0,0,-0.22831769266078444,-0.2647058823529412,-0.2465117875068628
2023-wimbledon-1701,01:24:23,0,0.0,0.5714285714285714,0.3333333333333333,0,0.0,0.22619047619047616,0,0,0,0.0,0.624113475177305,0.20803782505910165,0,-0.0,0,0,0,0,0.0,0,-0.08407711531595859,-0.08823529411764705,-0.08615620471680283
2023-wimbledon-1701,01:25:13,0,0.0,0.5714285714285714,0.25,-1,0.0,-0.04464285714285715,0,0,0,0.0,0.6453900709219859,0.21513002364066194,0,-0.5,0,0,0,0,-0.1,0,-0.0381942673534962,-0.029411764705882353,-0.03380301602968928
2023-wimbledon-1701,01:26:03,0,0.0,0.5,0.0,-1,0.0,-0.16666666666666666,0,1,0,0.0,0.8794326241134752,0.4698581560283688,0,-0.5,0,0,0,0,-0.1,0,-0.03274340796654256,-0.058823529411764705,-0.04578346868915363
2023-wimbledon-1701,01:26:31,0,0.0,0.5,0.0,-1,0.0,-0.125,0,0,0,0.0,0.7659574468085106,0.19148936170212766,0,-0.5,0,0,1,1,0.3,0,-0.13906385474575406,-0.20588235294117646,-0.17247310384346526
2023-wimbledon-1701,01:28:01,0,0.0,0.5,0.5,-1,0.0,0.0,0,1,1,0.0,0.8226950354609929,0.7056737588652482,0,-0.5,0,0,1,1,0.3,0,-0.0290393736930688,-0.029411764705882353,-0.029225569199475575
2023-wimbledon-1701,01:28:26,0,0.0,0.5,0.6666666666666666,-1,0.0,0.04166666666666663,0,1,1,0.0,0.8085106382978723,0.7021276595744681,0,-0.5,0,0,1,0,0.1,0,-0.1558435762737798,-0.14705882352941177,-0.15145119990159578
2023-wimbledon-1701,01:29:17,0,0.0,0.5,0.75,-1,0.0,0.0625,0,0,1,0.0,0.7730496453900709,0.44326241134751776,0,-0.5,0,0,1,0,0.1,0,-0.0448755546488499,-0.029411764705882353,-0.03714365967736613
2023-wimbledon-1701,01:31:34,0,0.0,0.5555555555555556,0.0,0,0.0,0.1851851851851852,0,1,0,0.0,0.8865248226950354,0.6288416075650117,0,-0.0,0,0,1,0,0.2,0,-0.06259244147498343,-0.058823529411764705,-0.060707985443374066
2023-wimbledon-1701,01:32:06,0,0.0,0.5555555555555556,1.0,-1,0.0,0.11111111111111112,0,1,0,0.0,0.8439716312056738,0.6146572104018913,0,-0.5,0,0,0,0,-0.1,0,-0.14597465191003212,-0.14705882352941177,-0.14651673771972196
2023-wimbledon-1701,01:32:50,0,0.0,0.5555555555555556,0.5,-1,0.0,0.011111111111111117,0,1,0,0.0,0.7730496453900709,0.591016548463357,0,-0.5,0,0,0,0,-0.1,0,-0.2442622532768909,-0.08823529411764705,-0.16624877369726898
2023-wimbledon-1701,01:33:21,0,0.0,0.5555555555555556,0.3333333333333333,-1,0.0,-0.022222222222222233,0,1,0,0.0,0.8156028368794326,0.6052009456264775,0,-0.5,0,0,1,0,0.1,0,-0.1983411536696078,-0.23529411764705882,-0.2168176356583333
2023-wimbledon-1701,01:35:06,0,0.0,0.5555555555555556,0.5,-2,0.0,-0.18888888888888888,0,1,0,0.0,0.8014184397163121,0.6004728132387708,0,-1.0,0,0,0,0,-0.2,0,-0.07288850920589586,-0.08823529411764705,-0.08056190166177146
2023-wimbledon-1701,01:35:40,0,0.0,0.5555555555555556,0.4,-2,0.0,-0.20888888888888885,0,1,0,0.0,0.8723404255319149,0.624113475177305,0,-1.0,0,0,1,0,0.0,0,-0.10007905339929618,-0.11764705882352941,-0.1088630561114128
2023-wimbledon-1701,01:36:21,0,0.0,0.5555555555555556,0.5,-3,0.0,-0.3888888888888889,0,1,0,0.0,0.8156028368794326,0.6052009456264775,0,-1.5,0,0,0,0,-0.3,0,-0.294212526138624,-0.38235294117647056,-0.33828273365754724
2023-wimbledon-1701,01:37:19,0,0.0,0.5555555555555556,0.42857142857142855,-3,0.0,-0.4031746031746032,0,0,0,0.0,0.6028368794326241,0.20094562647754136,0,-1.5,0,0,0,0,-0.3,0,-0.282309889325241,-0.2647058823529412,-0.2735078858390911
2023-wimbledon-1701,01:38:38,0,0.0,0.5,0.0,-1,0.0,-0.16666666666666666,0,0,0,0.0,0.75177304964539,0.1879432624113475,0,-0.5,0,0,0,0,-0.1,0,-0.09615188453103485,-0.11764705882352941,-0.10689947167728213
2023-wimbledon-1701,01:39:23,0,0.0,0.5,0.0,-1,0.0,-0.125,0,0,0,0.0,0.7163120567375887,0.17907801418439717,0,-0.5,0,0,1,0,0.1,0,-0.32622915285357273,-0.4411764705882353,-0.38370281172090404
2023-wimbledon-1701,01:40:32,0,0.0,0.5,0.5,-1,0.0,0.0,0,1,0,0.0,0.7801418439716312,0.4450354609929078,0,-0.5,0,0,1,0,0.1,0,-0.05218161880960882,-0.029411764705882353,-0.040796691757745585
2023-wimbledon-1701,01:41:01,0,0.0,0.5,0.6666666666666666,-1,0.0,0.04166666666666663,0,1,0,0.0,0.9361702127659575,0.48404255319148937,0,-0.5,0,0,1,0,0.1,0,-0.015447289233437038,-0.029411764705882353,-0.022429526969659695
2023-wimbledon-1701,01:41:28,0,0.0,0.5,0.75,-1,0.0,0.0625,0,1,0,0.0,0.8936170212765957,0.4734042553191489,0,-0.5,0,0,1,0,0.1,0,-0.07306064160758913,-0.029411764705882353,-0.05123620315673574
2023-wimbledon-1701,01:43:24,0,0.0,0.5454545454545454,0.0,0,0.0,0.1818181818181818,0,1,0,0.0,0.8652482269503546,0.6217494089834515,0,-0.0,0,0,0,0,0.0,0,-0.16815423063191717,-0.14705882352941177,-0.15760652708066447
2023-wimbledon-1701,01:44:03,0,0.0,0.5454545454545454,0.0,0,0.0,0.13636363636363635,0,0,0,0.0,0.0,0.0,0,-0.0,0,0,1,0,0.2,0,-0.07656704238282246,-0.0,-0.03828352119141123
2023-wimbledon-1701,01:45:02,0,0.0,0.5454545454545454,0.5,0,0.0,0.26136363636363635,0,0,0,0.0,0.7304964539007093,0.2434988179669031,0,-0.0,0,0,0,0,0.0,0,-0.028083082572550624,-0.029411764705882353,-0.028747423639216486
2023-wimbledon-1701,01:45:46,0,0.0,0.5454545454545454,0.3333333333333333,0,0.0,0.21969696969696967,0,1,0,0.0,0.8652482269503546,0.6217494089834515,0,-0.0,0,0,1,0,0.2,0,-0.36571760085683686,-0.23529411764705882,-0.30050585925194784
2023-wimbledon-1701,01:46:31,0,0.0,0.5454545454545454,0.5,0,0.0,0.26136363636363635,0,1,0,0.0,0.8723404255319149,0.624113475177305,0,-0.0,0,0,0,0,0.0,0,-0.13300734431580558,-0.029411764705882353,-0.08120955451084397
2023-wimbledon-1701,01:46:59,0,0.0,0.5454545454545454,0.4,0,0.0,0.23636363636363636,0,1,0,0.0,0.8581560283687943,0.6193853427895981,0,-0.0,0,0,0,0,0.0,0,-0.05878640281532106,-0.029411764705882353,-0.044099083760601704
2023-wimbledon-1701,01:47:38,0,0.0,0.5,0.0,-1,0.0,-0.16666666666666666,0,0,0,0.0,0.75177304964539,0.1879432624113475,0,-0.5,0,0,0,0,-0.1,0,-0.116163870046412,-0.11764705882352941,-0.11690546443497071
2023-wimbledon-1701,01:48:37,0,0.0,0.5,0.0,-1,0.0,-0.125,0,1,0,0.0,0.8368794326241135,0.4592198581560284,0,-0.5,0,0,0,0,-0.1,0,-0.09057989493548223,-0.029411764705882353,-0.05999582982068229
2023-wimbledon-1701,01:49:07,0,0.0,0.5,0.0,-1,0.0,-0.125,0,1,0,0.0,0.8794326241134752,0.4698581560283688,0,-0.5,0,0,0,0,-0.1,0,-0.048031315346559904,-0.029411764705882353,-0.03872154002622113
2023-wimbledon-1701,01:49:43,0,0.0,0.5,0.0,-1,0.0,-0.125,0,1,0,0.0,0.9078014184397163,0.4769503546099291,0,-0.5,0,0,1,0,0.1,0,-0.02490182077829347,-0.029411764705882353,-0.02715679274208791
2023-wimbledon-1701,01:50:07,0,0.0,0.5,0.25,-1,0.0,-0.0625,0,1,1,0.0,0.7730496453900709,0.6932624113475178,0,-0.5,0,0,1,1,0.3,0,-0.005610241240373336,-0.029411764705882353,-0.017511002973127843
2023-wimbledon-1701,01:50:45,0,0.0,0.5,0.4,-1,0.0,-0.024999999999999994,0,1,1,0.0,0.8723404255319149,0.7180851063829787,0,-0.5,0,0,1,0,0.1,0,-0.11143341663691539,-0.058823529411764705,-0.08512847302434004
2023-wimbledon-1701,01:51:49,0,0.0,0.5,0.5,-1,0.0,0.0,0,1,1,0.0,0.8652482269503546,0.7163120567375887,0,-0.5,0,0,0,0,-0.1,0,-0.16069515989187536,-0.14705882352941177,-0.15387699171064356
2023-wimbledon-1701,01:52:29,0,0.0,0.5,0.42857142857142855,-1,0.0,-0.01785714285714285,0,0,1,0.0,0.7163120567375887,0.42907801418439717,0,-0.5,0,0,1,1,0.3,0,-0.04593385015555669,-0.08823529411764705,-0.06708457213660188
2023-wimbledon-1701,01:53:15,0,0.0,0.5,0.5,-1,0.0,0.0,0,1,1,0.0,0.9078014184397163,0.7269503546099291,0,-0.5,0,0,1,1,0.3,0,-0.3130387106645586,-0.38235294117647056,-0.34769582592051457
2023-wimbledon-1701,01:54:58,0,0.0,0.5,0.5555555555555556,-1,0.0,0.013888888888888895,0,0,1,0.0,0.7943262411347518,0.44858156028368795,0,-0.5,0,0,0,0,-0.1,0,-0.125541898301627,-0.14705882352941177,-0.1363003609155194
2023-wimbledon-1701,01:56:00,0,0.0,0.5,0.5,-1,0.0,0.0,0,1,1,0.0,0.8581560283687943,0.7145390070921986,0,-0.5,0,0,0,0,-0.1,0,-0.359552710766563,-0.5,-0.4297763553832815
2023-wimbledon-1701,01:57:02,0,0.0,0.5,0.45454545454545453,-1,0.0,-0.011363636363636354,0,1,1,0.0,0.851063829787234,0.7127659574468085,0,-0.5,0,0,1,0,0.1,0,-0.14054291834548888,-0.08823529411764705,-0.11438910623156796
2023-wimbledon-1701,01:58:15,0,0.0,0.5,0.5,-1,0.0,0.0,0,0,1,0.0,0.6879432624113475,0.4219858156028369,0,-0.5,0,0,1,0,0.1,0,-0.06590758402611312,-0.08823529411764705,-0.07707143907188008
2023-wimbledon-1701,01:59:06,0,0.0,0.5,0.5384615384615384,-1,0.0,0.009615384615384581,0,1,1,0.0,0.8368794326241135,0.7092198581560284,0,-0.5,0,0,1,1,0.3,0,-0.03397383587494262,-0.058823529411764705,-0.04639868264335366
2023-wimbledon-1701,02:02:01,0,0.5,0.0,0.0,0,0.0,0.25,0,1,0,0.0,0.75177304964539,0.5839243498817966,0,-0.0,0,0,1,0,0.2,0,-0.09395241495384302,-0.058823529411764705,-0.07638797218280385
2023-wimbledon-1701,02:02:31,0,0.5,0.0,1.0,-1,0.0,0.16666666666666666,0,1,0,0.0,0.8581560283687943,0.6193853427895981,0,-0.5,0,0,0,0,-0.1,0,-0.30841026164125057,-0.38235294117647056,-0.34538160140886054
2023-wimbledon-1701,02:03:20,0,0.5,0.0,0.5,-1,0.0,0.0,0,1,0,0.0,0.7801418439716312,0.5933806146572104,0,-0.5,0,0,0,0,-0.1,0,-0.03927806395675014,-0.029411764705882353,-0.03434491433131624
2023-wimbledon-1701,02:04:02,0,0.5,0.0,0.3333333333333333,-1,0.0,-0.05555555555555558,0,1,0,0.0,0.8723404255319149,0.624113475177305,0,-0.5,0,0,1,1,0.3,0,-0.13708751976334982,-0.1764705882352941,-0.15677905399932196
2023-wimbledon-1701,02:04:40,0,0.5,0.0,0.5,-1,1.0,0.25,0,1,0,0.0,0.7730496453900709,0.591016548463357,0,-0.5,1,0,1,0,0.3,0,-0.39250012750548274,-0.29411764705882354,-0.34330888728215314
2023-wimbledon-1701,02:05:29,0,0.5,0.0,0.6,-2,1.0,0.025000000000000022,0,0,0,0.0,0.6453900709219859,0.21513002364066194,0,-1.0,0,0,0,0,-0.2,0,-0.03909955628092008,-0.029411764705882353,-0.034255660493401216
2023-wimbledon-1701,02:06:14,0,0.5,0.0,0.5,-2,1.0,0.0,0,1,0,0.0,0.8865248226950354,0.6288416075650117,0,-1.0,0,0,1,1,0.2,0,-0.2559991329627174,-0.3529411764705882,-0.30447015471665284
2023-wimbledon-1701,02:07:43,0,0.5,0.0,0.5714285714285714,-2,1.0,0.01785714285714285,0,0,0,0.0,0.5886524822695035,0.1962174940898345,0,-1.0,0,1,1,0,0.2,0,-0.11073851175600552,-0.11764705882352941,-0.11419278528976747
2023-wimbledon-1701,02:09:21,0,0.5,1.0,0.0,-1,0.0,0.16666666666666666,0,1,0,0.0,0.8014184397163121,0.45035460992907805,0,-0.5,0,0,0,0,-0.1,0,-0.5282042127811496,-0.5294117647058824,-0.528807988743516
2023-wimbledon-1701,02:10:13,0,0.5,1.0,0.0,-1,0.0,0.125,0,1,0,0.0,0.851063829787234,0.4627659574468085,0,-0.5,0,0,1,0,0.1,0,-0.03901667771714184,-0.029411764705882353,-0.034214221211512096
2023-wimbledon-1701,02:10:37,0,0.5,1.0,0.5,-1,0.0,0.25,0,1,0,0.0,0.851063829787234,0.4627659574468085,0,-0.5,0,0,1,0,0.1,0,-0.030142296118733106,-0.029411764705882353,-0.02977703041230773
2023-wimbledon-1701,02:11:03,0,0.5,1.0,0.6666666666666666,-1,0.0,0.29166666666666663,0,0,0,0.0,0.6453900709219859,0.16134751773049646,0,-0.5,0,0,1,0,0.1,0,-0.08159075840261132,-0.08823529411764705,-0.08491302626012918
2023-wimbledon-1701,02:11:49,0,0.5,1.0,0.75,-2,0.0,0.0625,0,0,0,0.0,0.6808510638297872,0.1702127659574468,0,-1.0,0,0,0,0,-0.2,0,-0.11344800326414037,-0.11764705882352941,-0.11554753104383489
2023-wimbledon-1701,02:12:32,0,0.5,1.0,0.6,-2,0.0,0.025000000000000022,0,1,0,0.0,0.8936170212765957,0.4734042553191489,0,-1.0,0,0,1,0,0.0,0,-0.03788825419493038,-0.029411764705882353,-0.03365000945040637
2023-wimbledon-1701,02:13:01,0,0.5,1.0,0.0,0,0.0,0.5,0,1,0,0.0,0.851063829787234,0.6170212765957447,0,-0.0,0,0,0,0,0.0,0,-0.03626893456418626,-0.029411764705882353,-0.03284034963503431
2023-wimbledon-1701,02:13:21,0,0.5,1.0,0.0,0,1.0,0.5,0,1,0,0.0,0.851063829787234,0.6170212765957447,0,-0.0,1,0,1,1,0.6,0,-0.3770719640944561,-0.47058823529411764,-0.42383009969428687
2023-wimbledon-1701,02:14:16,0,0.5,1.0,0.5,0,1.0,0.6,0,1,0,0.0,0.851063829787234,0.6170212765957447,0,-0.0,0,0,1,0,0.2,0,-0.14190722701076147,-0.1764705882352941,-0.1591889076230278
2023-wimbledon-1701,02:14:54,0,0.5,1.0,0.6666666666666666,0,0.5,0.5333333333333333,0,0,0,0.0,0.7163120567375887,0.23877068557919623,0,-0.0,0,0,0,0,0.0,0,-0.3228311317386648,-0.3235294117647059,-0.32318027175168534
2023-wimbledon-1701,02:16:00,0,0.5,1.0,0.5,0,0.5,0.5,0,1,0,0.0,0.8156028368794326,0.6052009456264775,0,-0.0,0,0,0,0,0.0,0,-0.06913984801346458,-0.029411764705882353,-0.04927580635967346
2023-wimbledon-1701,02:16:45,0,0.5,1.0,0.4,0,0.5,0.48,0,0,0,0.0,0.7730496453900709,0.2576832151300236,0,-0.0,0,0,0,0,0.0,0,-0.03934181669811802,-0.029411764705882353,-0.034376790702000184
2023-wimbledon-1701,02:19:00,0,0.5,0.6666666666666666,0.0,0,0.0,0.38888888888888884,0,1,0,0.0,0.8156028368794326,0.45390070921985815,0,-0.0,0,0,1,0,0.2,0,-0.22957999693986844,-0.3235294117647059,-0.2765547043522872
2023-wimbledon-1701,02:19:40,0,0.5,0.6666666666666666,1.0,-1,0.0,0.29166666666666663,0,1,0,0.0,0.8085106382978723,0.4521276595744681,0,-0.5,0,0,0,0,-0.1,0,-0.059341051665221606,-0.058823529411764705,-0.059082290538493155
2023-wimbledon-1701,02:20:07,0,0.5,0.6666666666666666,0.5,-2,0.0,-0.08333333333333337,0,1,0,0.0,0.8014184397163121,0.45035460992907805,0,-1.0,0,0,0,0,-0.2,0,-0.0985936145254246,-0.11764705882352941,-0.10812033667447701
2023-wimbledon-1701,02:20:41,0,0.5,0.6666666666666666,0.3333333333333333,-3,0.0,-0.37500000000000006,0,0,0,0.0,0.723404255319149,0.18085106382978725,0,-1.5,0,0,0,0,-0.3,0,-0.21199699087060744,-0.29411764705882354,-0.2530573189647155
2023-wimbledon-1701,02:21:37,0,0.5,0.6666666666666666,0.25,-3,0.0,-0.39583333333333337,0,0,0,0.0,0.723404255319149,0.18085106382978725,0,-1.5,0,0,1,0,-0.1,0,-0.1972764828887642,-0.2647058823529412,-0.2309911826208527
2023-wimbledon-1701,02:22:32,0,0.5,0.6666666666666666,0.4,-3,0.0,-0.3583333333333334,0,0,0,0.0,0.7943262411347518,0.19858156028368795,0,-1.5,0,0,1,1,0.1,0,-0.009728668332738308,-0.029411764705882353,-0.019570216519310332
2023-wimbledon-1701,02:23:42,0,0.5,0.6666666666666666,0.5,-3,1.0,-0.0666666666666667,0,0,0,0.0,0.6879432624113475,0.17198581560283688,0,-1.5,1,0,1,1,0.3,0,-0.07404243382465447,-0.08823529411764705,-0.08113886397115076
2023-wimbledon-1701,02:24:29,0,0.5,0.6666666666666666,0.5714285714285714,-3,1.0,-0.05238095238095242,0,1,0,0.0,0.9078014184397163,0.4769503546099291,0,-1.5,0,0,1,0,-0.1,0,-0.050154281634110266,-0.029411764705882353,-0.03978302316999631
2023-wimbledon-1701,02:26:08,0,0.5,0.75,0.0,0,0.0,0.4166666666666667,0,1,0,0.0,0.7730496453900709,0.591016548463357,0,-0.0,0,0,1,0,0.2,0,-0.07434844698322028,-0.058823529411764705,-0.0665859881974925
2023-wimbledon-1701,02:26:35,0,0.5,0.75,1.0,0,0.0,0.5625,0,0,0,0.0,0.7730496453900709,0.2576832151300236,0,-0.0,0,0,0,0,0.0,0,-0.03608405161421941,-0.029411764705882353,-0.03274790816005088
2023-wimbledon-1701,02:27:11,0,0.5,0.75,0.5,0,0.0,0.4375,0,0,0,0.0,0.6170212765957447,0.20567375886524822,0,-0.0,0,0,0,0,0.0,0,-0.07413168766256949,-0.08823529411764705,-0.08118349089010826
2023-wimbledon-1701,02:28:31,0,0.5,0.75,0.3333333333333333,0,0.0,0.31666666666666665,0,0,0,0.0,0.5957446808510638,0.19858156028368792,0,-0.0,0,0,0,0,0.0,0,-0.1424682511347988,-0.14705882352941177,-0.14476353733210529
2023-wimbledon-1701,02:29:41,0,0.5,0.75,0.25,0,0.6666666666666666,0.4333333333333333,0,0,0,0.0,0.6524822695035462,0.21749408983451538,0,-0.0,1,0,1,1,0.6,0,-0.08961722854082727,-0.11764705882352941,-0.10363214368217834
2023-wimbledon-1701,02:30:22,0,0.5,0.75,0.4,0,0.6666666666666666,0.46333333333333326,0,1,0,0.0,0.8368794326241135,0.6122931442080378,0,-0.0,0,0,1,0,0.2,0,-0.06753965420513082,-0.058823529411764705,-0.06318159180844776
2023-wimbledon-1701,02:30:52,0,0.5,0.75,0.5,0,0.6000000000000001,0.47000000000000003,0,0,0,0.0,0.6950354609929078,0.23167848699763594,0,-0.0,0,0,0,0,0.0,0,-0.05436833783852706,-0.08823529411764705,-0.07130181597808706
2023-wimbledon-1701,02:31:32,0,0.5,0.75,0.42857142857142855,0,0.6000000000000001,0.4557142857142857,0,0,0,0.0,0.6595744680851063,0.21985815602836878,0,-0.0,0,0,1,0,0.2,0,-0.3142691385729587,-0.3529411764705882,-0.33360515752177344
2023-wimbledon-1701,02:32:34,0,0.5,0.75,0.5,0,0.6000000000000001,0.47000000000000003,0,1,0,0.0,0.7801418439716312,0.5933806146572104,0,-0.0,0,0,0,0,0.0,0,-0.19579104401489264,-0.2647058823529412,-0.2302484631839169
2023-wimbledon-1701,02:33:15,0,0.5,0.75,0.42857142857142855,0,0.6000000000000001,0.4557142857142857,0,1,0,0.0,0.8156028368794326,0.6052009456264775,0,-0.0,0,0,1,0,0.2,0,-0.10952083439587902,-0.058823529411764705,-0.08417218190382186
2023-wimbledon-1701,02:34:06,0,0.5,0.75,0.5,0,0.6000000000000001,0.47000000000000003,0,1,0,0.0,0.851063829787234,0.6170212765957447,0,-0.0,0,0,1,0,0.2,0,-0.07688580608966186,-0.058823529411764705,-0.06785466775071328
2023-wimbledon-1701,02:34:44,0,0.5,0.75,0.5714285714285714,0,0.6000000000000001,0.4842857142857143,0,1,0,0.0,0.8652482269503546,0.6217494089834515,0,-0.0,0,0,0,0,0.0,0,-0.14747921660631408,-0.14705882352941177,-0.1472690200678629
2023-wimbledon-1701,02:35:17,0,0.5,0.75,0.5,0,0.6000000000000001,0.47000000000000003,0,0,0,0.0,0.7446808510638298,0.24822695035460993,0,-0.0,0,0,0,0,0.0,0,-0.12493624725863213,-0.20588235294117646,-0.1654093000999043
2023-wimbledon-1701,02:36:24,0,0.5,0.75,0.42857142857142855,0,0.6000000000000001,0.4557142857142857,0,1,0,0.0,0.7730496453900709,0.591016548463357,0,-0.0,0,0,1,0,0.2,0,-0.10786963839445098,-0.11764705882352941,-0.1127583486089902
2023-wimbledon-1701,02:38:07,0,0.5,0.75,0.5,0,0.6000000000000001,0.47000000000000003,0,0,0,0.0,0.0,0.0,0,-0.0,0,0,1,0,0.2,0,-0.030862702096190138,-0.0,-0.015431351048095069
2023-wimbledon-1701,02:38:49,0,0.5,0.75,0.5714285714285714,0,0.6000000000000001,0.4842857142857143,0,1,0,0.0,0.8368794326241135,0.6122931442080378,0,-0.0,0,0,0,0,0.0,0,-0.17011143979191107,-0.20588235294117646,-0.18799689636654376
2023-wimbledon-1701,02:39:29,0,0.5,0.75,0.5,0,0.5714285714285714,0.46428571428571425,0,1,0,0.0,0.851063829787234,0.6170212765957447,0,-0.0,0,0,0,0,0.0,0,-0.2081845769368083,-0.20588235294117646,-0.20703346493899238
2023-wimbledon-1701,02:40:07,0,0.5,0.75,0.42857142857142855,0,0.5714285714285714,0.45,0,0,0,0.0,0.6312056737588653,0.21040189125295508,0,-0.0,0,0,1,0,0.2,0,-0.061049625133880764,-0.058823529411764705,-0.059936577272822734
2023-wimbledon-1701,02:41:01,0,0.5,0.75,0.5,0,0.5714285714285714,0.46428571428571425,0,0,0,0.0,0.7872340425531915,0.2624113475177305,0,-0.0,0,0,1,0,0.2,0,-0.3183875656653236,-0.4117647058823529,-0.36507613577383824
2023-wimbledon-1701,02:42:05,0,0.5,0.75,0.5714285714285714,0,0.5555555555555556,0.4753968253968254,0,1,0,0.0,0.8297872340425532,0.6099290780141844,0,-0.0,0,0,0,0,0.0,0,-0.09826847554444841,-0.08823529411764705,-0.09325188483104774
2023-wimbledon-1701,02:42:38,0,0.5,0.75,0.5,-1,0.5555555555555556,0.2611111111111111,0,1,0,0.0,0.8652482269503546,0.6217494089834515,0,-0.5,0,0,0,0,-0.1,0,-0.1358379660325394,-0.14705882352941177,-0.1414483947809756
2023-wimbledon-1701,02:43:11,0,0.5,0.75,0.42857142857142855,-1,0.5555555555555556,0.24682539682539684,0,1,0,0.0,0.851063829787234,0.6170212765957447,0,-0.5,0,0,1,0,0.1,0,-0.25297725302187996,-0.29411764705882354,-0.27354745004035175
2023-wimbledon-1701,02:44:03,0,0.5,0.75,0.5,-1,0.5555555555555556,0.2611111111111111,0,0,0,0.0,0.6595744680851063,0.21985815602836878,0,-0.5,0,0,1,0,0.1,0,-0.20626561942163513,-0.23529411764705882,-0.22077986853434697
2023-wimbledon-1701,02:45:06,0,0.5,0.75,0.5714285714285714,-1,0.5454545454545454,0.2733766233766234,0,1,0,0.0,0.8652482269503546,0.6217494089834515,0,-0.5,0,0,0,0,-0.1,0,-0.11551359208445963,-0.08823529411764705,-0.10187444310105334
2023-wimbledon-1701,02:45:39,0,0.5,0.75,0.5,-1,0.5833333333333333,0.26666666666666666,0,0,0,0.0,0.7872340425531915,0.2624113475177305,0,-0.5,0,0,1,0,0.1,0,-0.1553016779721528,-0.11764705882352941,-0.1364743683978411
2023-wimbledon-1701,02:46:35,0,0.5,0.75,0.5714285714285714,-1,0.5833333333333333,0.28095238095238095,0,1,0,0.0,0.851063829787234,0.6170212765957447,0,-0.5,0,0,0,0,-0.1,0,-0.055401132248686695,-0.029411764705882353,-0.042406448477284524
2023-wimbledon-1701,02:47:01,0,0.5,0.75,0.5,-1,0.5833333333333333,0.26666666666666666,0,1,0,0.0,0.8368794326241135,0.6122931442080378,0,-0.5,0,0,1,0,0.1,0,-0.2108558168001224,-0.23529411764705882,-0.2230749672235906
2023-wimbledon-1701,02:47:47,0,0.5,0.75,0.5714285714285714,-1,0.5833333333333333,0.28095238095238095,0,0,0,0.0,0.7588652482269503,0.25295508274231676,0,-0.5,0,0,0,0,-0.1,0,-0.0812847452440455,-0.029411764705882353,-0.05534825497496393
2023-wimbledon-1701,02:48:55,0,0.5,0.75,0.5,-2,0.5833333333333333,0.06666666666666665,0,0,0,0.0,0.723404255319149,0.24113475177304966,0,-1.0,0,0,0,0,-0.2,0,-0.2138585709185495,-0.2647058823529412,-0.23928222663574533
2023-wimbledon-1701,02:50:04,0,0.5,0.75,0.42857142857142855,-2,0.6153846153846154,0.058791208791208804,0,0,0,0.0,0.7163120567375887,0.23877068557919623,0,-1.0,0,0,1,1,0.2,0,-0.2625401642270618,-0.29411764705882354,-0.27832890564294266
2023-wimbledon-1701,02:51:11,0,0.5,0.75,0.5,-2,0.6153846153846154,0.07307692307692308,0,1,0,0.0,0.8014184397163121,0.6004728132387708,0,-1.0,0,0,1,0,0.0,0,-0.33037945631662163,-0.29411764705882354,-0.3122485516877226
2023-wimbledon-1701,02:52:06,0,0.5,0.75,0.5714285714285714,-2,0.6153846153846154,0.08736263736263736,0,1,0,0.0,0.8723404255319149,0.624113475177305,0,-1.0,0,1,1,0,0.2,0,-0.05663793543122354,-0.058823529411764705,-0.057730732421494124
2023-wimbledon-1701,02:54:24,0,0.5,0.8,0.0,0,0.0,0.43333333333333335,0,1,0,0.0,0.9148936170212766,0.4787234042553191,0,-0.0,0,0,1,0,0.2,0,-0.05348217473351354,-0.029411764705882353,-0.04144696971969795
2023-wimbledon-1701,02:54:45,0,0.5,0.8,1.0,0,0.0,0.575,0,1,0,0.0,0.8439716312056738,0.46099290780141844,0,-0.0,0,0,1,0,0.2,0,-0.1461404090375886,-0.14705882352941177,-0.14659961628350018
2023-wimbledon-1701,02:55:21,0,0.5,0.8,1.0,0,0.0,0.575,0,1,0,0.0,0.8085106382978723,0.4521276595744681,0,-0.0,0,0,1,0,0.2,0,-0.023881776916407405,-0.029411764705882353,-0.02664677081114488
2023-wimbledon-1701,02:55:41,0,0.5,0.8,1.0,0,0.0,0.575,0,1,0,0.0,0.851063829787234,0.4627659574468085,0,-0.0,0,0,0,0,0.0,0,-0.042605957056153415,-0.058823529411764705,-0.05071474323395906
2023-wimbledon-1701,02:56:03,0,0.5,0.8,0.75,0,0.0,0.5125,0,0,0,0.0,0.7943262411347518,0.19858156028368795,0,-0.0,0,0,1,0,0.2,0,-0.0679221706533381,-0.029411764705882353,-0.04866696767961022
2023-wimbledon-1701,02:57:04,0,0.5,0.8333333333333334,0.0,0,0.0,0.4444444444444445,0,1,0,0.0,0.7872340425531915,0.5957446808510638,0,-0.0,0,0,1,1,0.4,0,-0.06931198041515785,-0.11764705882352941,-0.09347951961934363
2023-wimbledon-1701,02:57:28,0,0.5,0.8333333333333334,1.0,0,0.0,0.5833333333333334,0,0,0,0.0,0.7659574468085106,0.2553191489361702,0,-0.0,0,0,1,1,0.4,0,-0.03226526240628347,-0.058823529411764705,-0.04554439590902409
2023-wimbledon-1701,02:58:04,0,0.5,0.8333333333333334,1.0,0,0.0,0.5833333333333334,0,1,0,0.0,0.8368794326241135,0.6122931442080378,0,-0.0,0,0,1,0,0.2,0,-0.07955704595297597,-0.058823529411764705,-0.06919028768237034
2023-wimbledon-1701,02:58:24,0,0.5,0.8333333333333334,1.0,0,0.0,0.4666666666666667,0,1,0,0.0,0.8439716312056738,0.6146572104018913,0,-0.0,0,0,0,0,0.0,0,-0.03160223389605753,-0.029411764705882353,-0.03050699930096994
2023-wimbledon-1701,02:58:42,0,0.5,0.8333333333333334,0.75,0,0.0,0.4166666666666667,0,1,0,0.0,0.8581560283687943,0.6193853427895981,0,-0.0,0,1,1,1,0.6,0,-0.07176646095782119,-0.11764705882352941,-0.0947067598906753
2023-wimbledon-1701,03:06:09,0,0.6666666666666666,0.0,0.0,0,0.0,0.3333333333333333,0,1,0,0.0,0.8226950354609929,0.4556737588652482,0,-0.0,0,0,0,0,0.0,0,-0.10880680369255878,-0.11764705882352941,-0.11322693125804409
2023-wimbledon-1701,03:06:36,0,0.6666666666666666,0.0,0.0,-1,0.0,-0.11111111111111112,0,0,0,-0.5,0.0,-0.16666666666666666,0,-0.5,0,0,0,0,-0.1,0,-0.024175039526699648,-0.0,-0.012087519763349824
2023-wimbledon-1701,03:07:16,0,0.6666666666666666,0.0,0.0,-1,0.0,-0.11111111111111112,0,1,0,-0.3333333333333333,0.9219858156028369,0.3971631205673759,0,-0.5,0,0,1,0,0.1,0,-0.03525526597643699,-0.029411764705882353,-0.03233351534115967
2023-wimbledon-1701,03:07:56,0,0.6666666666666666,0.0,0.3333333333333333,-1,0.0,0.0,0,1,0,-0.25,0.9078014184397163,0.4144503546099291,0,-0.5,0,0,1,0,0.1,0,-0.11550721681032283,-0.14705882352941177,-0.13128302016986731
2023-wimbledon-1701,03:08:31,0,0.6666666666666666,0.0,0.5,-1,1.0,0.29166666666666663,0,1,0,-0.2,0.8368794326241135,0.40921985815602835,0,-0.5,1,0,1,0,0.3,0,-0.23035778038455657,-0.14705882352941177,-0.18870830195698418
2023-wimbledon-1701,03:09:09,0,0.6666666666666666,0.0,0.6,-1,1.0,0.31666666666666665,0,1,0,-0.16666666666666666,0.8723404255319149,0.4264184397163121,0,-0.5,1,0,1,0,0.3,0,-0.05595578109858724,-0.029411764705882353,-0.042683772902234796
2023-wimbledon-1701,03:10:06,0,0.6666666666666666,1.0,0.0,0,0.0,0.5555555555555555,0,1,0,0.0,0.7659574468085106,0.5886524822695035,0,-0.0,0,0,1,0,0.2,0,-0.771790686999541,-0.3529411764705882,-0.5623659317350647
2023-wimbledon-1701,03:10:52,0,0.6666666666666666,1.0,1.0,0,0.0,0.6666666666666666,0,1,0,0.0,0.8723404255319149,0.624113475177305,0,-0.0,0,0,1,1,0.4,0,-0.08614270413627786,-0.058823529411764705,-0.07248311677402128
2023-wimbledon-1701,03:11:45,0,0.6666666666666666,1.0,1.0,0,0.0,0.5333333333333333,0,1,0,0.0,0.8581560283687943,0.6193853427895981,0,-0.0,0,0,0,0,0.0,0,-0.20062987708471464,-0.08823529411764705,-0.14443258560118083
2023-wimbledon-1701,03:12:16,0,0.6666666666666666,1.0,0.6666666666666666,0,0.0,0.4666666666666666,0,0,0,0.0,0.6382978723404256,0.2127659574468085,0,-0.0,0,0,1,1,0.4,0,-0.07259524659560361,-0.11764705882352941,-0.0951211527095665
2023-wimbledon-1701,03:13:16,0,0.6666666666666666,1.0,0.75,0,0.0,0.4833333333333333,0,0,0,0.0,0.7446808510638298,0.24822695035460993,0,-0.0,0,0,0,0,0.0,0,-0.1954404039373693,-0.14705882352941177,-0.17124961373339054
2023-wimbledon-1701,03:14:05,0,0.6666666666666666,1.0,0.6,0,0.0,0.4533333333333333,0,1,0,0.0,0.8297872340425532,0.6099290780141844,0,-0.0,0,0,0,0,0.0,0,-0.27560947620747694,-0.14705882352941177,-0.21133414986844434
2023-wimbledon-1701,03:14:43,0,0.6666666666666666,1.0,0.5,0,0.0,0.4333333333333333,0,1,0,0.0,0.8794326241134752,0.6264775413711584,0,-0.0,0,0,0,0,0.0,0,-0.262023767021982,-0.14705882352941177,-0.20454129527569687
2023-wimbledon-1701,03:15:18,0,0.6666666666666666,1.0,0.42857142857142855,0,0.0,0.419047619047619,0,0,0,0.0,0.7588652482269503,0.25295508274231676,0,-0.0,0,0,0,0,0.0,0,-0.05114244912531239,-0.029411764705882353,-0.04027710691559737
2023-wimbledon-1701,03:16:06,0,0.6666666666666666,0.5,0.0,0,0.0,0.38888888888888884,0,0,0,0.0,0.7872340425531915,0.19680851063829788,0,-0.0,0,0,1,0,0.2,0,-0.02455755597490692,-0.029411764705882353,-0.026984660340394637
2023-wimbledon-1701,03:16:43,0,0.6666666666666666,0.5,1.0,-1,0.0,0.29166666666666663,0,0,0,-0.5,0.0,-0.16666666666666666,0,-0.5,0,0,0,0,-0.1,0,-0.03626893456418626,-0.0,-0.01813446728209313
2023-wimbledon-1701,03:17:19,0,0.6666666666666666,0.5,0.5,-1,1.0,0.3333333333333333,0,1,0,-0.3333333333333333,0.8723404255319149,0.3847517730496454,0,-0.5,1,0,1,1,0.5,0,-0.0824450451369409,-0.14705882352941177,-0.11475193433317633
2023-wimbledon-1701,03:17:52,0,0.6666666666666666,0.5,0.6666666666666666,-1,1.0,0.3666666666666666,0,1,1,-0.25,0.8368794326241135,0.6467198581560284,0,-0.5,0,0,1,1,0.3,0,-0.0069235477125516405,-0.029411764705882353,-0.018167656209216995
2023-wimbledon-1701,03:18:16,0,0.6666666666666666,0.5,0.75,-1,1.0,0.3833333333333333,0,0,1,-0.2,0.8226950354609929,0.40567375886524826,0,-0.5,0,0,0,0,-0.1,0,-0.23536237058193502,-0.1764705882352941,-0.20591647940861457
2023-wimbledon-1701,03:19:10,0,0.6666666666666666,0.5,0.6,-1,1.0,0.35333333333333333,0,0,1,-0.16666666666666666,0.6950354609929078,0.3820921985815603,0,-0.5,0,0,0,0,-0.1,0,-0.0973759371652981,-0.11764705882352941,-0.10751149799441376
2023-wimbledon-1701,03:19:56,0,0.6666666666666666,0.5,0.5,-1,1.0,0.3333333333333333,0,1,1,-0.14285714285714285,0.9219858156028369,0.6947821681864235,0,-0.5,1,0,1,1,0.5,0,-0.10621844239302292,-0.14705882352941177,-0.12663863296121736
2023-wimbledon-1701,03:20:31,0,0.6666666666666666,0.5,0.5714285714285714,-2,1.0,0.1476190476190476,0,0,1,-0.25,0.0,0.25,0,-1.0,0,0,0,0,-0.2,0,-0.01869230376906207,-0.0,-0.009346151884531036
2023-wimbledon-1701,03:21:09,0,0.6666666666666666,0.5,0.5,-2,1.0,0.1333333333333333,0,1,2,-0.2222222222222222,0.8085106382978723,0.8965721040189125,0,-1.0,0,0,1,1,0.2,0,-0.00650277961952364,-0.029411764705882353,-0.017957272162702997
2023-wimbledon-1701,03:21:39,0,0.6666666666666666,0.5,0.5714285714285714,-2,1.0,0.1476190476190476,0,0,2,-0.2,0.6312056737588653,0.6078014184397164,0,-1.0,0,0,0,0,-0.2,0,-0.1295838221043505,-0.1764705882352941,-0.1530272051698223
2023-wimbledon-1701,03:22:27,0,0.6666666666666666,0.5,0.5,-2,1.0,0.1333333333333333,0,0,2,-0.18181818181818182,0.723404255319149,0.6353965183752418,0,-1.0,1,0,1,1,0.4,0,-0.310290967511603,-0.4411764705882353,-0.37573371904991915
2023-wimbledon-1701,03:23:33,0,0.6666666666666666,0.5,0.5714285714285714,-2,1.0,0.1476190476190476,0,1,2,-0.16666666666666666,0.8085106382978723,0.9104609929078014,0,-1.0,0,0,1,0,0.0,0,-0.10735961646350793,-0.08823529411764705,-0.09779745529057748
2023-wimbledon-1701,03:25:30,0,0.6666666666666666,0.6666666666666666,0.0,0,0.0,0.3333333333333333,0,1,0,0.0,0.8014184397163121,0.6004728132387708,0,-0.0,0,0,0,0,0.0,0,-0.2649818942214515,-0.3235294117647059,-0.2942556529930787
2023-wimbledon-1701,03:26:14,0,0.6666666666666666,0.6666666666666666,0.0,0,0.0,0.26666666666666666,0,1,0,0.0,0.7943262411347518,0.5981087470449172,0,-0.0,0,0,0,0,0.0,0,-0.0697646248788698,-0.029411764705882353,-0.04958819479237607
2023-wimbledon-1701,03:26:55,0,0.6666666666666666,0.6666666666666666,0.0,0,0.0,0.26666666666666666,0,0,0,0.0,0.6737588652482269,0.22458628841607564,0,-0.0,0,0,1,1,0.4,0,-0.2279160503901668,-0.29411764705882354,-0.26101684872449515
2023-wimbledon-1701,03:27:55,0,0.6666666666666666,0.6666666666666666,0.3333333333333333,0,0.0,0.3333333333333333,0,1,0,0.0,0.851063829787234,0.6170212765957447,0,-0.0,0,0,1,0,0.2,0,-0.2757178558678023,-0.1764705882352941,-0.2260942220515482
2023-wimbledon-1701,03:28:35,0,0.6666666666666666,0.6666666666666666,0.5,0,0.0,0.36666666666666664,0,0,0,0.0,0.6666666666666666,0.2222222222222222,0,-0.0,0,0,0,0,0.0,0,-0.06379736828683634,-0.08823529411764705,-0.07601633120224169
2023-wimbledon-1701,03:29:38,0,0.6666666666666666,0.6666666666666666,0.4,0,0.0,0.3466666666666667,0,1,0,0.0,0.8581560283687943,0.6193853427895981,0,-0.0,0,0,1,1,0.4,0,-0.21317641658591321,-0.1764705882352941,-0.19482350241060364
2023-wimbledon-1701,03:30:20,0,0.6666666666666666,0.6666666666666666,0.5,0,0.0,0.36666666666666664,0,0,0,0.0,0.6382978723404256,0.2127659574468085,0,-0.0,0,0,0,0,0.0,0,-0.16410593155505687,-0.14705882352941177,-0.1555823775422343
2023-wimbledon-1701,03:31:20,0,0.6666666666666666,0.6666666666666666,0.42857142857142855,0,0.0,0.35238095238095235,0,1,0,0.0,0.8297872340425532,0.6099290780141844,0,-0.0,0,0,0,0,0.0,0,-0.23371117458050697,-0.2647058823529412,-0.2492085284667241
2023-wimbledon-1701,03:32:08,0,0.6666666666666666,0.5,0.0,0,1.0,0.5416666666666666,0,0,0,0.0,0.7092198581560284,0.1773049645390071,0,-0.0,1,0,1,0,0.4,0,-0.17426174325495997,-0.14705882352941177,-0.16066028339218585
2023-wimbledon-1701,03:32:56,0,0.6666666666666666,0.5,1.0,0,0.5,0.5333333333333333,0,0,0,0.0,0.6666666666666666,0.16666666666666666,0,-0.0,0,0,0,0,0.0,0,-0.16549574131687664,-0.1764705882352941,-0.17098316477608538
2023-wimbledon-1701,03:33:46,0,0.6666666666666666,0.5,0.5,0,0.5,0.4333333333333333,0,1,0,0.0,0.8652482269503546,0.4663120567375887,0,-0.0,0,0,1,0,0.2,0,-0.0722892334370378,-0.08823529411764705,-0.08026226377734243
2023-wimbledon-1701,03:34:15,0,0.6666666666666666,0.5,0.6666666666666666,-1,0.3333333333333333,0.23333333333333325,0,1,0,0.0,0.8439716312056738,0.46099290780141844,0,-0.5,0,0,0,0,-0.1,0,-0.06079461416840924,-0.058823529411764705,-0.05980907179008697
2023-wimbledon-1701,03:34:49,0,0.6666666666666666,0.5,0.5,-1,0.3333333333333333,0.19999999999999996,0,1,0,0.0,0.8085106382978723,0.4521276595744681,0,-0.5,0,0,0,0,-0.1,0,-0.13211480593665528,-0.1764705882352941,-0.1542926970859747
2023-wimbledon-1701,03:35:30,0,0.6666666666666666,0.5,0.4,-1,0.3333333333333333,0.17999999999999994,0,0,0,0.0,0.7092198581560284,0.1773049645390071,0,-0.5,0,0,1,0,0.1,0,-0.12555464884990056,-0.08823529411764705,-0.1068949714837738
2023-wimbledon-1701,03:36:20,0,0.6666666666666666,0.5,0.5,-1,0.3333333333333333,0.19999999999999996,0,0,0,0.0,0.7872340425531915,0.19680851063829788,0,-0.5,0,0,0,0,-0.1,0,-0.0320931300045902,-0.058823529411764705,-0.04545832970817745
2023-wimbledon-1701,03:37:46,0,0.6666666666666666,0.5,0.42857142857142855,-1,0.4,0.19904761904761903,0,1,0,0.0,0.8936170212765957,0.4734042553191489,0,-0.5,1,0,1,1,0.5,0,-0.06678737185698985,-0.08823529411764705,-0.07751133298731845
2023-wimbledon-1701,03:38:20,0,0.6666666666666666,0.5,0.5,-1,0.4,0.2133333333333333,0,1,0,0.0,0.9219858156028369,0.4804964539007092,0,-0.5,0,0,0,0,-0.1,0,-0.08903707859437955,-0.11764705882352941,-0.10334206870895449
2023-wimbledon-1701,03:39:00,0,0.6666666666666666,0.5,0.42857142857142855,-2,0.3333333333333333,-0.014285714285714313,0,1,0,0.0,0.8652482269503546,0.4663120567375887,0,-1.0,0,0,0,0,-0.2,0,-0.19130285102259398,-0.23529411764705882,-0.2132984843348264
2023-wimbledon-1701,03:41:07,0,0.6666666666666666,0.4,0.0,-1,0.0,0.022222222222222216,0,1,0,0.0,0.8014184397163121,0.6004728132387708,0,-0.5,0,0,0,0,-0.1,0,-0.15396924567756415,-0.08823529411764705,-0.1211022698976056
2023-wimbledon-1701,03:41:33,0,0.6666666666666666,0.4,0.0,-1,0.0,0.016666666666666663,0,1,0,0.0,0.8723404255319149,0.624113475177305,0,-0.5,0,0,1,1,0.3,0,-0.18967078084357628,-0.23529411764705882,-0.21248244924531756
2023-wimbledon-1701,03:42:14,0,0.6666666666666666,0.4,0.5,-1,0.0,0.11333333333333333,0,1,0,0.0,0.8014184397163121,0.6004728132387708,0,-0.5,0,0,0,0,-0.1,0,-0.14932804610598255,-0.08823529411764705,-0.1187816701118148
2023-wimbledon-1701,03:42:43,0,0.6666666666666666,0.4,0.3333333333333333,-1,0.0,0.07999999999999999,0,0,0,0.0,0.7092198581560284,0.2364066193853428,0,-0.5,0,0,0,0,-0.1,0,-0.2915731626459938,-0.3235294117647059,-0.30755128720534985
2023-wimbledon-1701,03:43:42,0,0.6666666666666666,0.4,0.25,-1,0.0,0.06333333333333332,0,0,0,0.0,0.7730496453900709,0.2576832151300236,0,-0.5,0,0,1,1,0.3,0,-0.11795532207884939,-0.1764705882352941,-0.14721295515707175
2023-wimbledon-1701,03:44:35,0,0.6666666666666666,0.4,0.4,-1,0.0,0.09333333333333335,0,1,0,0.0,0.8156028368794326,0.6052009456264775,0,-0.5,0,0,0,0,-0.1,0,-0.08465726526240629,-0.029411764705882353,-0.057034514984144316
2023-wimbledon-1701,03:45:09,0,0.6666666666666666,0.3333333333333333,0.0,0,0.0,0.3333333333333333,0,1,0,0.0,0.8865248226950354,0.4716312056737588,0,-0.0,0,0,1,1,0.4,0,-0.062069668995766825,-0.08823529411764705,-0.07515248155670694
2023-wimbledon-1701,03:45:38,0,0.6666666666666666,0.3333333333333333,1.0,0,0.0,0.4,0,0,0,0.0,0.6737588652482269,0.16843971631205673,0,-0.0,0,0,0,0,0.0,0,-0.11045162441985006,-0.1764705882352941,-0.14346110632757209
2023-wimbledon-1701,03:46:36,0,0.6666666666666666,0.3333333333333333,0.5,0,0.0,0.3,0,1,0,0.0,0.8226950354609929,0.4556737588652482,0,-0.0,0,0,1,0,0.2,0,-0.022109450706380374,-0.029411764705882353,-0.025760607706131363
2023-wimbledon-1701,03:47:00,0,0.6666666666666666,0.3333333333333333,0.6666666666666666,0,0.0,0.3333333333333333,0,0,0,0.0,0.8581560283687943,0.21453900709219859,0,-0.0,0,0,1,0,0.2,0,-0.13854108226653747,-0.20588235294117646,-0.17221171760385695
2023-wimbledon-1701,03:47:46,0,0.6666666666666666,0.3333333333333333,0.75,0,0.0,0.35,0,1,1,0.0,0.7730496453900709,0.6932624113475178,0,-0.0,0,0,1,1,0.4,0,-0.005195848421482124,-0.029411764705882353,-0.017303806563682238
2023-wimbledon-1701,03:49:35,0,0.6666666666666666,0.42857142857142855,0.0,0,0.0,0.2738095238095238,0,1,0,0.0,0.8652482269503546,0.6217494089834515,0,-0.0,0,0,0,0,0.0,0,-0.09223109093691029,-0.08823529411764705,-0.09023319252727867
2023-wimbledon-1701,03:50:02,0,0.6666666666666666,0.42857142857142855,0.0,0,0.0,0.21904761904761902,0,0,0,0.0,0.6312056737588653,0.21040189125295508,0,-0.0,0,0,0,0,0.0,0,-0.28701484163819047,-0.2647058823529412,-0.27586036199556585
2023-wimbledon-1701,03:50:56,0,0.6666666666666666,0.42857142857142855,0.0,0,0.0,0.21904761904761902,0,1,0,0.0,0.7659574468085106,0.5886524822695035,0,-0.0,0,0,0,0,0.0,0,-0.09726118223083594,-0.08823529411764705,-0.09274823817424149
2023-wimbledon-1701,03:51:26,0,0.6666666666666666,0.42857142857142855,0.0,0,0.0,0.21904761904761902,0,1,0,0.0,0.851063829787234,0.6170212765957447,0,-0.0,0,0,0,0,0.0,0,-0.05394119447136227,-0.029411764705882353,-0.04167647958862231
2023-wimbledon-1701,03:52:02,0,0.6666666666666666,0.375,0.0,0,0.0,0.34722222222222215,0,1,0,0.0,0.8723404255319149,0.46808510638297873,0,-0.0,0,0,0,0,0.0,0,-0.11952363951649922,-0.11764705882352941,-0.11858534917001431
2023-wimbledon-1701,03:52:30,0,0.6666666666666666,0.375,0.0,-1,0.0,0.01041666666666663,0,0,0,-0.5,0.0,-0.16666666666666666,0,-0.5,0,0,0,0,-0.1,0,-0.00650277961952364,-0.0,-0.00325138980976182
2023-wimbledon-1701,03:53:13,0,0.6666666666666666,0.375,0.0,-1,0.0,0.01041666666666663,0,0,0,-0.3333333333333333,0.7375886524822695,0.10106382978723404,0,-0.5,0,0,0,0,-0.1,0,-0.05427908400061202,-0.058823529411764705,-0.05655130670618837
2023-wimbledon-1701,03:53:55,0,0.6666666666666666,0.375,0.0,-1,0.0,0.01041666666666663,0,1,0,-0.25,0.9078014184397163,0.4144503546099291,0,-0.5,0,0,1,0,0.1,0,-0.035593155505686744,-0.029411764705882353,-0.032502460105784545
2023-wimbledon-1701,03:54:19,0,0.6666666666666666,0.375,0.25,-2,0.0,-0.17708333333333337,0,0,0,-0.4,0.0,-0.13333333333333333,0,-1.0,0,0,0,0,-0.2,0,-0.024079410414647832,-0.0,-0.012039705207323916
2023-wimbledon-1701,03:57:11,0,0.5,0.0,0.0,0,0.0,0.25,0,0,0,0.0,0.6879432624113475,0.2293144208037825,0,-0.0,0,0,0,0,0.0,0,-0.15764777885449077,-0.14705882352941177,-0.15235330119195128
2023-wimbledon-1701,03:57:58,0,0.5,0.0,0.0,-1,0.0,-0.16666666666666666,0,0,0,0.0,0.6737588652482269,0.22458628841607564,0,-0.5,0,0,0,0,-0.1,0,-0.17886469118172083,-0.20588235294117646,-0.19237352206144864
2023-wimbledon-1701,03:59:07,0,0.5,0.0,0.0,-1,0.0,-0.16666666666666666,0,0,0,0.0,0.7730496453900709,0.2576832151300236,0,-0.5,0,0,1,1,0.3,0,-0.04928086907737033,-0.058823529411764705,-0.054052199244567514
2023-wimbledon-1701,03:59:51,0,0.5,0.0,0.3333333333333333,-1,1.0,0.20833333333333331,0,0,0,0.0,0.6524822695035462,0.21749408983451538,0,-0.5,1,0,1,1,0.5,0,-0.1187458560718111,-0.1764705882352941,-0.1476082221535526
2023-wimbledon-1701,04:00:47,0,0.5,0.0,0.5,-1,1.0,0.25,0,1,0,0.0,0.8723404255319149,0.624113475177305,0,-0.5,0,0,1,1,0.3,0,-0.08076834803896568,-0.11764705882352941,-0.09920770343124755
2023-wimbledon-1701,04:01:49,0,0.5,0.0,0.6,-1,1.0,0.275,0,1,0,0.0,0.8297872340425532,0.6099290780141844,0,-0.5,0,0,0,0,-0.1,0,-0.054757229560871125,-0.029411764705882353,-0.04208449713337674
2023-wimbledon-1701,04:02:19,0,0.5,0.0,0.5,-1,1.0,0.25,0,1,0,0.0,0.8794326241134752,0.6264775413711584,0,-0.5,0,0,0,0,-0.1,0,-0.0473491610139236,-0.029411764705882353,-0.03838046285990297
2023-wimbledon-1701,04:02:47,0,0.5,0.0,0.42857142857142855,-1,1.0,0.23214285714285715,0,0,0,0.0,0.8085106382978723,0.2695035460992908,0,-0.5,0,0,1,1,0.3,0,-0.3637476411485694,-0.4117647058823529,-0.38775617351546116
2023-wimbledon-1701,04:04:02,0,0.5,0.0,0.5,-1,1.0,0.25,0,1,0,0.0,0.8936170212765957,0.6312056737588653,0,-0.5,0,0,0,0,-0.1,0,-0.013630336104452492,-0.029411764705882353,-0.02152105040516742
2023-wimbledon-1701,04:04:31,0,0.5,0.0,0.42857142857142855,-2,1.0,-0.01785714285714285,0,0,0,0.0,0.6595744680851063,0.21985815602836878,0,-1.0,0,0,0,0,-0.2,0,-0.10055719895955527,-0.08823529411764705,-0.09439624653860115
2023-wimbledon-1701,04:05:45,0,0.5,0.0,0.0,0,0.0,0.16666666666666666,0,1,0,0.0,0.851063829787234,0.4627659574468085,0,-0.0,0,0,0,0,0.0,0,-0.2963928698934054,-0.23529411764705882,-0.2658434937702321
2023-wimbledon-1701,04:06:36,0,0.5,0.0,0.0,0,0.0,0.125,0,1,0,0.0,0.8156028368794326,0.45390070921985815,0,-0.0,0,0,1,1,0.4,0,-0.12306829193655326,-0.14705882352941177,-0.1350635577329825
2023-wimbledon-1701,04:07:12,0,0.5,0.0,0.5,-1,0.0,0.0,0,0,0,0.0,0.6737588652482269,0.16843971631205673,0,-0.5,0,0,0,0,-0.1,0,-0.03906130463609935,-0.058823529411764705,-0.048942417023932025
2023-wimbledon-1701,04:07:59,0,0.5,0.0,0.3333333333333333,-1,0.0,-0.041666666666666685,0,1,0,0.0,0.8368794326241135,0.4592198581560284,0,-0.5,0,0,1,0,0.1,0,-0.0733857805885653,-0.08823529411764705,-0.08081053735310617
2023-wimbledon-1701,04:08:33,0,0.5,0.0,0.5,-1,0.0,0.0,0,0,0,0.0,0.6595744680851063,0.16489361702127658,0,-0.5,0,0,0,0,-0.1,0,-0.10434411179680728,-0.11764705882352941,-0.11099558531016834
2023-wimbledon-1701,04:09:19,0,0.5,0.0,0.4,-1,0.0,-0.024999999999999994,0,1,0,0.0,0.8652482269503546,0.4663120567375887,0,-0.5,0,0,1,0,0.1,0,-0.44972458815729077,-0.5,-0.4748622940786454
2023-wimbledon-1701,04:10:25,0,0.5,0.0,0.5,-1,0.0,0.0,0,0,0,0.0,0.7163120567375887,0.17907801418439717,0,-0.5,0,0,1,1,0.3,0,-0.05835925944815627,-0.08823529411764705,-0.07329727678290165
2023-wimbledon-1701,04:11:15,0,0.5,0.0,0.5714285714285714,-1,0.0,0.01785714285714285,0,0,0,0.0,0.6170212765957447,0.15425531914893617,0,-0.5,0,0,1,1,0.3,0,-0.15876345182842863,-0.20588235294117646,-0.18232290238480253
2023-wimbledon-1701,04:12:24,0,0.5,0.5,0.0,0,0.0,0.3333333333333333,0,1,0,0.0,0.8297872340425532,0.6099290780141844,0,-0.0,0,0,1,1,0.4,0,-0.19180012240526345,-0.23529411764705882,-0.21354712002616114
2023-wimbledon-1701,04:13:06,0,0.5,0.5,1.0,0,0.0,0.5,0,1,0,0.0,0.8368794326241135,0.6122931442080378,0,-0.0,0,0,0,0,0.0,0,-0.0940161676952109,-0.08823529411764705,-0.09112573090642898
2023-wimbledon-1701,04:13:38,0,0.5,0.5,0.5,0,1.0,0.5,0,0,0,0.0,0.624113475177305,0.20803782505910165,0,-0.0,1,0,1,1,0.6,0,-0.16963329423165197,-0.23529411764705882,-0.2024637059393554
2023-wimbledon-1701,04:14:55,0,0.5,0.5,0.6666666666666666,0,1.0,0.5333333333333333,0,1,0,0.0,0.8865248226950354,0.6288416075650117,0,-0.0,0,0,0,0,0.0,0,-0.11352450655378181,-0.08823529411764705,-0.10087990033571442
2023-wimbledon-1701,04:15:28,0,0.5,0.5,0.5,0,1.0,0.5,0,1,0,0.0,0.8723404255319149,0.624113475177305,0,-0.0,0,0,1,0,0.2,0,-0.05366705768348039,-0.058823529411764705,-0.056245293547622546
2023-wimbledon-1701,04:16:05,0,0.5,0.5,0.6,0,1.0,0.52,0,1,0,0.0,0.8581560283687943,0.6193853427895981,0,-0.0,0,1,1,1,0.6,0,-0.3782067628908043,-0.4117647058823529,-0.3949857343865786
2023-wimbledon-1701,04:18:08,0,0.5,0.6666666666666666,0.0,0,0.0,0.38888888888888884,0,1,0,0.0,0.7801418439716312,0.4450354609929078,0,-0.0,0,0,1,0,0.2,0,-0.027043912888254196,-0.029411764705882353,-0.028227838797068274
2023-wimbledon-1701,04:18:35,0,0.5,0.6666666666666666,1.0,0,0.0,0.5416666666666666,0,1,0,0.0,0.8439716312056738,0.46099290780141844,0,-0.0,0,0,1,0,0.2,0,-0.026349008007344316,-0.029411764705882353,-0.027880386356613336
2023-wimbledon-1701,04:19:02,0,0.5,0.6666666666666666,1.0,0,0.0,0.5416666666666666,0,1,0,0.0,0.8085106382978723,0.4521276595744681,0,-0.0,0,0,1,0,0.2,0,-0.05047304534094966,-0.029411764705882353,-0.039942405023416006
2023-wimbledon-1701,04:19:28,0,0.5,0.6666666666666666,1.0,0,0.0,0.5416666666666666,0,1,1,0.0,0.8723404255319149,0.7180851063829787,0,-0.0,0,0,1,1,0.4,0,-0.005425358290406488,-0.029411764705882353,-0.01741856149814442
2023-wimbledon-1701,04:20:10,0,0.5,0.75,0.0,0,0.0,0.4166666666666667,0,0,0,0.0,0.7588652482269503,0.25295508274231676,0,-0.0,0,0,0,0,0.0,0,-0.02131891671341868,-0.029411764705882353,-0.025365340709650516
2023-wimbledon-1701,04:20:49,0,0.5,0.75,0.0,0,0.0,0.3125,0,1,0,0.0,0.8581560283687943,0.6193853427895981,0,-0.0,0,0,0,0,0.0,0,-0.051894731473453366,-0.029411764705882353,-0.04065324808966786
2023-wimbledon-1701,04:21:13,0,0.5,0.75,0.0,0,0.0,0.3125,0,1,0,0.0,0.8794326241134752,0.6264775413711584,0,-0.0,0,0,0,0,0.0,0,-0.06873183046871016,-0.029411764705882353,-0.049071797587296254
2023-wimbledon-1701,04:21:35,0,0.5,0.75,0.0,0,0.0,0.3125,0,0,0,0.0,0.7092198581560284,0.2364066193853428,0,-0.0,0,0,1,0,0.2,0,-0.06794129647574847,-0.058823529411764705,-0.06338241294375659
2023-wimbledon-1701,04:22:15,0,0.5,0.75,0.25,0,0.0,0.375,0,1,0,0.0,0.8723404255319149,0.624113475177305,0,-0.0,0,0,0,0,0.0,0,-0.13041260774213292,-0.08823529411764705,-0.10932395092988999
2023-wimbledon-1701,04:23:53,0,0.5,0.6,0.0,0,0.0,0.275,0,0,0,0.0,0.7021276595744681,0.17553191489361702,0,-0.0,0,0,0,0,0.0,0,-0.13076962309379303,-0.11764705882352941,-0.12420834095866122
2023-wimbledon-1701,04:24:40,0,0.5,0.6,0.0,0,0.5,0.32,0,0,0,0.0,0.8581560283687943,0.21453900709219859,0,-0.0,1,0,1,0,0.4,0,-0.06857882388942725,-0.08823529411764705,-0.07840705900353714
2023-wimbledon-1701,04:25:26,0,0.5,0.6,0.5,0,0.5,0.42000000000000004,0,1,0,0.0,0.8439716312056738,0.46099290780141844,0,-0.0,0,0,0,0,0.0,0,-0.0847018921813638,-0.058823529411764705,-0.07176271079656425
2023-wimbledon-1701,04:25:55,0,0.5,0.6,0.3333333333333333,0,0.5,0.38666666666666666,0,0,0,0.0,0.7092198581560284,0.1773049645390071,0,-0.0,0,0,1,0,0.2,0,-0.028172336410465647,-0.029411764705882353,-0.028792050558174
2023-wimbledon-1701,04:26:37,0,0.5,0.6,0.5,0,0.5,0.42000000000000004,0,1,0,0.0,0.9078014184397163,0.4769503546099291,0,-0.0,0,0,1,0,0.2,0,-0.09420105064517774,-0.08823529411764705,-0.09121817238141239
2023-wimbledon-1701,04:27:09,0,0.5,0.6,0.6,0,0.5,0.44000000000000006,0,1,1,0.0,0.8723404255319149,0.7180851063829787,0,-0.0,0,0,1,1,0.4,0,-0.004883459988779518,-0.029411764705882353,-0.017147612347330934
2023-wimbledon-1701,04:27:39,0,0.5,0.6666666666666666,0.0,0,0.0,0.38888888888888884,0,1,0,0.0,0.8723404255319149,0.624113475177305,0,-0.0,0,0,0,0,0.0,0,-0.03591829448666293,-0.029411764705882353,-0.03266502959627264
2023-wimbledon-1701,04:27:54,0,0.5,0.6666666666666666,0.0,0,0.0,0.29166666666666663,0,1,0,0.0,0.8368794326241135,0.6122931442080378,0,-0.0,0,0,1,1,0.4,0,-0.055177997653899115,-0.11764705882352941,-0.08641252823871426
2023-wimbledon-1701,04:28:40,0,0.5,0.6666666666666666,0.5,0,0.0,0.3333333333333333,0,1,0,0.0,0.7730496453900709,0.591016548463357,0,-0.0,0,0,0,0,0.0,0,-0.30953230988932523,-0.2647058823529412,-0.2871190961211332
2023-wimbledon-1701,04:29:22,0,0.5,0.6666666666666666,0.3333333333333333,0,0.0,0.29999999999999993,0,1,0,0.0,0.8156028368794326,0.6052009456264775,0,-0.0,0,0,1,1,0.4,0,-0.09556535931045035,-0.11764705882352941,-0.10660620906698988
2023-wimbledon-1701,04:29:59,0,0.5,0.6666666666666666,0.5,0,0.0,0.3333333333333333,0,0,0,0.0,0.7446808510638298,0.24822695035460993,0,-0.0,0,0,0,0,0.0,0,-0.0951764675881063,-0.08823529411764705,-0.09170588085287668
2023-wimbledon-1701,04:30:59,0,0.5,0.6666666666666666,0.4,0,0.0,0.3133333333333333,0,1,0,0.0,0.8794326241134752,0.6264775413711584,0,-0.0,0,0,0,0,0.0,0,-0.09778395471005254,-0.08823529411764705,-0.0930096244138498
2023-wimbledon-1701,04:32:45,0,0.5,0.5714285714285714,0.0,-1,0.0,0.023809523809523798,0,1,0,0.0,0.7943262411347518,0.44858156028368795,0,-0.5,0,0,0,0,-0.1,0,-0.09850436068750958,-0.11764705882352941,-0.1080757097555195
2023-wimbledon-1701,04:33:13,0,0.5,0.5714285714285714,0.0,-1,0.0,0.01785714285714285,0,0,0,0.0,0.624113475177305,0.15602836879432624,0,-0.5,0,0,1,0,0.1,0,-0.03654307135206814,-0.029411764705882353,-0.03297741802897525
2023-wimbledon-1701,04:33:51,0,0.5,0.5714285714285714,0.5,-1,0.0,0.14285714285714285,0,0,0,0.0,0.7021276595744681,0.17553191489361702,0,-0.5,0,0,1,0,0.1,0,-0.11568572448615291,-0.14705882352941177,-0.13137227400778234
2023-wimbledon-1701,04:34:38,0,0.5,0.5714285714285714,0.6666666666666666,-1,0.0,0.18452380952380953,0,1,0,0.0,0.8156028368794326,0.45390070921985815,0,-0.5,0,0,1,1,0.3,0,-0.05753047381037384,-0.08823529411764705,-0.07288288396401045
2023-wimbledon-1701,04:35:05,0,0.5,0.5714285714285714,0.75,-1,0.0,0.20535714285714285,0,0,1,0.0,0.7659574468085106,0.44148936170212766,0,-0.5,0,0,1,1,0.3,0,-0.04136915387361657,-0.029411764705882353,-0.03539045928974946
2023-wimbledon-1701,04:35:50,0,0.5,0.625,0.0,0,0.0,0.28125,0,1,0,0.0,0.7872340425531915,0.5957446808510638,0,-0.0,0,0,0,0,0.0,0,-0.11238333248329678,-0.14705882352941177,-0.12972107800635427
2023-wimbledon-1701,04:36:18,0,0.5,0.625,0.0,0,0.0,0.225,0,1,0,0.0,0.7801418439716312,0.5933806146572104,0,-0.0,0,0,0,0,0.0,0,-0.1434117917070434,-0.029411764705882353,-0.08641177820646288
2023-wimbledon-1701,04:36:44,0,0.5,0.625,0.0,0,0.0,0.225,0,1,0,0.0,0.7659574468085106,0.5886524822695035,0,-0.0,0,0,0,0,0.0,0,-0.055375631152139546,-0.029411764705882353,-0.042393697929010946
2023-wimbledon-1701,04:37:13,0,0.5,0.625,0.0,0,0.0,0.225,0,1,0,0.0,0.8723404255319149,0.624113475177305,0,-0.0,0,0,1,0,0.2,0,-0.10286504819707248,-0.058823529411764705,-0.0808442888044186
2023-wimbledon-1701,04:37:38,0,0.5,0.625,0.25,0,0.0,0.275,0,0,0,0.0,0.7021276595744681,0.23404255319148937,0,-0.0,0,0,0,0,0.0,0,-0.026457387667669714,-0.029411764705882353,-0.027934576186776035
2023-wimbledon-1701,04:39:31,0,0.5,0.5555555555555556,0.0,-1,0.0,0.018518518518518528,0,1,0,0.0,0.900709219858156,0.475177304964539,0,-0.5,0,0,0,0,-0.1,0,-0.04317335645432754,-0.058823529411764705,-0.05099844293304612
2023-wimbledon-1701,04:39:58,0,0.5,0.5555555555555556,0.0,-1,0.0,0.013888888888888895,0,1,0,0.0,0.8723404255319149,0.46808510638297873,0,-0.5,0,0,1,1,0.3,0,-0.24621308716274798,-0.3235294117647059,-0.28487124946372694
2023-wimbledon-1701,04:40:43,0,0.5,0.5555555555555556,0.5,-1,1.0,0.3111111111111111,0,1,0,0.0,0.8085106382978723,0.4521276595744681,0,-0.5,1,0,1,1,0.5,0,-0.11177768144030195,-0.14705882352941177,-0.12941825248485686
2023-wimbledon-1701,04:41:20,0,0.5,0.5555555555555556,0.6666666666666666,-1,1.0,0.34444444444444444,0,1,0,0.0,0.8794326241134752,0.4698581560283688,0,-0.5,0,0,0,0,-0.1,0,-0.06937573315652573,-0.11764705882352941,-0.09351139599002757
2023-wimbledon-1701,04:41:52,0,0.5,0.5555555555555556,0.5,-1,1.0,0.3111111111111111,0,1,0,0.0,0.9219858156028369,0.4804964539007092,0,-0.5,0,0,1,0,0.1,0,-0.050320038761666755,-0.029411764705882353,-0.03986590173377455
2023-wimbledon-1701,04:42:27,0,0.5,0.5555555555555556,0.6,-1,1.0,0.3311111111111111,0,1,0,0.0,0.9148936170212766,0.4787234042553191,0,-0.5,1,0,1,0,0.3,0,-0.11355000765032897,-0.08823529411764705,-0.10089265088398801
