match_id,elapsed_time,MT,sets_ratio,game_ratio,score_ratio,pointswon_ratio,ue_game_ratio,npr_game_ratio,MT_end,SA,server_p1,ace_ratio,df_ratio,spead,SA_end,CPP,ue_ratio,npw_ratio,bpw_ratio,pt_victor,pt_winner,CPP_end,ST,distance_ratio,rally_count_normalized,ST_end
2023-wimbledon-1306,00:00:00,0,0.0,0.0,0.0,0.0,0.0,0.0,0.0,0,1,0.0,0.0,0.43478260869565233,0.47826086956521746,0,0.0,0.0,0.0,0,0,0.0,0,-0.5727605727605727,-0.029411764705882353,-0.3010861687332275
2023-wimbledon-1306,00:00:35,0,0.0,0.0,0.0,0.0,0.0,0.0,0.0,0,1,0.0,0.0,0.7681159420289856,0.5893719806763286,0,0.0,0.0,0.0,0,0,0.0,0,-0.5288924254480695,-0.08823529411764705,-0.3085638597828583
2023-wimbledon-1306,00:00:58,0,0.0,0.0,0.0,0.3333333333333333,0.0,0.0,0.1111111111111111,0,0,0.0,0.0,0.42028985507246386,0.14009661835748796,0,0.0,0.0,0.0,1,1,1.0,0,-0.4849013842949896,-0.1764705882352941,-0.33068598626514184
2023-wimbledon-1306,00:01:39,0,0.0,0.0,0.3333333333333333,0.25,0.0,0.0,0.19444444444444442,0,1,0.0,0.0,0.7101449275362319,0.5700483091787439,0,0.0,0.0,0.0,0,0,0.0,0,-0.6100395856144193,-0.08823529411764705,-0.3491374398660332
2023-wimbledon-1306,00:02:03,0,0.0,0.0,0.25,0.2,0.0,0.0,0.15,0,1,0.0,0.0,0.7826086956521741,0.5942028985507247,0,0.0,0.0,0.0,0,0,0.0,0,-0.5516941789748045,-0.029411764705882353,-0.29055297184034345
2023-wimbledon-1306,00:03:01,0,0.0,0.0,0.0,0.3333333333333333,0.0,1.0,0.4444444444444444,0,1,0.0,0.0,0.5652173913043479,0.782608695652174,0,0.0,1.0,0.0,1,1,1.0,0,-0.4235667259358932,-0.08823529411764705,-0.2559010100267701
2023-wimbledon-1306,00:03:24,0,0.0,0.0,1.0,0.42857142857142855,0.0,1.0,0.6071428571428572,0,1,1.0,0.0,0.6521739130434783,0.8840579710144928,0,0.0,0.0,0.0,1,1,1.0,0,-0.4719334719334719,-0.029411764705882353,-0.25067261831967713
2023-wimbledon-1306,00:03:43,0,0.0,0.0,1.0,0.5,0.0,1.0,0.625,0,1,1.0,0.0,0.8260869565217392,0.9420289855072465,0,0.0,0.0,0.0,1,1,1.0,0,-0.4621497281472187,-0.029411764705882353,-0.24578074642655054
2023-wimbledon-1306,00:04:01,0,0.0,0.0,1.0,0.4444444444444444,0.0,1.0,0.6111111111111112,0,1,1.0,0.0,0.4492753623188406,0.8164251207729469,0,0.0,0.0,0.0,0,0,0.0,0,-0.4349875654207342,-0.11764705882352941,-0.2763173121221318
2023-wimbledon-1306,00:04:25,0,0.0,0.0,0.75,0.4,-1.0,1.0,0.22999999999999998,0,1,1.0,0.0,0.6956521739130435,0.8985507246376812,0,-1.0,0.0,0.0,0,0,-0.3333333333333333,0,-0.3730176130965432,-0.058823529411764705,-0.21592057125415395
2023-wimbledon-1306,00:04:45,0,0.0,0.0,0.6,0.45454545454545453,-1.0,1.0,0.21090909090909088,0,0,1.0,0.0,0.5217391304347827,0.5072463768115942,0,-1.0,0.0,0.0,1,0,0.0,0,-0.4469071813407897,-0.029411764705882353,-0.23815947302333604
2023-wimbledon-1306,00:05:28,0,0.0,0.5,0.0,0.4166666666666667,0.0,0.0,0.3055555555555556,0,1,0.0,0.0,0.7536231884057971,0.8768115942028986,0,0.0,0.0,0.0,0,0,0.0,0,-0.43722642260246714,-0.08823529411764705,-0.2627308583600571
2023-wimbledon-1306,00:05:49,0,0.0,0.5,0.0,0.46153846153846156,-0.0,0.0,0.19230769230769232,0,0,0.0,0.0,0.3623188405797102,0.1811594202898551,0,-0.0,0.0,0.0,1,0,0.3333333333333333,0,-0.49906266738082483,-0.058823529411764705,-0.2789430983962948
2023-wimbledon-1306,00:06:25,0,0.0,0.5,0.5,0.42857142857142855,-0.0,0.0,0.2857142857142857,0,1,0.0,0.0,0.49275362318840576,0.4975845410628019,0,-0.0,0.0,0.0,0,0,0.0,0,-0.490442054958184,-0.029411764705882353,-0.25992690983203315
2023-wimbledon-1306,00:06:44,0,0.0,0.5,0.3333333333333333,0.4666666666666667,-0.0,0.0,0.25999999999999995,0,1,0.0,0.0,0.2753623188405798,0.42512077294685996,0,-0.0,0.0,0.0,1,1,0.6666666666666666,0,-0.457745341815481,-0.11764705882352941,-0.2876962003195052
2023-wimbledon-1306,00:07:14,0,0.0,0.5,0.5,0.5,-0.0,0.0,0.3,0,0,0.0,0.0,0.4782608695652175,0.1594202898550725,0,-0.0,0.0,0.0,1,0,0.3333333333333333,0,-0.5333776154101627,-0.058823529411764705,-0.2961005724109637
2023-wimbledon-1306,00:07:49,0,0.0,0.5,0.6,0.5294117647058824,-0.0,0.0,0.32588235294117646,0,1,0.0,0.0,0.6956521739130435,0.5652173913043478,0,-0.0,0.0,1.0,1,0,0.5,0,-0.5450724074254057,-0.11764705882352941,-0.3313597331244676
2023-wimbledon-1306,00:09:30,0,0.0,0.6666666666666666,0.0,0.5,-1.0,0.0,0.055555555555555504,0,0,0.0,0.0,0.30434782608695654,0.15217391304347827,0,-1.0,0.0,0.0,0,0,-0.3333333333333333,0,-0.461013374771075,-0.058823529411764705,-0.25991845209141984
2023-wimbledon-1306,00:10:00,0,0.0,0.6666666666666666,0.0,0.5263157894736842,-1.0,1.0,0.23859649122807017,0,0,0.0,0.0,0.49275362318840576,0.24637681159420288,0,-1.0,1.0,0.0,1,1,0.5,0,-0.46707693933070965,-0.14705882352941177,-0.3070678814300607
2023-wimbledon-1306,00:10:38,0,0.0,0.6666666666666666,0.5,0.55,-1.0,1.0,0.3433333333333333,0,1,1.0,0.0,0.5942028985507246,0.8647342995169082,0,-1.0,0.0,0.0,1,1,0.3333333333333333,0,-0.43826322930800543,-0.029411764705882353,-0.2338374970069439
2023-wimbledon-1306,00:11:28,0,0.0,0.6666666666666666,0.6666666666666666,0.5714285714285714,-1.0,1.0,0.38095238095238093,0,0,1.0,0.0,0.28985507246376807,0.429951690821256,0,-1.0,1.0,0.0,1,1,0.5,0,-0.4536320653341929,-0.08823529411764705,-0.27093367972592
2023-wimbledon-1306,00:12:15,0,0.0,0.6666666666666666,0.75,0.5454545454545454,-1.0,1.0,0.3924242424242424,0,0,1.0,0.0,0.4782608695652175,0.4927536231884058,0,-1.0,0.0,0.0,0,0,-0.3333333333333333,0,-0.4590256797583081,-0.058823529411764705,-0.2589246045850364
2023-wimbledon-1306,00:12:47,0,0.0,0.6666666666666666,0.6,0.5217391304347826,-1.0,1.0,0.3576811594202899,0,0,1.0,0.0,0.6231884057971016,0.5410628019323672,0,-1.0,0.0,0.0,0,0,-0.3333333333333333,0,-0.5556365564318377,-0.058823529411764705,-0.3072300429218012
2023-wimbledon-1306,00:13:37,0,0.0,0.6666666666666666,0.5,0.5,-1.0,1.0,0.3333333333333333,0,1,1.0,0.0,0.5507246376811594,0.8502415458937197,0,-1.0,0.0,0.0,0,0,-0.3333333333333333,0,-0.44628663686040737,-0.1764705882352941,-0.3113786125478507
2023-wimbledon-1306,00:14:34,0,0.0,0.6666666666666666,0.42857142857142855,0.52,-1.0,1.0,0.32304761904761903,0,0,1.0,0.0,0.4782608695652175,0.4927536231884058,0,-1.0,0.0,0.0,1,0,0.0,0,-0.5339587242026267,-0.08823529411764705,-0.3110970091601369
2023-wimbledon-1306,00:15:12,0,0.0,0.6666666666666666,0.5,0.5384615384615384,-1.0,1.0,0.341025641025641,0,1,1.0,0.0,0.7391304347826086,0.9130434782608695,0,-1.0,0.0,0.0,1,0,0.0,0,-0.4501769670569017,-0.029411764705882353,-0.23979436588139202
2023-wimbledon-1306,00:15:33,0,0.0,0.6666666666666666,0.5714285714285714,0.5555555555555556,-0.6666666666666666,1.0,0.4253968253968254,0,1,1.0,0.0,0.46376811594202905,0.8212560386473431,0,-0.6666666666666666,0.0,0.0,1,0,0.11111111111111112,0,-0.5313548387096774,-0.08823529411764705,-0.3097950664136622
2023-wimbledon-1306,00:16:27,0,0.0,0.75,0.0,0.5714285714285714,0.0,0.0,0.6607142857142857,0,1,0.0,0.0,0.5797101449275364,0.7898550724637682,0,0.0,0.0,0.0,1,1,1.0,0,-0.4768544868146462,-0.058823529411764705,-0.26783900811320543
2023-wimbledon-1306,00:16:51,0,0.0,0.75,1.0,0.5862068965517241,0.0,0.0,0.7787356321839081,0,1,0.0,0.0,0.7391304347826086,0.8695652173913043,0,0.0,0.0,0.0,1,0,0.5,0,-0.5854814814814815,-0.058823529411764705,-0.3221525054466231
2023-wimbledon-1306,00:17:22,0,0.0,0.75,1.0,0.5666666666666667,0.0,0.0,0.7722222222222221,0,1,0.0,0.0,0.7971014492753623,0.8985507246376812,0,0.0,0.0,0.0,0,0,0.0,0,-0.5074763783139161,-0.029411764705882353,-0.26844407150989924
2023-wimbledon-1306,00:17:47,0,0.0,0.75,0.6666666666666666,0.5806451612903226,0.0,1.0,0.7493279569892473,0,1,0.0,0.0,0.6956521739130435,0.8478260869565217,0,0.0,1.0,0.0,1,1,1.0,0,-0.5789860542731138,-0.23529411764705882,-0.40714008596008633
2023-wimbledon-1306,00:18:29,0,0.0,0.75,0.75,0.59375,0.0,1.0,0.7734375,0,0,0.0,0.0,0.3333333333333335,0.16666666666666674,0,0.0,0.0,1.0,1,1,1.0,0,-0.5788435332641813,-0.23529411764705882,-0.40706882545562006
2023-wimbledon-1306,00:20:23,0,0.0,0.8,0.0,0.5757575757575758,-1.0,0.0,0.1252525252525253,0,0,0.0,0.0,0.49275362318840576,0.24637681159420288,0,-1.0,0.0,0.0,0,0,-0.3333333333333333,0,-0.3524984187223277,-0.058823529411764705,-0.2056609740670462
2023-wimbledon-1306,00:20:56,0,0.0,0.8,0.0,0.5882352941176471,-1.0,0.0,0.09705882352941175,0,1,1.0,0.0,0.6811594202898552,0.8937198067632851,0,-1.0,0.0,0.0,1,1,0.3333333333333333,0,-0.40738636363636366,-0.029411764705882353,-0.218399064171123
2023-wimbledon-1306,00:21:14,0,0.0,0.8,0.5,0.6,-1.0,0.0,0.22499999999999998,0,1,1.0,0.0,0.7101449275362319,0.9033816425120773,0,-1.0,0.0,0.0,1,1,0.3333333333333333,0,-0.4508856682769727,-0.14705882352941177,-0.2989722459031922
2023-wimbledon-1306,00:21:47,0,0.0,0.8,0.6666666666666666,0.6111111111111112,-1.0,1.0,0.41555555555555557,0,0,1.0,0.0,0.5072463768115942,0.5024154589371981,0,-1.0,1.0,0.0,1,0,0.25,0,-0.5400388949265001,-0.08823529411764705,-0.3141370945220736
2023-wimbledon-1306,00:22:24,0,0.0,0.8,0.75,0.6216216216216216,-1.0,1.0,0.43432432432432433,0,1,1.0,0.0,0.4782608695652175,0.8260869565217392,0,-1.0,0.0,0.0,1,0,0.0,0,-0.4519807045753545,-0.029411764705882353,-0.24069623464061843
2023-wimbledon-1306,00:23:02,0,0.0,0.8333333333333334,0.0,0.6052631578947368,0.0,0.0,0.7192982456140351,0,1,0.0,0.0,0.7971014492753623,0.8985507246376812,0,0.0,0.0,0.0,0,0,0.0,0,-0.5533883470867716,-0.029411764705882353,-0.291400055896327
2023-wimbledon-1306,00:23:31,0,0.0,0.8333333333333334,0.0,0.5897435897435898,-1.0,0.0,0.10576923076923078,0,0,0.0,0.0,0.34782608695652173,0.17391304347826086,0,-1.0,0.0,0.0,0,0,-0.3333333333333333,0,-0.517648381294964,-0.029411764705882353,-0.2735300730004232
2023-wimbledon-1306,00:24:12,0,0.0,0.8333333333333334,0.0,0.6,-0.5,0.0,0.23333333333333334,0,1,0.0,0.0,0.6811594202898552,0.8405797101449276,0,-0.5,0.0,0.0,1,0,0.16666666666666666,0,-0.49597365230451856,-0.1764705882352941,-0.33622212026990633
2023-wimbledon-1306,00:24:52,0,0.0,0.8333333333333334,0.3333333333333333,0.5853658536585366,-0.5,0.0,0.2504065040650406,0,1,0.0,0.0,0.6231884057971016,0.8115942028985508,0,-0.5,0.0,0.0,0,0,-0.125,0,-0.43553785780240073,-0.08823529411764705,-0.2618865759600239
2023-wimbledon-1306,00:25:24,0,0.0,0.8333333333333334,0.25,0.5952380952380952,-0.3333333333333333,0.0,0.2690476190476191,0,0,0.0,0.0,0.34782608695652173,0.17391304347826086,0,-0.3333333333333333,0.0,0.0,1,0,0.22222222222222224,0,-0.5516390977443608,-0.058823529411764705,-0.30523131357806277
2023-wimbledon-1306,00:26:06,0,0.0,0.8333333333333334,0.4,0.5813953488372093,-0.3333333333333333,0.0,0.2962790697674419,0,1,0.0,0.0,0.7246376811594204,0.8623188405797102,0,-0.3333333333333333,0.0,0.0,0,0,-0.1111111111111111,0,-0.4292415949960907,-0.029411764705882353,-0.22932667985098654
2023-wimbledon-1306,00:27:39,0,0.0,0.7142857142857143,0.0,0.5681818181818182,-1.0,0.0,0.09415584415584417,0,0,0.0,0.0,0.4782608695652175,0.23913043478260876,0,-1.0,0.0,0.0,0,0,-0.3333333333333333,0,-0.5010889539236371,-0.11764705882352941,-0.30936800637358325
2023-wimbledon-1306,00:28:12,0,0.0,0.7142857142857143,0.0,0.5777777777777777,-1.0,0.0,0.07301587301587298,0,1,0.0,0.0,0.7101449275362319,0.855072463768116,0,-1.0,0.0,0.0,1,0,0.0,0,-0.5476481641661944,-0.029411764705882353,-0.2885299644360384
2023-wimbledon-1306,00:28:32,0,0.0,0.7142857142857143,0.5,0.5869565217391305,-1.0,0.0,0.2003105590062112,0,0,0.0,0.0,0.5072463768115942,0.2536231884057971,0,-1.0,0.0,0.0,1,1,0.3333333333333333,0,-0.43773873185637896,-0.08823529411764705,-0.262987012987013
2023-wimbledon-1306,00:29:04,0,0.0,0.7142857142857143,0.6666666666666666,0.5957446808510638,-1.0,0.0,0.24417426545086118,0,1,0.0,0.0,0.5942028985507246,0.7971014492753623,0,-1.0,0.0,0.0,1,0,0.0,0,-0.47945339763949335,-0.14705882352941177,-0.3132561105844526
2023-wimbledon-1306,00:29:34,0,0.0,0.7142857142857143,0.75,0.6041666666666666,-1.0,0.0,0.26711309523809523,0,1,1.0,0.0,0.7391304347826086,0.9130434782608695,0,-1.0,0.0,0.0,1,1,0.3333333333333333,0,-0.4789621318373071,-0.029411764705882353,-0.2541869482715947
2023-wimbledon-1306,00:31:43,0,1.0,0.0,0.0,0.6122448979591837,-0.0,0.0,0.5374149659863946,0,0,0.0,0.0,0.28985507246376807,0.14492753623188404,0,-0.0,0.0,0.0,1,0,0.3333333333333333,0,-0.5288090625054547,-0.23529411764705882,-0.3820515900762568
2023-wimbledon-1306,00:32:30,0,1.0,0.0,1.0,0.6,-0.5,0.0,0.525,0,0,0.0,0.0,0.3623188405797102,0.1811594202898551,0,-0.5,0.0,0.0,0,0,-0.16666666666666666,0,-0.5089304475730195,-0.14705882352941177,-0.32799463555121566
2023-wimbledon-1306,00:33:05,0,1.0,0.0,0.5,0.6078431372549019,-0.5,1.0,0.5215686274509804,0,0,0.0,0.0,0.37681159420289867,0.18840579710144933,0,-0.5,1.0,0.0,1,0,0.375,0,-0.5692316575563938,-0.1764705882352941,-0.372851122895844
2023-wimbledon-1306,00:33:54,0,1.0,0.0,0.6666666666666666,0.5961538461538461,-0.5,1.0,0.5525641025641026,0,1,0.0,0.0,0.7536231884057971,0.8768115942028986,0,-0.5,0.0,0.0,0,0,-0.16666666666666666,0,-0.4205888523672984,-0.029411764705882353,-0.2250003085365904
2023-wimbledon-1306,00:34:18,0,1.0,0.0,0.5,0.5849056603773585,-0.5,1.0,0.5169811320754717,0,1,0.0,0.0,0.5217391304347827,0.7608695652173914,0,-0.5,0.0,0.0,0,0,-0.16666666666666666,0,-0.5831698502839443,-0.029411764705882353,-0.30629080749491333
2023-wimbledon-1306,00:34:38,0,1.0,0.0,0.4,0.5740740740740741,-0.5,1.0,0.49481481481481476,0,1,0.0,0.0,0.8260869565217392,0.9130434782608696,0,-0.5,0.0,0.0,0,0,-0.16666666666666666,0,-0.5378416455339532,-0.029411764705882353,-0.2836267051199178
2023-wimbledon-1306,00:35:28,0,1.0,0.0,0.0,0.5636363636363636,0.0,0.0,0.3909090909090909,0,0,0.0,0.0,0.4782608695652175,0.23913043478260876,0,0.0,0.0,0.0,0,0,0.0,0,-0.4977139343804147,-0.1764705882352941,-0.3370922613078544
2023-wimbledon-1306,00:36:12,0,1.0,0.0,0.0,0.5714285714285714,0.0,0.0,0.3142857142857143,0,1,0.0,0.0,0.7971014492753623,0.8985507246376812,0,0.0,0.0,0.0,1,0,0.5,0,-0.49875604699378023,-0.08823529411764705,-0.29349567055571363
2023-wimbledon-1306,00:36:40,0,1.0,0.0,0.5,0.5614035087719298,0.0,0.0,0.41228070175438597,0,0,0.0,0.0,0.6376811594202898,0.3188405797101449,0,0.0,0.0,0.0,0,0,0.0,0,-0.4997946611909651,-0.23529411764705882,-0.36754438941901196
2023-wimbledon-1306,00:37:27,0,1.0,0.0,0.3333333333333333,0.5689655172413793,0.0,0.5,0.4804597701149425,0,0,0.0,0.0,0.536231884057971,0.2681159420289855,0,0.0,1.0,0.0,1,0,0.6666666666666666,0,-0.5167856414440138,-0.029411764705882353,-0.2730987030749481
2023-wimbledon-1306,00:38:15,0,1.0,0.0,0.5,0.576271186440678,0.0,0.5,0.5152542372881357,0,1,0.0,0.0,0.6811594202898552,0.8405797101449276,0,0.0,0.0,0.0,1,0,0.5,0,-0.5292746964227109,-0.08823529411764705,-0.30875499527017897
2023-wimbledon-1306,00:38:44,0,1.0,0.0,0.6,0.5833333333333334,0.0,0.5,0.5366666666666667,0,1,0.0,0.0,0.7536231884057971,0.8768115942028986,0,0.0,0.0,0.0,1,0,0.5,0,-0.44187072578866093,-0.029411764705882353,-0.23564124524727165
2023-wimbledon-1306,00:39:24,0,1.0,0.5,0.0,0.5901639344262295,-0.0,0.0,0.5225409836065573,0,0,0.0,0.0,0.0,0.0,0,-0.0,0.0,0.0,1,0,0.3333333333333333,0,-0.6046790641871626,-0.0,-0.3023395320935813
2023-wimbledon-1306,00:39:57,0,1.0,0.5,1.0,0.5967741935483871,-0.0,0.0,0.6193548387096774,0,1,0.0,0.0,0.7826086956521741,0.5942028985507247,0,-0.0,0.0,0.0,1,0,0.3333333333333333,0,-0.5534885581693071,-0.11764705882352941,-0.33556780849641826
2023-wimbledon-1306,00:40:29,0,1.0,0.5,1.0,0.5873015873015873,-0.3333333333333333,0.0,0.5507936507936508,0,0,0.0,0.0,0.24637681159420288,0.08212560386473429,0,-0.3333333333333333,0.0,0.0,0,0,-0.1111111111111111,0,-0.5195076637250349,-0.029411764705882353,-0.2744597142154586
2023-wimbledon-1306,00:41:02,0,1.0,0.5,0.6666666666666666,0.578125,-0.5,0.0,0.4489583333333333,0,0,0.0,0.0,0.28985507246376807,0.09661835748792269,0,-0.5,0.0,0.0,0,0,-0.16666666666666666,0,-0.4692535151771167,-0.029411764705882353,-0.24933263994149954
2023-wimbledon-1306,00:41:34,0,1.0,0.5,0.5,0.5692307692307692,-0.5,0.0,0.4138461538461538,0,0,0.0,0.0,0.24637681159420288,0.08212560386473429,0,-0.5,0.0,0.0,0,0,-0.16666666666666666,0,-0.499261759122548,-0.029411764705882353,-0.2643367619142152
2023-wimbledon-1306,00:42:30,0,1.0,0.5,0.4,0.5606060606060606,-0.6,0.0,0.3721212121212121,0,0,0.0,0.0,0.26086956521739135,0.08695652173913045,0,-0.6,0.0,0.0,0,0,-0.19999999999999998,0,-0.49065688409950714,-0.029411764705882353,-0.26003432440269475
2023-wimbledon-1306,00:44:10,0,1.0,0.3333333333333333,0.0,0.5522388059701493,0.0,0.0,0.6285240464344942,0,1,0.0,0.0,0.7391304347826086,0.8695652173913043,0,0.0,0.0,0.0,0,0,0.0,0,-0.4488350983358548,-0.058823529411764705,-0.25382931387380975
2023-wimbledon-1306,00:44:30,0,1.0,0.3333333333333333,0.0,0.5588235294117647,0.0,0.0,0.4730392156862745,0,1,0.0,0.0,0.7246376811594204,0.8623188405797102,0,0.0,0.0,0.0,1,0,0.5,0,-0.4337310544985489,-0.029411764705882353,-0.23157140960221562
2023-wimbledon-1306,00:44:47,0,1.0,0.3333333333333333,0.5,0.5652173913043478,0.0,0.0,0.5996376811594203,0,0,0.0,0.0,0.49275362318840576,0.24637681159420288,0,0.0,0.0,0.0,1,0,0.5,0,-0.48926139339968566,-0.08823529411764705,-0.28874834375866637
2023-wimbledon-1306,00:45:23,0,1.0,0.3333333333333333,0.6666666666666666,0.5714285714285714,0.0,1.0,0.7142857142857142,0,1,0.0,0.0,0.7681159420289856,0.8840579710144928,0,0.0,1.0,0.0,1,0,0.6666666666666666,0,-0.5020427404148334,-0.029411764705882353,-0.2657272525603579
2023-wimbledon-1306,00:45:45,0,1.0,0.3333333333333333,0.75,0.5774647887323944,0.0,1.0,0.7321596244131455,0,1,1.0,0.0,0.4057971014492754,0.8019323671497585,0,0.0,0.0,0.0,1,1,1.0,0,-0.37136547662863456,-0.029411764705882353,-0.20038862066725846
2023-wimbledon-1306,00:46:24,0,1.0,0.5,0.0,0.5833333333333334,0.0,0.0,0.6944444444444445,0,0,0.0,0.0,0.26086956521739135,0.13043478260869568,0,0.0,0.0,0.0,1,0,0.5,0,-0.5618344995436568,-0.11764705882352941,-0.33974077918359313
2023-wimbledon-1306,00:47:04,0,1.0,0.5,1.0,0.5753424657534246,0.0,0.0,0.7688356164383562,0,0,0.0,0.0,0.2753623188405798,0.1376811594202899,0,0.0,0.0,0.0,0,0,0.0,0,-0.5881675543400028,-0.08823529411764705,-0.33820142422882493
2023-wimbledon-1306,00:47:50,0,1.0,0.5,0.5,0.5675675675675675,-1.0,0.0,0.31351351351351353,0,1,0.0,0.0,0.6956521739130435,0.8478260869565217,0,-1.0,0.0,0.0,0,0,-0.3333333333333333,0,-0.5377552792873272,-0.14705882352941177,-0.3424070514083695
2023-wimbledon-1306,00:48:40,0,1.0,0.5,0.3333333333333333,0.56,-1.0,0.0,0.27866666666666673,0,1,0.0,0.0,0.5507246376811594,0.7753623188405797,0,-1.0,0.0,0.0,0,0,-0.3333333333333333,0,-0.554439390943247,-0.029411764705882353,-0.2919255778245647
2023-wimbledon-1306,00:49:03,0,1.0,0.5,0.25,0.5526315789473685,-1.0,0.0,0.2605263157894737,0,1,0.0,0.0,0.49275362318840576,0.4975845410628019,0,-1.0,0.0,0.0,0,0,-0.3333333333333333,0,-0.4944933920704846,-0.029411764705882353,-0.2619525783881835
2023-wimbledon-1306,00:50:37,0,1.0,0.4,0.0,0.5454545454545454,-1.0,0.0,0.23636363636363633,0,0,0.0,-1.0,0.0,-0.5,0,-1.0,0.0,0.0,0,0,-0.3333333333333333,0,-0.467125382262997,-0.0,-0.2335626911314985
2023-wimbledon-1306,00:51:05,0,1.0,0.4,0.0,0.5512820512820513,-1.0,0.0,0.19025641025641024,0,0,0.0,-1.0,0.49275362318840576,-0.16908212560386474,0,-1.0,0.0,0.0,1,0,0.0,0,-0.5096074889144359,-0.029411764705882353,-0.2695096268101591
2023-wimbledon-1306,00:51:32,0,1.0,0.4,0.5,0.5569620253164557,-1.0,0.0,0.2913924050632911,0,1,0.0,-1.0,0.6086956521739131,0.2028985507246377,0,-1.0,0.0,0.0,1,0,0.0,0,-0.47907085675353434,-0.20588235294117646,-0.3424766048473554
2023-wimbledon-1306,00:52:19,0,1.0,0.4,0.6666666666666666,0.5625,-0.5,0.0,0.4258333333333333,0,0,0.0,-1.0,0.43478260869565233,-0.18840579710144922,0,-0.5,0.0,0.0,1,0,0.16666666666666666,0,-0.45998045660477926,-0.08823529411764705,-0.27410787536121317
2023-wimbledon-1306,00:52:54,0,1.0,0.4,0.75,0.5679012345679012,-0.5,1.0,0.5363168724279835,0,1,0.0,-1.0,0.6956521739130435,0.2318840579710145,0,-0.5,1.0,0.0,1,1,0.625,0,-0.44380212827149845,-0.14705882352941177,-0.2954304759004551
2023-wimbledon-1306,00:53:37,0,1.0,0.5,0.0,0.5609756097560976,0.0,0.0,0.6869918699186992,0,1,0.0,0.0,0.4492753623188406,0.7246376811594203,0,0.0,0.0,0.0,0,0,0.0,0,-0.48987559210868775,-0.08823529411764705,-0.2890554431131674
2023-wimbledon-1306,00:54:02,0,1.0,0.5,0.0,0.5542168674698795,0.0,0.0,0.5135542168674698,0,1,0.0,0.0,0.28985507246376807,0.644927536231884,0,0.0,0.0,0.0,0,0,0.0,0,-0.596656094600415,-0.029411764705882353,-0.3130339296531487
2023-wimbledon-1306,00:54:23,0,1.0,0.5,0.0,0.5476190476190477,0.0,0.0,0.4095238095238095,0,0,0.0,0.0,0.30434782608695654,0.15217391304347827,0,0.0,0.0,0.0,0,0,0.0,0,-0.5424052472082694,-0.08823529411764705,-0.31532027066295826
2023-wimbledon-1306,00:54:55,0,1.0,0.5,0.0,0.5411764705882353,-1.0,0.0,0.17352941176470585,0,0,0.0,0.0,0.24637681159420288,0.12318840579710144,0,-1.0,0.0,0.0,0,0,-0.3333333333333333,0,-0.5216265774997303,-0.029411764705882353,-0.2755191711028063
2023-wimbledon-1306,00:56:34,0,1.0,0.42857142857142855,0.0,0.5465116279069767,0.0,1.0,0.7437707641196013,0,1,0.0,0.0,0.7101449275362319,0.855072463768116,0,0.0,1.0,0.0,1,0,0.6666666666666666,0,-0.5096804606215698,-0.08823529411764705,-0.29895787736960844
2023-wimbledon-1306,00:56:58,0,1.0,0.42857142857142855,1.0,0.5402298850574713,0.0,1.0,0.79376026272578,0,0,0.0,0.0,0.34782608695652173,0.17391304347826086,0,0.0,0.0,0.0,0,0,0.0,0,-0.4687912351553441,-0.11764705882352941,-0.29321914698943674
2023-wimbledon-1306,00:57:37,0,1.0,0.42857142857142855,0.5,0.5454545454545454,0.0,1.0,0.6948051948051948,0,1,0.0,0.0,0.7826086956521741,0.891304347826087,0,0.0,0.0,0.0,1,0,0.5,0,-0.4792944785276073,-0.029411764705882353,-0.25435312161674484
2023-wimbledon-1306,00:57:58,0,1.0,0.42857142857142855,0.6666666666666666,0.550561797752809,0.0,1.0,0.7291599785981809,0,1,1.0,0.0,0.7391304347826086,0.9130434782608695,0,0.0,0.0,0.0,1,1,1.0,0,-0.4575342465753425,-0.029411764705882353,-0.24347300564061242
2023-wimbledon-1306,00:58:16,0,1.0,0.42857142857142855,0.75,0.5555555555555556,0.0,1.0,0.7468253968253968,0,1,1.0,0.0,0.6086956521739131,0.8695652173913043,0,0.0,0.0,0.0,1,0,0.5,0,-0.6952519109524075,-0.029411764705882353,-0.3623318378291449
2023-wimbledon-1306,00:59:00,0,1.0,0.5,0.0,0.5494505494505495,0.0,0.0,0.683150183150183,0,1,0.0,0.0,0.42028985507246386,0.4734299516908213,0,0.0,0.0,0.0,0,0,0.0,0,-0.5377358490566037,-0.029411764705882353,-0.283573806881243
2023-wimbledon-1306,00:59:18,0,1.0,0.5,0.0,0.5434782608695652,0.0,0.0,0.40869565217391307,0,1,0.0,0.0,0.6086956521739131,0.5362318840579711,0,0.0,0.0,0.0,0,0,0.0,0,-0.39724397739664913,-0.029411764705882353,-0.21332787105126574
2023-wimbledon-1306,00:59:35,0,1.0,0.5,0.0,0.5376344086021505,0.0,0.0,0.4075268817204301,0,1,0.0,0.0,0.49275362318840576,0.4975845410628019,0,0.0,0.0,0.0,0,0,0.0,0,-0.5444040697674418,-0.08823529411764705,-0.31631968194254445
2023-wimbledon-1306,00:59:57,0,1.0,0.5,0.0,0.5319148936170213,0.0,0.0,0.40638297872340423,0,0,0.0,0.0,0.46376811594202905,0.15458937198067635,0,0.0,0.0,0.0,0,0,0.0,0,-0.5856681595667118,-0.029411764705882353,-0.3075399621362971
2023-wimbledon-1306,01:01:43,0,1.0,0.4444444444444444,0.0,0.5368421052631579,0.0,0.0,0.6604288499025341,0,1,0.0,0.0,0.6521739130434783,0.8260869565217391,0,0.0,0.0,0.0,1,0,0.5,0,-0.5226590048321796,-0.029411764705882353,-0.276035384769031
2023-wimbledon-1306,01:02:02,0,1.0,0.4444444444444444,1.0,0.5416666666666666,0.0,0.0,0.7465277777777778,0,0,0.0,0.0,0.4782608695652175,0.23913043478260876,0,0.0,0.0,0.0,1,1,1.0,0,-0.5104360947355596,-0.4411764705882353,-0.47580628266189745
2023-wimbledon-1306,01:03:00,0,1.0,0.4444444444444444,1.0,0.5463917525773195,0.0,1.0,0.7981672394043529,0,1,0.0,0.0,0.6956521739130435,0.8478260869565217,0,0.0,1.0,0.0,1,0,0.6666666666666666,0,-0.5620009102569407,-0.08823529411764705,-0.32511810218729387
2023-wimbledon-1306,01:03:26,0,1.0,0.4444444444444444,1.0,0.5510204081632653,0.0,1.0,0.7990929705215419,0,1,0.0,0.0,0.8405797101449275,0.9202898550724637,0,0.0,0.0,0.0,1,0,0.5,0,-0.47209730925175086,-0.029411764705882353,-0.2507545369788166
2023-wimbledon-1306,01:04:01,0,1.0,0.5,0.0,0.5454545454545454,0.0,0.0,0.6818181818181818,0,1,0.0,0.0,0.7101449275362319,0.5700483091787439,0,0.0,0.0,0.0,0,0,0.0,0,-0.5956019381289602,-0.029411764705882353,-0.3125068514174213
2023-wimbledon-1306,01:04:17,0,1.0,0.5,0.0,0.54,-1.0,0.0,0.20800000000000002,0,1,0.0,0.0,0.6811594202898552,0.5603864734299517,0,-1.0,0.0,0.0,0,0,-0.3333333333333333,0,-0.3978004124226707,-0.08823529411764705,-0.2430178532701589
2023-wimbledon-1306,01:04:43,0,1.0,0.5,0.0,0.5346534653465347,-1.0,0.0,0.20693069306930695,0,1,0.0,0.0,0.6521739130434783,0.5507246376811594,0,-1.0,0.0,0.0,0,0,-0.3333333333333333,0,-0.5128108515448381,-0.029411764705882353,-0.2711113081253602
2023-wimbledon-1306,01:05:01,0,1.0,0.5,0.0,0.5294117647058824,-1.0,0.0,0.20588235294117646,0,1,0.0,0.0,0.2028985507246377,0.40096618357487923,0,-1.0,0.0,0.0,0,0,-0.3333333333333333,0,-0.43325867183243544,-0.029411764705882353,-0.2313352182691589
2023-wimbledon-1306,01:06:39,0,1.0,0.45454545454545453,0.0,0.5339805825242718,0.0,1.0,0.7471315092674315,0,1,0.0,0.0,0.49275362318840576,0.7463768115942029,0,0.0,1.0,0.0,1,0,0.6666666666666666,0,-0.354430229662916,-0.20588235294117646,-0.2801562913020462
2023-wimbledon-1306,01:07:12,0,1.0,0.45454545454545453,1.0,0.5288461538461539,-1.0,1.0,0.4972319347319347,0,0,0.0,0.0,0.42028985507246386,0.21014492753623193,0,-1.0,0.0,0.0,0,0,-0.3333333333333333,0,-0.47642045454545456,-0.11764705882352941,-0.297033756684492
2023-wimbledon-1306,01:07:54,0,1.0,0.45454545454545453,0.5,0.5333333333333333,-1.0,1.0,0.41464646464646465,0,0,0.0,0.0,0.46376811594202905,0.23188405797101452,0,-1.0,0.0,0.0,1,0,0.0,0,-0.43214040142758914,-0.14705882352941177,-0.28959961247850047
2023-wimbledon-1306,01:08:31,0,1.0,0.45454545454545453,0.6666666666666666,0.5377358490566038,-1.0,1.0,0.4431579950447875,0,0,0.0,0.0,0.4057971014492754,0.2028985507246377,0,-1.0,1.0,0.0,1,1,0.5,0,-0.5240671878058046,-0.38235294117647056,-0.4532100644911376
2023-wimbledon-1306,01:09:24,0,1.0,0.45454545454545453,0.75,0.5420560747663551,-1.0,1.0,0.45776692155196824,0,1,1.0,0.0,0.5507246376811594,0.8502415458937197,0,-1.0,0.0,0.0,1,1,0.3333333333333333,0,-0.41255506607929515,-0.029411764705882353,-0.22098341539258876
2023-wimbledon-1306,01:10:03,0,1.0,0.5,0.0,0.5370370370370371,0.0,0.0,0.6790123456790124,0,1,0.0,0.0,0.4492753623188406,0.4830917874396135,0,0.0,0.0,0.0,0,0,0.0,0,-0.5031630170316302,-0.029411764705882353,-0.2662873908687563
2023-wimbledon-1306,01:10:27,0,1.0,0.5,0.0,0.5412844036697247,0.0,0.0,0.5103211009174312,0,1,0.0,0.0,0.6666666666666667,0.5555555555555556,0,0.0,0.0,0.0,1,0,0.5,0,-0.5046296296296297,-0.029411764705882353,-0.267020697167756
2023-wimbledon-1306,01:10:47,0,1.0,0.5,0.5,0.5454545454545454,0.0,1.0,0.7090909090909091,0,1,0.0,0.0,0.6956521739130435,0.5652173913043478,0,0.0,1.0,0.0,1,1,1.0,0,-0.5018301506682179,-0.14705882352941177,-0.32444448709881485
2023-wimbledon-1306,01:11:29,0,1.0,0.5,0.6666666666666666,0.5495495495495496,0.0,1.0,0.7432432432432432,0,0,0.0,0.0,0.318840579710145,0.106280193236715,0,0.0,0.0,0.0,1,0,0.5,0,-0.5448765432098766,-0.11764705882352941,-0.331261801016703
2023-wimbledon-1306,01:12:20,0,1.0,0.5,0.75,0.5535714285714286,-0.0,1.0,0.6339285714285715,0,0,0.0,0.0,0.3333333333333335,0.11111111111111116,0,-0.0,0.0,0.0,1,0,0.3333333333333333,0,-0.5794961845300035,-0.1764705882352941,-0.37798338638264883
2023-wimbledon-1306,01:13:04,0,1.0,0.5,0.8,0.5575221238938053,-0.0,1.0,0.6429203539823009,0,1,0.0,0.0,0.6521739130434783,0.5507246376811594,0,-0.0,0.0,0.0,1,0,0.3333333333333333,0,-0.5073595392754303,-0.3235294117647059,-0.41544447552006813
2023-wimbledon-1306,01:14:10,0,1.0,0.5,0.8333333333333334,0.5614035087719298,-0.0,1.0,0.6491228070175439,0,1,0.0,0.0,0.7246376811594204,0.5748792270531401,0,-0.0,0.0,0.0,1,0,0.3333333333333333,0,-0.4363685981988539,-0.029411764705882353,-0.23289018145236812
2023-wimbledon-1306,01:14:41,0,1.0,0.5,0.8571428571428571,0.5565217391304348,-0.0,1.0,0.6522774327122153,0,0,0.0,0.0,0.28985507246376807,0.09661835748792269,0,-0.0,0.0,0.0,0,0,0.0,0,-0.619974507982458,-0.20588235294117646,-0.41292843046181726
2023-wimbledon-1306,01:15:22,0,1.0,0.5,0.75,0.5603448275862069,-0.0,1.0,0.6350574712643678,0,1,0.0,0.0,0.43478260869565233,0.47826086956521746,0,-0.0,0.0,0.0,1,1,0.6666666666666666,0,-0.4924414466325458,-0.23529411764705882,-0.3638677821398023
2023-wimbledon-1306,01:21:56,0,1.0,0.0,0.0,0.5641025641025641,0.0,0.0,0.782051282051282,0,0,0.0,0.0,0.3623188405797102,0.1811594202898551,0,0.0,0.0,0.0,1,0,0.5,0,-0.49524104310144706,-0.029411764705882353,-0.2623264039036647
2023-wimbledon-1306,01:22:23,0,1.0,0.0,1.0,0.5677966101694916,0.0,1.0,0.8919491525423728,0,1,0.0,0.0,0.6376811594202898,0.8188405797101449,0,0.0,1.0,0.0,1,1,1.0,0,-0.45027969369467225,-0.08823529411764705,-0.26925749390615966
2023-wimbledon-1306,01:22:45,0,1.0,0.0,1.0,0.5630252100840336,0.0,0.5,0.7657563025210083,0,0,0.0,0.0,0.4057971014492754,0.2028985507246377,0,0.0,0.0,0.0,0,0,0.0,0,-0.48710880492946323,-0.29411764705882354,-0.3906132259941434
2023-wimbledon-1306,01:23:32,0,1.0,0.0,0.6666666666666666,0.5666666666666667,0.0,0.5,0.6833333333333333,0,1,0.0,0.0,0.6521739130434783,0.8260869565217391,0,0.0,0.0,0.0,1,0,0.5,0,-0.41103305309224925,-0.029411764705882353,-0.2202224088990658
2023-wimbledon-1306,01:23:50,0,1.0,0.0,0.75,0.5702479338842975,-0.0,0.5,0.5640495867768596,0,1,0.0,0.0,0.6086956521739131,0.8043478260869565,0,-0.0,1.0,0.0,1,0,0.5,0,-0.5633111905978538,-0.08823529411764705,-0.32577324235775046
2023-wimbledon-1306,01:24:41,0,1.0,1.0,0.0,0.5655737704918032,0.0,0.0,0.8551912568306012,0,1,0.0,0.0,0.3333333333333335,0.6666666666666667,0,0.0,0.0,0.0,0,0,0.0,0,-0.5236603284356094,-0.029411764705882353,-0.2765360465707459
2023-wimbledon-1306,01:24:57,0,1.0,1.0,0.0,0.5609756097560976,0.0,0.0,0.5121951219512195,0,1,0.0,0.0,0.5942028985507246,0.7971014492753623,0,0.0,0.0,0.0,0,0,0.0,0,-0.453916891377999,-0.029411764705882353,-0.24166432804194068
2023-wimbledon-1306,01:25:13,0,1.0,1.0,0.0,0.5564516129032258,0.0,0.0,0.5112903225806452,0,1,0.0,0.0,0.7246376811594204,0.8623188405797102,0,0.0,0.0,0.0,0,0,0.0,0,-0.5908669345934725,-0.029411764705882353,-0.31013934964967743
2023-wimbledon-1306,01:25:33,0,1.0,1.0,0.0,0.56,0.0,0.0,0.512,0,1,0.0,0.0,0.7826086956521741,0.891304347826087,0,0.0,0.0,0.0,1,0,0.5,0,-0.46136880096243815,-0.058823529411764705,-0.26009616518710144
2023-wimbledon-1306,01:25:57,0,1.0,1.0,0.25,0.5555555555555556,-1.0,0.0,0.3009259259259259,0,0,0.0,0.0,0.30434782608695654,0.15217391304347827,0,-1.0,0.0,0.0,0,0,-0.3333333333333333,0,-0.4827321565617805,-0.08823529411764705,-0.2854837253397138
2023-wimbledon-1306,01:26:36,0,1.0,0.5,0.0,0.5511811023622047,-1.0,0.0,0.26279527559055116,0,1,0.0,0.0,0.6086956521739131,0.8043478260869565,0,-1.0,0.0,0.0,0,0,-0.3333333333333333,0,-0.4528702931606743,-0.23529411764705882,-0.3440822054038666
2023-wimbledon-1306,01:27:04,0,1.0,0.5,0.0,0.5546875,-1.0,1.0,0.3424479166666667,0,1,0.0,0.0,0.7826086956521741,0.891304347826087,0,-1.0,1.0,0.0,1,0,0.25,0,-0.4777420153503342,-0.08823529411764705,-0.28298865473399065
2023-wimbledon-1306,01:27:34,0,1.0,0.5,0.5,0.5503875968992248,-1.0,1.0,0.42506459948320413,0,0,0.0,0.0,0.5217391304347827,0.26086956521739135,0,-1.0,0.0,0.0,0,0,-0.3333333333333333,0,-0.49498293614911176,-0.29411764705882354,-0.39455029160396765
2023-wimbledon-1306,03:45:29,0,1.0,0.5,0.3333333333333333,0.5538461538461539,-1.0,1.0,0.39786324786324784,0,1,0.0,0.0,0.6376811594202898,0.8188405797101449,0,-1.0,1.0,0.0,1,1,0.5,0,-0.552027616554759,-0.08823529411764705,-0.320131455336203
2023-wimbledon-1306,03:45:56,0,1.0,0.5,0.5,0.549618320610687,-1.0,1.0,0.42493638676844786,0,1,0.0,0.0,0.6956521739130435,0.8478260869565217,0,-1.0,0.0,0.0,0,0,-0.3333333333333333,0,-0.5230204002707144,-0.1764705882352941,-0.3497454942530043
2023-wimbledon-1306,03:46:27,0,1.0,0.5,0.4,0.5454545454545454,-1.0,1.0,0.40757575757575754,0,0,0.0,0.0,0.5652173913043479,0.28260869565217395,0,-1.0,0.0,0.0,0,0,-0.25,0,-0.5420847351653914,-0.11764705882352941,-0.3298658969944604
2023-wimbledon-1306,03:48:08,0,1.0,0.3333333333333333,0.0,0.5413533834586466,0.0,0.0,0.6248955722639933,0,1,0.0,0.0,0.5652173913043479,0.782608695652174,0,0.0,0.0,0.0,0,0,0.0,0,-0.545369284876905,-0.029411764705882353,-0.28739052479139365
2023-wimbledon-1306,03:48:23,0,1.0,0.3333333333333333,0.0,0.5447761194029851,0.0,0.0,0.4695273631840796,0,1,0.0,0.0,0.5942028985507246,0.7971014492753623,0,0.0,0.0,0.0,1,0,0.5,0,-0.5045817321903636,-0.058823529411764705,-0.28170263080106417
2023-wimbledon-1306,03:48:46,0,1.0,0.3333333333333333,0.5,0.5481481481481482,-0.0,0.0,0.4762962962962963,0,0,0.0,0.0,0.0,0.0,0,-0.0,0.0,0.0,1,0,0.3333333333333333,0,-0.5451263537906137,-0.0,-0.27256317689530685
2023-wimbledon-1306,03:49:38,0,1.0,0.3333333333333333,0.6666666666666666,0.5514705882352942,-0.0,0.0,0.5102941176470589,0,1,0.0,0.0,0.3913043478260869,0.463768115942029,0,-0.0,0.0,0.0,1,0,0.3333333333333333,0,-0.5845200643596455,-0.11764705882352941,-0.3510835615915875
2023-wimbledon-1306,03:50:14,0,1.0,0.3333333333333333,0.75,0.5547445255474452,-0.0,0.0,0.5276155717761556,0,1,0.0,0.0,0.5072463768115942,0.5024154589371981,0,-0.0,0.0,1.0,1,0,0.5,0,-0.5634983652498833,-0.11764705882352941,-0.34057271203670636
2023-wimbledon-1306,03:51:05,0,1.0,0.5,0.0,0.5579710144927537,0.0,0.0,0.6859903381642513,0,1,0.0,0.0,0.7536231884057971,0.8768115942028986,0,0.0,0.0,0.0,1,0,0.5,0,-0.41071166544387383,-0.029411764705882353,-0.2200617150748781
2023-wimbledon-1306,03:51:24,0,1.0,0.5,1.0,0.5611510791366906,-0.0,0.0,0.6122302158273382,0,0,0.0,0.0,0.37681159420289867,0.18840579710144933,0,-0.0,0.0,0.0,1,0,0.3333333333333333,0,-0.5001874225080015,-0.08823529411764705,-0.2942113583128243
2023-wimbledon-1306,03:52:02,0,1.0,0.5,1.0,0.5642857142857143,-0.0,0.0,0.6128571428571428,0,0,0.0,0.0,0.42028985507246386,0.21014492753623193,0,-0.0,0.0,0.0,1,0,0.3333333333333333,0,-0.3332420591456736,-0.029411764705882353,-0.181326911925778
2023-wimbledon-1306,03:52:33,0,1.0,0.5,1.0,0.5673758865248227,-0.0,0.0,0.6134751773049645,0,1,0.0,0.0,0.3623188405797102,0.6811594202898551,0,-0.0,0.0,0.0,1,0,0.3333333333333333,0,-0.4505003573981415,-0.08823529411764705,-0.26936782575789425
2023-wimbledon-1306,03:54:14,0,1.0,0.6,0.0,0.5633802816901409,0.0,0.0,0.7211267605633803,0,0,0.0,0.0,0.26086956521739135,0.13043478260869568,0,0.0,0.0,0.0,0,0,0.0,0,-0.5050090943211017,-0.14705882352941177,-0.3260339589252568
2023-wimbledon-1306,03:54:48,0,1.0,0.6,0.0,0.5594405594405595,0.0,0.0,0.5398601398601399,0,1,0.0,0.0,0.6521739130434783,0.8260869565217391,0,0.0,0.0,0.0,0,0,0.0,0,-0.5255391010652117,-0.029411764705882353,-0.27747543288554705
2023-wimbledon-1306,03:55:10,0,1.0,0.6,0.0,0.5555555555555556,-1.0,0.0,0.23111111111111118,0,0,0.0,0.0,0.24637681159420288,0.12318840579710144,0,-1.0,0.0,0.0,0,0,-0.3333333333333333,0,-0.5161762910511537,-0.029411764705882353,-0.27279402787851803
2023-wimbledon-1306,03:55:36,0,1.0,0.6,0.0,0.5586206896551724,-1.0,0.0,0.2317241379310345,0,0,0.0,0.0,0.3333333333333335,0.16666666666666674,0,-1.0,0.0,0.0,1,1,0.3333333333333333,0,-0.525425790754258,-0.058823529411764705,-0.29212466008301136
2023-wimbledon-1306,03:56:08,0,1.0,0.6,0.25,0.5547945205479452,-1.0,0.0,0.280958904109589,0,1,0.0,0.0,0.3913043478260869,0.6956521739130435,0,-1.0,0.0,0.0,0,0,-0.3333333333333333,0,-0.5576769292283087,-0.029411764705882353,-0.2935443469670955
2023-wimbledon-1306,03:56:52,0,1.0,0.5,0.0,0.5578231292517006,0.0,0.0,0.6859410430839002,0,1,0.0,0.0,0.6666666666666667,0.8333333333333334,0,0.0,0.0,0.0,1,0,0.5,0,-0.4616975187081529,-0.029411764705882353,-0.24555464170701763
2023-wimbledon-1306,03:57:11,0,1.0,0.5,1.0,0.5608108108108109,0.0,0.0,0.7652027027027027,0,1,0.0,0.0,0.7246376811594204,0.8623188405797102,0,0.0,0.0,0.0,1,1,1.0,0,-0.41198230800160834,-0.08823529411764705,-0.2501088010596277
2023-wimbledon-1306,03:57:35,0,1.0,0.5,1.0,0.5637583892617449,-0.0,0.0,0.612751677852349,0,0,0.0,0.0,0.318840579710145,0.1594202898550725,0,-0.0,0.0,0.0,1,0,0.3333333333333333,0,-0.5601025278416122,-0.029411764705882353,-0.2947571462737473
2023-wimbledon-1306,03:58:05,0,1.0,0.5,1.0,0.5666666666666667,-0.0,0.0,0.6133333333333333,0,0,0.0,0.0,0.49275362318840576,0.24637681159420288,0,-0.0,0.0,0.0,1,1,0.6666666666666666,0,-0.4157465749465287,-0.08823529411764705,-0.2519909345320879
2023-wimbledon-1306,03:59:52,0,1.0,0.5714285714285714,0.0,0.5629139072847682,0.0,0.0,0.7114474929044464,0,0,0.0,0.0,0.30434782608695654,0.15217391304347827,0,0.0,0.0,0.0,0,0,0.0,0,-0.4567929759704251,-0.029411764705882353,-0.24310237033815374
2023-wimbledon-1306,04:00:21,0,1.0,0.5714285714285714,0.0,0.5657894736842105,0.0,1.0,0.6274436090225564,0,1,0.0,0.0,0.6376811594202898,0.8188405797101449,0,0.0,1.0,0.0,1,1,1.0,0,-0.5247906586441465,-0.23529411764705882,-0.38004238814560265
2023-wimbledon-1306,04:00:59,0,1.0,0.5714285714285714,0.5,0.5620915032679739,0.0,1.0,0.7267040149393089,0,1,0.0,0.0,0.7101449275362319,0.855072463768116,0,0.0,0.0,0.0,0,0,0.0,0,-0.5309744779582366,-0.08823529411764705,-0.30960488603794184
2023-wimbledon-1306,04:01:25,0,1.0,0.5714285714285714,0.3333333333333333,0.5584415584415584,0.0,1.0,0.6926406926406926,0,0,0.0,0.0,0.17391304347826098,0.08695652173913049,0,0.0,0.0,0.0,0,0,0.0,0,-0.528238255830523,-0.20588235294117646,-0.3670603043858497
2023-wimbledon-1306,04:02:07,0,1.0,0.5714285714285714,0.25,0.5548387096774193,0.0,1.0,0.6752534562211981,0,1,0.0,0.0,0.34782608695652173,0.6739130434782609,0,0.0,0.0,0.0,0,0,0.0,0,-0.5238162996691687,-0.08823529411764705,-0.30602579689340786
2023-wimbledon-1306,04:02:43,0,1.0,0.5,0.0,0.5576923076923077,0.0,1.0,0.7644230769230769,0,1,0.0,0.0,0.43478260869565233,0.7173913043478262,0,0.0,1.0,0.0,1,0,0.6666666666666666,0,-0.3967979555021046,-0.08823529411764705,-0.24251662480987585
2023-wimbledon-1306,04:03:10,0,1.0,0.5,1.0,0.5605095541401274,0.0,1.0,0.8121019108280254,0,1,0.0,0.0,0.5942028985507246,0.7971014492753623,0,0.0,1.0,0.0,1,1,1.0,0,-0.5042952285962485,-0.14705882352941177,-0.32567702606283017
2023-wimbledon-1306,04:03:39,0,1.0,0.5,1.0,0.5632911392405063,0.0,1.0,0.8126582278481014,0,1,1.0,0.0,0.8115942028985508,0.9371980676328503,0,0.0,0.0,0.0,1,1,1.0,0,-0.46193474527761885,-0.029411764705882353,-0.2456732549917506
2023-wimbledon-1306,04:03:59,0,1.0,0.5,1.0,0.5660377358490566,0.0,1.0,0.8132075471698113,0,0,1.0,0.0,0.46376811594202905,0.48792270531400966,0,0.0,0.0,0.0,1,1,1.0,0,-0.34953222453222454,-0.08823529411764705,-0.2188837593249358
2023-wimbledon-1306,04:05:45,0,1.0,0.5555555555555556,0.0,0.5625,0.0,0.0,0.7060185185185185,0,1,0.0,0.0,0.34782608695652173,0.6739130434782609,0,0.0,0.0,0.0,0,0,0.0,0,-0.4655269058295963,-0.029411764705882353,-0.24746933526773934
2023-wimbledon-1306,04:06:02,0,1.0,0.5555555555555556,0.0,0.5590062111801242,0.0,0.0,0.5286404416839199,0,1,0.0,0.0,0.4057971014492754,0.7028985507246377,0,0.0,0.0,0.0,0,0,0.0,0,-0.5573686894441611,-0.029411764705882353,-0.2933902270750217
2023-wimbledon-1306,04:06:18,0,1.0,0.5555555555555556,0.0,0.5555555555555556,0.0,0.0,0.5277777777777778,0,1,0.0,0.0,0.5942028985507246,0.7971014492753623,0,0.0,0.0,0.0,0,0,0.0,0,-0.47391176181585937,-0.029411764705882353,-0.25166176326087086
2023-wimbledon-1306,04:06:33,0,1.0,0.5555555555555556,0.0,0.5521472392638037,0.0,0.0,0.5269256987048399,0,1,0.0,0.0,0.3623188405797102,0.6811594202898551,0,0.0,0.0,0.0,0,0,0.0,0,-0.5454964142377787,-0.029411764705882353,-0.28745408947183054
2023-wimbledon-1306,04:07:20,0,1.0,0.5,0.0,0.5548780487804879,0.0,1.0,0.7637195121951219,0,1,0.0,0.0,0.5217391304347827,0.7608695652173914,0,0.0,1.0,0.0,1,0,0.6666666666666666,0,-0.525528572363684,-0.08823529411764705,-0.30688193324066554
2023-wimbledon-1306,04:07:48,0,1.0,0.5,1.0,0.5575757575757576,-0.0,1.0,0.6762626262626262,0,0,0.0,0.0,0.318840579710145,0.1594202898550725,0,-0.0,0.0,0.0,1,0,0.3333333333333333,0,-0.4706370900763605,-0.5,-0.4853185450381803
2023-wimbledon-1306,04:08:51,0,1.0,0.5,1.0,0.5602409638554217,-0.0,1.0,0.6767068273092369,0,1,1.0,0.0,0.8115942028985508,0.9371980676328503,0,-0.0,0.0,0.0,1,1,0.6666666666666666,0,-0.4312883435582822,-0.029411764705882353,-0.2303500541320823
2023-wimbledon-1306,04:09:14,0,1.0,0.5,1.0,0.5568862275449101,-0.0,1.0,0.6761477045908183,0,0,1.0,0.0,0.42028985507246386,0.4734299516908213,0,-0.0,0.0,0.0,0,0,0.0,0,-0.5382192252793228,-0.11764705882352941,-0.3279331420514261
2023-wimbledon-1306,04:09:55,0,1.0,0.5,0.75,0.5535714285714286,-0.5,1.0,0.5505952380952381,0,1,1.0,0.0,0.6811594202898552,0.8937198067632851,0,-0.5,0.0,0.0,0,0,-0.16666666666666666,0,-0.3975121092029943,-0.058823529411764705,-0.2281678193073795
2023-wimbledon-1306,04:10:23,0,1.0,0.5,0.6,0.5562130177514792,-0.5,1.0,0.5260355029585799,0,1,1.0,0.0,0.7681159420289856,0.9227053140096618,0,-0.5,0.0,0.0,1,1,0.5,0,-0.4249233309742864,-0.08823529411764705,-0.2565793125459667
2023-wimbledon-1306,04:12:16,0,1.0,0.5454545454545454,0.0,0.5529411764705883,0.0,0.0,0.6994652406417113,0,1,0.0,0.0,0.7101449275362319,0.5700483091787439,0,0.0,0.0,0.0,0,0,0.0,0,-0.39096163951655283,-0.029411764705882353,-0.2101867021112176
2023-wimbledon-1306,04:12:35,0,1.0,0.5454545454545454,0.0,0.5555555555555556,0.0,0.0,0.5252525252525253,0,0,0.0,0.0,0.34782608695652173,0.11594202898550725,0,0.0,0.0,0.0,1,0,0.5,0,-0.49914541151722325,-0.058823529411764705,-0.278984470464494
2023-wimbledon-1306,04:13:10,0,1.0,0.5454545454545454,0.5,0.5581395348837209,-0.0,0.0,0.5207188160676532,0,1,0.0,0.0,0.46376811594202905,0.48792270531400966,0,-0.0,0.0,0.0,1,0,0.3333333333333333,0,-0.5703070884322328,-0.11764705882352941,-0.3439770736278811
2023-wimbledon-1306,04:13:47,0,1.0,0.5454545454545454,0.6666666666666666,0.5549132947976878,-0.5,0.0,0.4534069013837799,0,1,0.0,0.0,0.6231884057971016,0.5410628019323672,0,-0.5,0.0,0.0,0,0,-0.16666666666666666,0,-0.5483634518338925,-0.08823529411764705,-0.31829937297576977
2023-wimbledon-1306,04:14:21,0,1.0,0.5454545454545454,0.5,0.5517241379310345,-0.6666666666666666,0.0,0.38610240334378265,0,1,0.0,0.0,0.6086956521739131,0.5362318840579711,0,-0.6666666666666666,0.0,0.0,0,0,-0.2222222222222222,0,-0.552990128090071,-0.08823529411764705,-0.320612711103859
2023-wimbledon-1306,04:14:49,0,1.0,0.5454545454545454,0.4,0.5485714285714286,-0.6666666666666666,0.0,0.36547186147186145,0,1,0.0,0.0,0.7536231884057971,0.5845410628019324,0,-0.6666666666666666,0.0,0.0,0,0,-0.2222222222222222,0,-0.5692507901096858,-0.029411764705882353,-0.2993312774077841
2023-wimbledon-1306,04:15:23,0,1.0,0.5,0.0,0.5511363636363636,0.0,0.0,0.6837121212121212,0,1,0.0,0.0,0.6521739130434783,0.8260869565217391,0,0.0,0.0,0.0,1,0,0.5,0,-0.4952134540750323,-0.029411764705882353,-0.2623126093904573
2023-wimbledon-1306,04:15:49,0,1.0,0.5,1.0,0.5480225988700564,0.0,0.0,0.6096045197740112,0,1,0.0,0.0,0.5652173913043479,0.782608695652174,0,0.0,0.0,0.0,0,0,0.0,0,-0.5612422454229081,-0.08823529411764705,-0.3247387697702776
2023-wimbledon-1306,04:16:13,0,1.0,0.5,0.5,0.550561797752809,-0.0,0.0,0.4250936329588015,0,0,0.0,0.0,0.0,0.0,0,-0.0,0.0,0.0,1,0,0.3333333333333333,0,-0.5204755614266842,-0.0,-0.2602377807133421
2023-wimbledon-1306,04:16:47,0,1.0,0.5,0.6666666666666666,0.553072625698324,-0.0,0.0,0.45328988206083176,0,0,0.0,0.0,0.49275362318840576,0.16425120772946858,0,-0.0,0.0,0.0,1,0,0.3333333333333333,0,-0.5176601184068891,-0.08823529411764705,-0.3029477062622681
2023-wimbledon-1306,04:17:22,0,1.0,0.5,0.75,0.5555555555555556,-0.0,0.0,0.46759259259259256,0,1,1.0,0.0,0.536231884057971,0.6340579710144927,0,-0.0,0.0,0.0,1,1,0.6666666666666666,0,-0.4224464060529634,-0.029411764705882353,-0.22592908537942288
2023-wimbledon-1306,04:18:36,0,1.0,0.5,0.8,0.5524861878453039,-0.5,0.0,0.3920810313075506,0,0,1.0,0.0,0.24637681159420288,0.3115942028985507,0,-0.5,0.0,0.0,0,0,-0.16666666666666666,0,-0.5751605370694688,-0.08823529411764705,-0.33169791559355793
2023-wimbledon-1306,04:19:53,0,1.0,0.5,0.6666666666666666,0.5494505494505495,-0.5,0.0,0.3693528693528694,0,1,0.5,0.0,0.5507246376811594,0.5126811594202898,0,-0.5,0.0,0.0,0,0,-0.16666666666666666,0,-0.45197091465748185,-0.029411764705882353,-0.2406913396816821
2023-wimbledon-1306,04:20:19,0,1.0,0.5,0.5714285714285714,0.5519125683060109,-0.5,0.0,0.35389018995576366,0,1,0.5,0.0,0.8115942028985508,0.5778985507246377,0,-0.5,0.0,0.0,1,1,0.5,0,-0.441923139114968,-0.08823529411764705,-0.2650792166163075
2023-wimbledon-1306,04:20:44,0,1.0,0.5,0.625,0.5489130434782609,-0.5,0.0,0.36231884057971014,0,1,0.5,0.0,0.855072463768116,0.588768115942029,0,-0.5,0.0,0.0,0,0,-0.125,0,-0.5214304180824346,-0.4117647058823529,-0.46659756198239377
2023-wimbledon-1306,04:21:38,0,1.0,0.5,0.5555555555555556,0.5459459459459459,-0.5,0.0,0.35025025025025025,0,1,0.5,0.0,0.4057971014492754,0.47644927536231885,0,-0.5,0.0,0.0,0,0,-0.16666666666666666,0,-0.5963211215718379,-0.14705882352941177,-0.37168997255062486
2023-wimbledon-1306,04:22:16,0,1.0,0.5,0.5,0.543010752688172,-0.5,0.0,0.34050179211469533,0,1,0.5,0.0,0.4492753623188406,0.48731884057971014,0,-0.5,0.0,0.0,0,0,-0.125,0,-0.4555234425176622,-0.029411764705882353,-0.24246760361177228
2023-wimbledon-1306,04:22:44,0,1.0,0.5,0.45454545454545453,0.5401069518716578,-0.6666666666666666,0.0,0.3046642899584076,0,0,0.5,-0.5,0.0,0.0,0,-0.6666666666666666,0.0,0.0,0,0,-0.2222222222222222,0,-0.654906572585914,-0.0,-0.327453286292957
2023-wimbledon-1306,04:25:27,0,0.6666666666666666,0.0,0.0,0.5372340425531915,-1.0,0.0,0.06796690307328605,0,1,0.0,0.0,0.5942028985507246,0.7971014492753623,0,-1.0,0.0,0.0,0,0,-0.3333333333333333,0,-0.5163864917444007,-0.08823529411764705,-0.30231089293102387
2023-wimbledon-1306,04:25:45,0,0.6666666666666666,0.0,0.0,0.5396825396825397,-1.0,0.0,0.05158730158730157,0,1,0.0,0.0,0.318840579710145,0.6594202898550725,0,-1.0,0.0,0.0,1,1,0.3333333333333333,0,-0.4245697683081278,-0.058823529411764705,-0.24169664885994627
2023-wimbledon-1306,04:26:05,0,0.6666666666666666,0.0,0.5,0.5368421052631579,-1.0,0.0,0.17587719298245608,0,0,0.0,0.0,0.318840579710145,0.1594202898550725,0,-1.0,0.0,0.0,0,0,-0.3333333333333333,0,-0.5200789637361746,-0.14705882352941177,-0.3335688936327932
2023-wimbledon-1306,04:26:43,0,0.6666666666666666,0.0,0.3333333333333333,0.5340314136125655,-1.0,0.0,0.13350785340314136,0,1,0.0,0.0,0.8260869565217392,0.9130434782608696,0,-1.0,0.0,0.0,0,0,-0.3333333333333333,0,-0.49405393333705544,-0.029411764705882353,-0.26173284902146887
2023-wimbledon-1306,04:27:04,0,0.6666666666666666,0.0,0.25,0.53125,-1.0,0.0,0.11197916666666663,0,0,0.0,0.0,0.37681159420289867,0.18840579710144933,0,-1.0,0.0,0.0,0,0,-0.3333333333333333,0,-0.626186660091234,-0.029411764705882353,-0.3277992123985582
2023-wimbledon-1306,04:28:04,0,0.6666666666666666,0.0,0.0,0.533678756476684,0.0,0.0,0.4001151410477835,0,1,0.0,0.0,0.5942028985507246,0.7971014492753623,0,0.0,0.0,0.0,1,0,0.5,0,-0.46987341772151897,-0.029411764705882353,-0.24964259121370067
2023-wimbledon-1306,04:28:22,0,0.6666666666666666,0.0,1.0,0.5360824742268041,0.0,1.0,0.6405498281786941,0,1,0.0,0.0,0.7246376811594204,0.8623188405797102,0,0.0,1.0,0.0,1,0,0.6666666666666666,0,-0.393998585525208,-0.08823529411764705,-0.2411169398214275
2023-wimbledon-1306,04:28:46,0,0.6666666666666666,0.0,1.0,0.5333333333333333,-1.0,1.0,0.36666666666666664,0,0,0.0,0.0,0.46376811594202905,0.23188405797101452,0,-1.0,0.0,0.0,0,0,-0.3333333333333333,0,-0.5253662706718155,-0.11764705882352941,-0.3215066647476725
2023-wimbledon-1306,04:29:23,0,0.6666666666666666,0.0,0.6666666666666666,0.5357142857142857,-1.0,1.0,0.3115079365079365,0,1,0.0,0.0,0.7246376811594204,0.8623188405797102,0,-1.0,0.0,0.0,1,0,0.0,0,-0.46284702199522204,-0.08823529411764705,-0.27554115805643453
2023-wimbledon-1306,04:29:52,0,0.6666666666666666,0.0,0.75,0.5380710659898477,-1.0,1.0,0.32578962210941903,0,1,1.0,0.0,0.7536231884057971,0.9178743961352657,0,-1.0,0.0,0.0,1,1,0.3333333333333333,0,-0.4417655786350149,-0.029411764705882353,-0.23558867167044864
2023-wimbledon-1306,04:30:26,0,0.6666666666666666,0.5,0.0,0.5353535353535354,0.0,0.0,0.5673400673400674,0,1,0.0,0.0,0.5072463768115942,0.7536231884057971,0,0.0,0.0,0.0,0,0,0.0,0,-0.5829776550338941,-0.029411764705882353,-0.3061947098698882
2023-wimbledon-1306,04:30:42,0,0.6666666666666666,0.5,0.0,0.5326633165829145,0.0,0.0,0.3398659966499162,0,0,0.0,0.0,0.3913043478260869,0.19565217391304346,0,0.0,0.0,0.0,0,0,0.0,0,-0.3670494699646643,-0.08823529411764705,-0.22764238204115567
2023-wimbledon-1306,04:31:15,0,0.6666666666666666,0.5,0.0,0.53,0.0,0.0,0.3393333333333333,0,1,0.0,0.0,0.43478260869565233,0.7173913043478262,0,0.0,0.0,0.0,0,0,0.0,0,-0.46445589808421667,-0.029411764705882353,-0.2469338313950495
2023-wimbledon-1306,04:31:33,0,0.6666666666666666,0.5,0.0,0.5323383084577115,0.0,0.0,0.3398009950248756,0,1,0.0,0.0,0.1594202898550725,0.5797101449275363,0,0.0,0.0,0.0,1,1,1.0,0,-0.5739819677003863,-0.1764705882352941,-0.37522627796784025
2023-wimbledon-1306,04:32:04,0,0.6666666666666666,0.5,0.25,0.5297029702970297,0.0,0.0,0.38927392739273925,0,1,0.0,0.0,0.6956521739130435,0.8478260869565217,0,0.0,0.0,0.0,0,0,0.0,0,-0.5117784105617396,-0.029411764705882353,-0.27059508763381096
2023-wimbledon-1306,04:33:34,0,0.6666666666666666,0.3333333333333333,0.0,0.5270935960591133,0.0,0.0,0.5090311986863711,0,0,0.0,0.0,0.3623188405797102,0.1811594202898551,0,0.0,0.0,0.0,0,0,0.0,0,-0.2841654989305996,-0.11764705882352941,-0.20090627887706453
2023-wimbledon-1306,04:34:07,0,0.6666666666666666,0.3333333333333333,0.0,0.5245098039215687,0.0,0.0,0.38112745098039214,0,1,0.0,0.0,0.6956521739130435,0.8478260869565217,0,0.0,0.0,0.0,0,0,0.0,0,-0.44082558735270433,-0.11764705882352941,-0.27923632308811686
2023-wimbledon-1306,04:34:32,0,0.6666666666666666,0.3333333333333333,0.0,0.5219512195121951,-1.0,0.0,0.10439024390243903,0,0,0.0,-1.0,0.0,-0.5,0,-1.0,0.0,0.0,0,0,-0.3333333333333333,0,-0.8201539538138559,-0.0,-0.41007697690692796
2023-wimbledon-1306,04:35:04,0,0.6666666666666666,0.3333333333333333,0.0,0.5242718446601942,-1.0,0.0,0.10485436893203884,0,1,0.0,-1.0,0.6376811594202898,0.21256038647342992,0,-1.0,0.0,0.0,1,0,0.0,0,-0.4144616607071911,-0.029411764705882353,-0.22193671270653673
2023-wimbledon-1306,04:35:24,0,0.6666666666666666,0.3333333333333333,0.25,0.5265700483091788,-0.5,0.0,0.25531400966183576,0,1,0.0,-1.0,0.7536231884057971,0.25120772946859904,0,-0.5,0.0,0.0,1,0,0.16666666666666666,0,-0.5108516847970285,-0.08823529411764705,-0.2995434894573378
2023-wimbledon-1306,04:35:47,0,0.6666666666666666,0.3333333333333333,0.4,0.5288461538461539,-0.5,0.0,0.2857692307692307,0,0,0.0,-1.0,0.21739130434782616,-0.2608695652173913,0,-0.5,0.0,0.0,1,0,0.16666666666666666,0,-0.6627287295494354,-0.08823529411764705,-0.37548201183354124
2023-wimbledon-1306,04:36:24,0,0.6666666666666666,0.3333333333333333,0.5,0.5311004784688995,-0.3333333333333333,1.0,0.44962785752259443,0,1,0.0,-1.0,0.4782608695652175,0.1594202898550725,0,-0.3333333333333333,1.0,0.0,1,0,0.4166666666666667,0,-0.5046508474576271,-0.08823529411764705,-0.2964430707876371
2023-wimbledon-1306,04:36:49,0,0.6666666666666666,0.3333333333333333,0.5714285714285714,0.5333333333333333,-0.3333333333333333,1.0,0.4619047619047619,0,0,0.0,-1.0,0.10144927536231885,-0.2995169082125604,0,-0.3333333333333333,0.0,0.0,1,1,0.5555555555555556,0,-0.4799088723854627,-0.20588235294117646,-0.3428956126633196
2023-wimbledon-1306,04:37:47,0,0.6666666666666666,0.5,0.0,0.5355450236966824,0.0,0.0,0.5674038967877829,0,1,0.0,0.0,0.7391304347826086,0.8695652173913043,0,0.0,0.0,0.0,1,0,0.5,0,-0.45195132186319764,-0.11764705882352941,-0.28479919034336354
2023-wimbledon-1306,04:38:22,0,0.6666666666666666,0.5,1.0,0.5330188679245284,0.0,0.0,0.6749213836477987,0,1,0.0,0.0,0.5652173913043479,0.782608695652174,0,0.0,0.0,0.0,0,0,0.0,0,-0.5443372599944347,-0.08823529411764705,-0.3162862770560409
2023-wimbledon-1306,04:38:52,0,0.6666666666666666,0.5,0.5,0.5352112676056338,0.0,0.0,0.550469483568075,0,1,0.0,0.0,0.43478260869565233,0.7173913043478262,0,0.0,0.0,0.0,1,1,1.0,0,-0.533147949187891,-0.11764705882352941,-0.3253975040057102
2023-wimbledon-1306,04:39:30,0,0.6666666666666666,0.5,0.6666666666666666,0.5327102803738317,-1.0,0.0,0.27320872274143293,0,1,0.0,0.0,0.4492753623188406,0.7246376811594203,0,-1.0,0.0,0.0,0,0,-0.3333333333333333,0,-0.5676957657091858,-0.20588235294117646,-0.38678905932518115
2023-wimbledon-1306,04:40:06,0,0.6666666666666666,0.5,0.5,0.5302325581395348,-1.0,0.0,0.23937984496124026,0,1,0.0,0.0,0.6231884057971016,0.8115942028985508,0,-1.0,0.0,0.0,0,0,-0.3333333333333333,0,-0.4222821203953279,-0.029411764705882353,-0.22584694255060514
2023-wimbledon-1306,04:40:34,0,0.6666666666666666,0.5,0.4,0.5324074074074074,-1.0,0.0,0.21981481481481477,0,1,0.0,0.0,0.28985507246376807,0.644927536231884,0,-1.0,0.0,0.0,1,0,0.0,0,-0.483997509339975,-0.11764705882352941,-0.3008222840817522
2023-wimbledon-1306,04:41:08,0,0.6666666666666666,0.5,0.5,0.5345622119815668,-0.5,0.0,0.34024577572964665,0,1,0.0,0.0,0.6956521739130435,0.8478260869565217,0,-0.5,0.0,0.0,1,0,0.16666666666666666,0,-0.4638454024657461,-0.058823529411764705,-0.2613344659387554
2023-wimbledon-1306,04:41:42,0,0.6666666666666666,0.5,0.5714285714285714,0.5321100917431193,-0.6666666666666666,0.0,0.32070773263433816,0,1,0.0,0.0,0.30434782608695654,0.6521739130434783,0,-0.6666666666666666,0.0,0.0,0,0,-0.2222222222222222,0,-0.5123744089834515,-0.14705882352941177,-0.32971661625643167
2023-wimbledon-1306,04:42:17,0,0.6666666666666666,0.5,0.5,0.5296803652968036,-0.6666666666666666,0.0,0.30593607305936077,0,1,0.0,0.0,0.6956521739130435,0.8478260869565217,0,-0.6666666666666666,0.0,0.0,0,0,-0.2222222222222222,0,-0.5101033615792904,-0.029411764705882353,-0.26975756314258637
2023-wimbledon-1306,04:42:41,0,0.6666666666666666,0.5,0.42857142857142855,0.5318181818181819,-0.6666666666666666,0.0,0.2920779220779221,0,1,0.0,0.0,0.6956521739130435,0.8478260869565217,0,-0.6666666666666666,0.0,0.0,1,1,0.4444444444444445,0,-0.5384357448235393,-0.11764705882352941,-0.32804140182353436
2023-wimbledon-1306,04:43:15,0,0.6666666666666666,0.5,0.5,0.5294117647058824,-0.6666666666666666,0.0,0.30588235294117644,0,1,0.0,0.0,0.7246376811594204,0.8623188405797102,0,-0.6666666666666666,0.0,0.0,0,0,-0.2222222222222222,0,-0.5439596760865972,-0.029411764705882353,-0.2866857203962398
2023-wimbledon-1306,04:43:38,0,0.6666666666666666,0.5,0.42857142857142855,0.527027027027027,-0.6666666666666666,0.0,0.2425997425997426,0,1,0.0,0.0,0.536231884057971,0.7681159420289855,0,-0.6666666666666666,0.0,0.0,0,0,-0.16666666666666666,0,-0.508705436456236,-0.08823529411764705,-0.29847036528694154
2023-wimbledon-1306,04:45:16,0,0.6666666666666666,0.4,0.0,0.5291479820627802,0.0,1.0,0.6489536621823617,0,1,0.0,0.0,0.5942028985507246,0.7971014492753623,0,0.0,1.0,0.0,1,1,1.0,0,-0.57570507010716,-0.14705882352941177,-0.3613819468182859
2023-wimbledon-1306,04:46:05,0,0.6666666666666666,0.4,1.0,0.53125,0.0,1.0,0.7195833333333332,0,1,0.0,0.0,0.7391304347826086,0.8695652173913043,0,0.0,0.0,0.0,1,0,0.5,0,-0.4783147459727385,-0.029411764705882353,-0.2538632553393104
2023-wimbledon-1306,04:46:25,0,0.6666666666666666,0.4,1.0,0.5333333333333333,0.0,1.0,0.72,0,1,1.0,0.0,0.7391304347826086,0.9130434782608695,0,0.0,0.0,0.0,1,1,1.0,0,-0.4862604540023895,-0.029411764705882353,-0.2578361093541359
2023-wimbledon-1306,04:46:43,0,0.6666666666666666,0.4,1.0,0.5309734513274337,-1.0,1.0,0.43294001966568335,0,1,1.0,0.0,0.4057971014492754,0.8019323671497585,0,-1.0,0.0,0.0,0,0,-0.3333333333333333,0,-0.5119504703397966,-0.11764705882352941,-0.314798764581663
2023-wimbledon-1306,04:47:12,0,0.6666666666666666,0.4,0.75,0.5330396475770925,-1.0,1.0,0.39161771904062653,0,1,1.0,0.0,0.8115942028985508,0.9371980676328503,0,-1.0,1.0,0.0,1,1,0.5,0,-0.570316001792918,-0.08823529411764705,-0.3292756479552825
2023-wimbledon-1306,04:47:50,0,0.6666666666666666,0.5,0.0,0.5350877192982456,0.0,0.0,0.5672514619883041,0,1,0.0,0.0,0.34782608695652173,0.6739130434782609,0,0.0,0.0,0.0,1,0,0.5,0,-0.5543973081744409,-0.058823529411764705,-0.3066104187931028
2023-wimbledon-1306,04:48:17,0,0.6666666666666666,0.5,1.0,0.537117903930131,-0.0,0.0,0.5407569141193596,0,1,0.0,0.0,0.6956521739130435,0.8478260869565217,0,-0.0,0.0,0.0,1,0,0.3333333333333333,0,-0.5350056369785795,-0.23529411764705882,-0.38514987731281913
2023-wimbledon-1306,04:49:01,0,0.6666666666666666,0.5,1.0,0.5347826086956522,-0.0,0.0,0.5402898550724637,0,1,0.0,0.0,0.7536231884057971,0.8768115942028986,0,-0.0,0.0,0.0,0,0,0.0,0,-0.44863684711414653,-0.029411764705882353,-0.23902430591001445
2023-wimbledon-1306,04:49:30,0,0.6666666666666666,0.5,0.6666666666666666,0.5367965367965368,-0.0,0.0,0.47402597402597396,0,0,0.0,0.0,0.318840579710145,0.1594202898550725,0,-0.0,0.0,0.0,1,0,0.3333333333333333,0,-0.5035875247881738,-0.11764705882352941,-0.3106172918058516
2023-wimbledon-1306,04:50:11,0,0.6666666666666666,0.5,0.75,0.5344827586206896,-0.0,0.0,0.4902298850574712,0,1,0.0,0.0,0.43478260869565233,0.7173913043478262,0,-0.0,0.0,0.0,0,0,0.0,0,-0.5556339131797524,-0.029411764705882353,-0.2925228389428174
2023-wimbledon-1306,04:50:34,0,0.6666666666666666,0.5,0.6,0.5321888412017167,-0.0,0.0,0.4597711015736767,0,1,0.0,0.0,0.536231884057971,0.7681159420289855,0,-0.0,0.0,0.0,0,0,0.0,0,-0.5429929889596261,-0.029411764705882353,-0.28620237683275424
2023-wimbledon-1306,04:50:55,0,0.6666666666666666,0.5,0.5,0.5299145299145299,-0.0,0.0,0.43931623931623925,0,1,0.0,0.0,0.5797101449275364,0.7898550724637682,0,-0.0,0.0,0.0,0,0,0.0,0,-0.5771086726599682,-0.029411764705882353,-0.3032602186829253
2023-wimbledon-1306,04:51:18,0,0.6666666666666666,0.5,0.42857142857142855,0.5319148936170213,-0.0,0.0,0.4254305977710233,0,1,0.0,0.0,0.6086956521739131,0.8043478260869565,0,-0.0,0.0,0.0,1,0,0.3333333333333333,0,-0.487696273728615,-0.11764705882352941,-0.3026716662760722
2023-wimbledon-1306,04:51:53,0,0.6666666666666666,0.5,0.5,0.5296610169491526,-0.5,0.0,0.33926553672316384,0,0,0.0,0.0,0.2753623188405798,0.1376811594202899,0,-0.5,0.0,0.0,0,0,-0.16666666666666666,0,-0.5141158658770094,-0.20588235294117646,-0.35999910940909297
2023-wimbledon-1306,04:52:37,0,0.6666666666666666,0.5,0.42857142857142855,0.5274261603375527,-0.5,0.0,0.32453285111512964,0,1,0.0,0.0,0.5072463768115942,0.7536231884057971,0,-0.5,0.0,0.0,0,0,-0.16666666666666666,0,-0.3604777763545536,-0.029411764705882353,-0.19494477053021797
2023-wimbledon-1306,04:54:23,0,0.6666666666666666,0.42857142857142855,0.0,0.5294117647058824,0.0,1.0,0.6561624649859944,0,0,0.0,0.0,0.3333333333333335,0.16666666666666674,0,0.0,1.0,0.0,1,1,1.0,0,-0.3529419795221843,-0.20588235294117646,-0.2794121662316804
2023-wimbledon-1306,04:55:05,0,0.6666666666666666,0.42857142857142855,1.0,0.5313807531380753,0.0,1.0,0.725323769675234,0,1,0.0,0.0,0.6231884057971016,0.8115942028985508,0,0.0,1.0,0.0,1,1,1.0,0,-0.3897343177138265,-0.08823529411764705,-0.2389848059157368
2023-wimbledon-1306,04:55:29,0,0.6666666666666666,0.42857142857142855,1.0,0.5333333333333333,-0.0,1.0,0.6047619047619047,0,0,0.0,0.0,0.318840579710145,0.1594202898550725,0,-0.0,0.0,0.0,1,0,0.3333333333333333,0,-0.3612145748987854,-0.08823529411764705,-0.22472493450821623
2023-wimbledon-1306,04:56:16,0,0.6666666666666666,0.42857142857142855,1.0,0.5311203319502075,-0.0,1.0,0.6043930711980504,0,0,0.0,0.0,0.26086956521739135,0.13043478260869568,0,-0.0,0.0,0.0,0,0,0.0,0,-0.5994710842772317,-0.058823529411764705,-0.3291473068444982
2023-wimbledon-1306,04:57:07,0,0.6666666666666666,0.42857142857142855,0.75,0.5289256198347108,-0.0,1.0,0.562360619178801,0,0,0.0,0.0,0.3623188405797102,0.1811594202898551,0,-0.0,0.0,0.0,0,0,0.0,0,-0.5428758169934641,-0.29411764705882354,-0.4184967320261438
2023-wimbledon-1306,04:57:52,0,0.6666666666666666,0.42857142857142855,0.6,0.5308641975308642,-0.0,1.0,0.5376837154614932,0,1,0.0,0.0,0.5942028985507246,0.7971014492753623,0,-0.0,1.0,0.0,1,1,0.75,0,-0.4536820882852292,-0.08823529411764705,-0.2709586912014381
2023-wimbledon-1306,04:58:45,0,0.6666666666666666,0.5,0.0,0.5286885245901639,0.0,0.0,0.5651183970856102,0,1,0.0,0.0,0.3623188405797102,0.6811594202898551,0,0.0,0.0,0.0,0,0,0.0,0,-0.5334798074911069,-0.029411764705882353,-0.28144578609849463
2023-wimbledon-1306,04:59:05,0,0.6666666666666666,0.5,0.0,0.5265306122448979,0.0,0.0,0.42329931972789114,0,1,0.0,0.0,0.6811594202898552,0.5603864734299517,0,0.0,0.0,0.0,0,0,0.0,0,-0.4893064876957494,-0.029411764705882353,-0.25935912620081586
2023-wimbledon-1306,04:59:23,0,0.6666666666666666,0.5,0.0,0.524390243902439,0.0,0.0,0.3382113821138211,0,1,0.0,0.0,0.7971014492753623,0.5990338164251208,0,0.0,0.0,0.0,0,0,0.0,0,-0.43371232629489265,-0.14705882352941177,-0.2903855749121522
2023-wimbledon-1306,04:59:48,0,0.6666666666666666,0.5,0.0,0.5222672064777328,0.0,0.0,0.3377867746288799,0,0,0.0,0.0,0.5652173913043479,0.1884057971014493,0,0.0,0.0,0.0,0,0,0.0,0,-0.49777330843269646,-0.14705882352941177,-0.3224160659810541
2023-wimbledon-1306,05:01:32,0,0.6666666666666666,0.4444444444444444,0.0,0.5201612903225806,-1.0,0.0,0.15781810035842292,0,0,0.0,0.0,0.46376811594202905,0.23188405797101452,0,-1.0,0.0,0.0,0,0,-0.3333333333333333,0,-0.4275099286842891,-0.058823529411764705,-0.24316672904802691
2023-wimbledon-1306,05:02:01,0,0.6666666666666666,0.4444444444444444,0.0,0.5220883534136547,-0.5,0.0,0.22663989290495318,0,0,0.0,0.0,0.3913043478260869,0.19565217391304346,0,-0.5,0.0,0.0,1,0,0.16666666666666666,0,-0.5469512887475871,-0.029411764705882353,-0.28818152672673475
2023-wimbledon-1306,05:02:33,0,0.6666666666666666,0.4444444444444444,0.5,0.524,-0.5,0.0,0.3270222222222222,0,1,0.0,0.0,0.6521739130434783,0.8260869565217391,0,-0.5,0.0,0.0,1,0,0.16666666666666666,0,-0.4824167312161115,-0.029411764705882353,-0.25591424796099693
2023-wimbledon-1306,05:02:52,0,0.6666666666666666,0.4444444444444444,0.6666666666666666,0.5258964143426295,-0.3333333333333333,0.0,0.39406817175741476,0,0,0.0,0.0,0.34782608695652173,0.17391304347826086,0,-0.3333333333333333,0.0,0.0,1,0,0.22222222222222224,0,-0.5202342332435256,-0.14705882352941177,-0.3336465283864687
2023-wimbledon-1306,05:03:32,0,0.6666666666666666,0.4444444444444444,0.75,0.5238095238095238,-0.3333333333333333,0.0,0.4103174603174603,0,0,0.0,0.0,0.3623188405797102,0.1811594202898551,0,-0.3333333333333333,0.0,0.0,0,0,-0.1111111111111111,0,-0.5515785691830961,-0.11764705882352941,-0.3346128140033128
2023-wimbledon-1306,05:04:07,0,0.6666666666666666,0.4444444444444444,0.6,0.5217391304347826,-0.3333333333333333,0.0,0.3165861513687601,0,1,0.0,0.0,0.7971014492753623,0.8985507246376812,0,-0.3333333333333333,0.0,0.0,0,0,-0.08333333333333333,0,-0.4979968605768105,-0.1764705882352941,-0.33723372440605226
2023-wimbledon-1306,05:04:39,0,0.6666666666666666,0.4444444444444444,0.5,0.5236220472440944,-0.3333333333333333,0.0,0.3002333041703121,0,1,1.0,0.0,0.4782608695652175,0.8260869565217392,0,-0.3333333333333333,0.0,0.0,1,1,0.5555555555555556,0,-0.3550185873605948,-0.029411764705882353,-0.19221517603323857
2023-wimbledon-1306,05:05:00,0,0.6666666666666666,0.4444444444444444,0.5714285714285714,0.5215686274509804,-0.3333333333333333,0.0,0.3117958294428883,0,1,1.0,0.0,0.6811594202898552,0.8937198067632851,0,-0.3333333333333333,0.0,0.0,0,0,-0.1111111111111111,0,-0.5184752104770813,-0.058823529411764705,-0.28864936994442303
2023-wimbledon-1306,05:05:19,0,0.6666666666666666,0.4444444444444444,0.5,0.5234375,-0.3333333333333333,0.0,0.30020254629629634,0,1,1.0,0.0,0.8260869565217392,0.9420289855072465,0,-0.3333333333333333,0.0,0.0,1,0,0.22222222222222224,0,-0.4523129640205597,-0.029411764705882353,-0.24086236436322103
2023-wimbledon-1306,05:05:41,0,0.6666666666666666,0.4444444444444444,0.5714285714285714,0.5252918287937743,-0.25,0.0,0.3263052518889095,0,0,1.0,0.0,0.3913043478260869,0.463768115942029,0,-0.25,0.0,0.0,1,0,0.25,0,-0.482347516796206,-0.029411764705882353,-0.2558796407510442
2023-wimbledon-1306,05:06:31,0,0.6666666666666666,0.5,0.0,0.5232558139534884,0.0,0.0,0.5633074935400516,0,1,0.0,0.0,0.7246376811594204,0.8623188405797102,0,0.0,0.0,0.0,0,0,0.0,0,-0.42736875295601445,-0.08823529411764705,-0.25780202353683074
2023-wimbledon-1306,05:06:57,0,0.6666666666666666,0.5,0.0,0.5212355212355212,0.0,0.0,0.42197554697554696,0,1,0.0,0.0,0.5072463768115942,0.7536231884057971,0,0.0,0.0,0.0,0,0,0.0,0,-0.5724885287513425,-0.029411764705882353,-0.3009501467286124
2023-wimbledon-1306,05:07:15,0,0.6666666666666666,0.5,0.0,0.5192307692307693,0.0,0.0,0.4214743589743589,0,1,0.0,0.0,0.4782608695652175,0.7391304347826088,0,0.0,0.0,0.0,0,0,0.0,0,-0.5750202029271796,-0.029411764705882353,-0.302215983816531
2023-wimbledon-1306,05:07:31,0,0.6666666666666666,0.5,0.0,0.5172413793103449,-1.0,0.0,0.13678160919540225,0,0,0.0,0.0,0.30434782608695654,0.15217391304347827,0,-1.0,0.0,0.0,0,0,-0.3333333333333333,0,-0.5143542521086435,-0.029411764705882353,-0.2718830084072629
2023-wimbledon-1306,05:30:06,0,0.6666666666666666,0.45454545454545453,0.0,0.5152671755725191,-1.0,0.0,0.15911982419616005,0,1,0.0,0.0,0.536231884057971,0.7681159420289855,0,-1.0,0.0,0.0,0,0,-0.3333333333333333,0,-0.5219486977858354,-0.5294117647058824,-0.5256802312458588
2023-wimbledon-1306,05:31:07,0,0.6666666666666666,0.45454545454545453,0.0,0.5171102661596958,-1.0,0.0,0.12766447747436338,0,1,0.0,0.0,0.7246376811594204,0.8623188405797102,0,-1.0,0.0,0.0,1,0,0.0,0,-0.46116940359636466,-0.08823529411764705,-0.27470234885700584
2023-wimbledon-1306,05:31:34,0,0.6666666666666666,0.45454545454545453,0.5,0.5151515151515151,-1.0,0.0,0.18939393939393936,0,0,0.0,0.0,0.42028985507246386,0.21014492753623193,0,-1.0,0.0,0.0,0,0,-0.25,0,-0.3728958630527818,-0.23529411764705882,-0.30409499034992027
2023-wimbledon-1306,05:32:19,0,0.6666666666666666,0.45454545454545453,0.3333333333333333,0.5169811320754717,-1.0,0.0,0.16192109777015432,0,0,0.0,0.0,0.5507246376811594,0.2753623188405797,0,-1.0,0.0,0.0,1,0,0.0,0,-0.482680505786894,-0.08823529411764705,-0.2854578999522705
2023-wimbledon-1306,05:32:54,0,0.6666666666666666,0.45454545454545453,0.5,0.518796992481203,-1.0,0.0,0.19000151894888737,0,1,1.0,0.0,0.5507246376811594,0.8502415458937197,0,-1.0,0.0,0.0,1,1,0.3333333333333333,0,-0.41966637401229145,-0.029411764705882353,-0.2245390693590869
2023-wimbledon-1306,05:33:15,0,0.6666666666666666,0.45454545454545453,0.6,0.5205992509363296,-1.0,0.0,0.20696856202474181,0,1,1.0,0.0,0.6231884057971016,0.8743961352657005,0,-1.0,0.0,0.0,1,1,0.3333333333333333,0,-0.402769199094091,-0.08823529411764705,-0.245502246605869
2023-wimbledon-1306,05:33:50,0,0.6666666666666666,0.5,0.0,0.5186567164179104,0.0,0.0,0.5617744610281923,0,0,0.0,0.0,0.28985507246376807,0.14492753623188404,0,0.0,0.0,0.0,0,0,0.0,0,-0.5682501735173904,-0.14705882352941177,-0.3576544985234011
2023-wimbledon-1306,05:34:27,0,0.6666666666666666,0.5,0.0,0.5204460966542751,0.0,0.0,0.4217781908302354,0,1,0.0,0.0,0.5797101449275364,0.7898550724637682,0,0.0,0.0,0.0,1,0,0.5,0,-0.49148778682457445,-0.029411764705882353,-0.2604497757652284
2023-wimbledon-1306,05:34:47,0,0.6666666666666666,0.5,0.5,0.5185185185185185,0.0,0.0,0.5462962962962963,0,0,0.0,0.0,0.46376811594202905,0.23188405797101452,0,0.0,0.0,0.0,0,0,0.0,0,-0.4545370345867845,-0.29411764705882354,-0.37432734082280406
2023-wimbledon-1306,05:35:36,0,0.6666666666666666,0.5,0.3333333333333333,0.5166051660516605,0.0,0.0,0.504151291512915,0,1,0.0,0.0,0.5797101449275364,0.7898550724637682,0,0.0,0.0,0.0,0,0,0.0,0,-0.5757863126284178,-0.029411764705882353,-0.3025990386671501
2023-wimbledon-1306,05:35:54,0,0.6666666666666666,0.5,0.25,0.5147058823529411,0.0,0.0,0.4828431372549019,0,1,0.0,0.0,0.7681159420289856,0.8840579710144928,0,0.0,0.0,0.0,0,0,0.0,0,-0.49768440076810117,-0.029411764705882353,-0.26354808273699176
2023-wimbledon-1306,05:36:20,0,0.6666666666666666,0.5,0.2,0.5164835164835165,0.0,0.0,0.4707875457875458,0,1,0.0,0.0,0.7246376811594204,0.8623188405797102,0,0.0,0.0,0.0,1,0,0.5,0,-0.41800733841377363,-0.029411764705882353,-0.223709551559828
2023-wimbledon-1306,05:37:20,0,0.6666666666666666,0.5,0.3333333333333333,0.5145985401459854,-1.0,0.0,0.20291970802919704,0,1,0.0,0.0,0.6956521739130435,0.8478260869565217,0,-1.0,0.0,0.0,0,0,-0.3333333333333333,0,-0.44665309543767207,-0.058823529411764705,-0.2527383124247184
2023-wimbledon-1306,05:37:56,0,0.6666666666666666,0.5,0.2857142857142857,0.5127272727272727,-1.0,0.0,0.19302164502164496,0,0,0.0,0.0,0.536231884057971,0.2681159420289855,0,-1.0,0.0,0.0,0,0,-0.3333333333333333,0,-0.5273618863790495,-0.029411764705882353,-0.2783868255424659
2023-wimbledon-1306,05:38:46,0,0.6666666666666666,0.5,0.25,0.5144927536231884,-1.0,0.0,0.186231884057971,0,0,0.0,0.0,0.28985507246376807,0.14492753623188404,0,-1.0,0.0,0.0,1,0,0.0,0,-0.46947939679185474,-0.11764705882352941,-0.29356322780769206
2023-wimbledon-1306,05:39:25,0,0.6666666666666666,0.5,0.3333333333333333,0.516245487364621,-1.0,1.0,0.3360409145607701,0,0,0.0,0.0,0.536231884057971,0.2681159420289855,0,-1.0,1.0,0.0,1,0,0.25,0,-0.7224711907810499,-0.029411764705882353,-0.37594147774346615
2023-wimbledon-1306,05:39:55,0,0.6666666666666666,0.5,0.4,0.5179856115107914,-1.0,1.0,0.3474420463629096,0,0,0.0,0.0,0.5507246376811594,0.2753623188405797,0,-1.0,0.0,0.0,1,1,0.3333333333333333,0,-0.3286304293594257,-0.14705882352941177,-0.23784462644441873
2023-wimbledon-1306,05:40:50,0,0.6666666666666666,0.5,0.45454545454545453,0.5197132616487455,-1.0,1.0,0.3568208971434778,0,1,0.0,0.0,0.5797101449275364,0.7898550724637682,0,-1.0,0.0,0.0,1,1,0.3333333333333333,0,-0.46872233527633106,-0.29411764705882354,-0.3814199911675773
2023-wimbledon-1306,05:41:58,0,0.6666666666666666,0.5,0.5,0.5178571428571429,-1.0,0.5,0.2807539682539682,0,1,0.0,0.0,0.3623188405797102,0.6811594202898551,0,-1.0,0.0,0.0,0,0,-0.25,0,-0.5699130493168161,-0.08823529411764705,-0.3290741717172316
2023-wimbledon-1306,05:42:27,0,0.6666666666666666,0.5,0.46153846153846156,0.5195729537366548,-1.0,0.5,0.2746296803236305,0,0,0.0,0.0,0.5507246376811594,0.2753623188405797,0,-1.0,0.0,0.0,1,1,0.3333333333333333,0,-0.5082003546099291,-0.08823529411764705,-0.2982178243637881
2023-wimbledon-1306,05:43:02,0,0.6666666666666666,0.5,0.5,0.5212765957446809,-1.0,0.5,0.28132387706855794,0,1,0.0,0.0,0.8405797101449275,0.9202898550724637,0,-1.0,0.0,0.0,1,1,0.3333333333333333,0,-0.429198682766191,-0.029411764705882353,-0.22930522373603668
2023-wimbledon-1306,05:43:30,0,0.6666666666666666,0.5,0.5333333333333333,0.519434628975265,-1.0,0.5,0.28657243816254413,0,1,0.0,0.0,0.6521739130434783,0.8260869565217391,0,-1.0,0.0,0.0,0,0,-0.3333333333333333,0,-0.6452825449228037,-0.3235294117647059,-0.48440597834375476
2023-wimbledon-1306,05:44:39,0,0.6666666666666666,0.5,0.5,0.5176056338028169,-1.0,0.5,0.28071205007824723,0,1,0.0,0.0,0.8115942028985508,0.9057971014492754,0,-1.0,0.0,0.0,0,0,-0.3333333333333333,0,-0.4789545502256743,-0.029411764705882353,-0.2541831574657783
2023-wimbledon-1306,05:45:08,0,0.6666666666666666,0.5,0.47058823529411764,0.519298245614035,-0.5,0.5,0.3594255245958032,0,1,0.0,0.0,0.7536231884057971,0.8768115942028986,0,-0.5,1.0,0.0,1,0,0.375,0,-0.5221723966118585,-0.08823529411764705,-0.3052038453647528
2023-wimbledon-1306,05:45:59,0,0.6666666666666666,0.5,0.5,0.5174825174825175,-0.5,0.5,0.364024864024864,0,1,0.0,0.0,0.8405797101449275,0.9202898550724637,0,-0.5,0.0,0.0,0,0,-0.16666666666666666,0,-0.5108536679239474,-0.1764705882352941,-0.3436621280796207
2023-wimbledon-1306,05:46:41,0,0.6666666666666666,0.5,0.47368421052631576,0.5156794425087108,-0.6666666666666666,0.5,0.3315606088391711,0,1,0.0,0.0,0.5652173913043479,0.782608695652174,0,-0.6666666666666666,0.0,0.0,0,0,-0.2222222222222222,0,-0.4858801794668777,-0.14705882352941177,-0.31646950149814473
2023-wimbledon-1306,05:51:51,0,0.5,0.0,0.0,0.5173611111111112,0.0,0.0,0.5086805555555556,0,1,0.0,0.0,0.5797101449275364,0.7898550724637682,0,0.0,0.0,0.0,1,0,0.5,0,-0.5095987920621226,-0.029411764705882353,-0.26950527838400246
2023-wimbledon-1306,05:52:12,0,0.5,0.0,1.0,0.5190311418685121,0.0,0.0,0.6730103806228374,0,1,0.0,0.0,0.6086956521739131,0.8043478260869565,0,0.0,0.0,0.0,1,0,0.5,0,-0.4589482157231016,-0.029411764705882353,-0.244179990214492
2023-wimbledon-1306,05:52:29,0,0.5,0.0,1.0,0.5206896551724138,0.0,0.0,0.6735632183908047,0,1,1.0,0.0,0.7246376811594204,0.9082125603864735,0,0.0,0.0,0.0,1,1,1.0,0,-0.41890166028097064,-0.029411764705882353,-0.2241567124934265
2023-wimbledon-1306,05:52:45,0,0.5,0.0,1.0,0.5189003436426117,-1.0,0.0,0.2547250859106529,0,1,1.0,0.0,0.6231884057971016,0.8743961352657005,0,-1.0,0.0,0.0,0,0,-0.3333333333333333,0,-0.4326312480352091,-0.058823529411764705,-0.2457273887234869
2023-wimbledon-1306,05:53:04,0,0.5,0.0,0.75,0.5205479452054794,-1.0,0.0,0.19263698630136983,0,1,1.0,0.0,0.8405797101449275,0.9468599033816426,0,-1.0,0.0,0.0,1,1,0.3333333333333333,0,-0.4732779097387173,-0.029411764705882353,-0.25134483722229983
2023-wimbledon-1306,05:53:53,0,0.5,1.0,0.0,0.5187713310580204,0.0,0.0,0.504692832764505,0,1,0.0,0.0,0.3623188405797102,0.6811594202898551,0,0.0,0.0,0.0,0,0,0.0,0,-0.46251147607875137,-0.029411764705882353,-0.24596162039231687
2023-wimbledon-1306,05:54:21,0,0.5,1.0,0.0,0.5204081632653061,-0.0,0.0,0.336734693877551,0,1,0.0,0.0,0.5797101449275364,0.7898550724637682,0,-0.0,0.0,0.0,1,0,0.3333333333333333,0,-0.5289783889980353,-0.058823529411764705,-0.2939009592049
2023-wimbledon-1306,05:55:02,0,0.5,1.0,0.5,0.5186440677966102,-0.5,0.0,0.3364406779661017,0,1,0.0,0.0,0.7246376811594204,0.8623188405797102,0,-0.5,0.0,0.0,0,0,-0.16666666666666666,0,-0.48634475856892667,-0.38235294117647056,-0.4343488498726986
2023-wimbledon-1306,05:55:47,0,0.5,1.0,0.3333333333333333,0.5202702702702703,-0.3333333333333333,0.0,0.3367117117117117,0,1,0.0,0.0,0.6811594202898552,0.8405797101449276,0,-0.3333333333333333,0.0,0.0,1,0,0.22222222222222224,0,-0.45751900961478037,-0.058823529411764705,-0.2581712695132725
2023-wimbledon-1306,05:56:21,0,0.5,1.0,0.5,0.5185185185185185,-0.3333333333333333,0.0,0.36419753086419754,0,1,0.0,0.0,0.37681159420289867,0.6884057971014493,0,-0.3333333333333333,0.0,0.0,0,0,-0.08333333333333333,0,-0.52379326400745,-0.08823529411764705,-0.3060142790625485
2023-wimbledon-1306,05:56:45,0,0.5,1.0,0.4,0.5167785234899329,-0.3333333333333333,0.0,0.3472408650260999,0,1,0.0,0.0,0.4057971014492754,0.7028985507246377,0,-0.3333333333333333,0.0,0.0,0,0,-0.08333333333333333,0,-0.45962919659261736,-0.029411764705882353,-0.24452048064924986
2023-wimbledon-1306,05:57:25,0,0.5,0.5,0.0,0.5150501672240803,-1.0,0.0,0.1287625418060201,0,1,0.0,0.0,0.536231884057971,0.7681159420289855,0,-1.0,0.0,0.0,0,0,-0.3333333333333333,0,-0.518042083787195,-0.11764705882352941,-0.3178445713053622
2023-wimbledon-1306,05:57:51,0,0.5,0.5,0.0,0.5166666666666667,-1.0,0.0,0.10333333333333332,0,0,0.0,0.0,0.46376811594202905,0.23188405797101452,0,-1.0,0.0,0.0,1,0,0.0,0,-0.586628895184136,-0.029411764705882353,-0.30802032994500916
2023-wimbledon-1306,05:58:51,0,0.5,0.5,0.5,0.5182724252491694,-1.0,0.0,0.20365448504983386,0,1,0.0,0.0,0.8115942028985508,0.9057971014492754,0,-1.0,0.0,0.0,1,0,0.0,0,-0.44152676137178937,-0.08823529411764705,-0.2648810277447182
2023-wimbledon-1306,05:59:16,0,0.5,0.5,0.6666666666666666,0.5165562913907285,-1.0,0.0,0.236644591611479,0,1,0.0,0.0,0.5507246376811594,0.7753623188405797,0,-1.0,0.0,0.0,0,0,-0.3333333333333333,0,-0.35240572171651496,-0.058823529411764705,-0.20561462556413984
2023-wimbledon-1306,05:59:40,0,0.5,0.5,0.5,0.5181518151815182,-1.0,1.0,0.3363586358635864,0,0,0.0,0.0,0.5797101449275364,0.2898550724637682,0,-1.0,1.0,0.0,1,0,0.25,0,-0.5010790947270183,-0.08823529411764705,-0.2946571944223327
2023-wimbledon-1306,06:00:27,0,0.5,0.5,0.6,0.5197368421052632,-1.0,1.0,0.35328947368421054,0,1,0.0,0.0,0.4782608695652175,0.7391304347826088,0,-1.0,1.0,0.0,1,0,0.25,0,-0.505110407688494,-0.14705882352941177,-0.3260846156089529
2023-wimbledon-1306,06:02:11,0,0.5,0.6666666666666666,0.0,0.5180327868852459,-1.0,0.0,0.1711748633879781,0,0,0.0,0.0,0.18840579710144922,0.09420289855072461,0,-1.0,0.0,0.0,0,0,-0.3333333333333333,0,-0.45442979412445067,-0.029411764705882353,-0.24192077941516651
2023-wimbledon-1306,06:02:41,0,0.5,0.6666666666666666,0.0,0.5163398692810458,-1.0,0.0,0.13660130718954244,0,1,0.0,0.0,0.5072463768115942,0.7536231884057971,0,-1.0,0.0,0.0,0,0,-0.3333333333333333,0,-0.5073903760880276,-0.08823529411764705,-0.29781283510283735
2023-wimbledon-1306,06:03:01,0,0.5,0.6666666666666666,0.0,0.5146579804560261,-1.0,0.0,0.13626492942453852,0,1,0.0,0.0,0.6231884057971016,0.8115942028985508,0,-1.0,0.0,0.0,0,0,-0.3333333333333333,0,-0.5263429752066116,-0.029411764705882353,-0.27787736995624696
2023-wimbledon-1306,06:03:18,0,0.5,0.6666666666666666,0.0,0.5162337662337663,-1.0,0.0,0.13658008658008658,0,1,0.0,0.0,0.7391304347826086,0.8695652173913043,0,-1.0,0.0,0.0,1,1,0.3333333333333333,0,-0.5401951145730923,-0.11764705882352941,-0.3289210866983109
2023-wimbledon-1306,06:03:47,0,0.5,0.6666666666666666,0.25,0.5145631067961165,-1.0,0.0,0.18624595469255661,0,1,0.0,0.0,0.7246376811594204,0.8623188405797102,0,-1.0,0.0,0.0,0,0,-0.3333333333333333,0,-0.4500495136016776,-0.029411764705882353,-0.23973063915377998
2023-wimbledon-1306,06:04:20,0,0.5,0.5,0.0,0.5161290322580645,0.0,0.0,0.5053763440860215,0,1,0.0,0.0,0.7391304347826086,0.8695652173913043,0,0.0,0.0,0.0,1,1,1.0,0,-0.4948979591836734,-0.029411764705882353,-0.2621548619447779
2023-wimbledon-1306,06:04:36,0,0.5,0.5,1.0,0.5176848874598071,0.0,0.0,0.6294212218649518,0,0,0.0,0.0,0.24637681159420288,0.12318840579710144,0,0.0,0.0,0.0,1,0,0.5,0,-0.7284904688304997,-0.029411764705882353,-0.37895111676819104
2023-wimbledon-1306,06:05:05,0,0.5,0.5,1.0,0.5192307692307693,0.0,0.0,0.6298076923076923,0,1,1.0,0.0,0.7681159420289856,0.9227053140096618,0,0.0,0.0,0.0,1,1,1.0,0,-0.543645699614891,-0.029411764705882353,-0.28652873216038666
2023-wimbledon-1306,06:05:23,0,0.5,0.5,1.0,0.5207667731629393,0.0,1.0,0.7041533546325878,0,1,1.0,0.0,0.5942028985507246,0.8647342995169082,0,0.0,1.0,0.0,1,0,0.6666666666666666,0,-0.4817518248175182,-0.029411764705882353,-0.2555817947617003
2023-wimbledon-1306,06:06:58,0,0.5,0.6,0.0,0.5222929936305732,-0.0,0.0,0.4055732484076433,0,0,0.0,0.0,0.30434782608695654,0.15217391304347827,0,-0.0,0.0,0.0,1,0,0.3333333333333333,0,-0.5270097907122968,-0.23529411764705882,-0.38115195417967784
2023-wimbledon-1306,06:07:46,0,0.5,0.6,1.0,0.5238095238095238,-0.0,0.0,0.5247619047619048,0,1,0.0,0.0,0.49275362318840576,0.7463768115942029,0,-0.0,0.0,0.0,1,0,0.3333333333333333,0,-0.5290655359007627,-0.11764705882352941,-0.32335629736214605
2023-wimbledon-1306,06:08:17,0,0.5,0.6,1.0,0.5221518987341772,-0.0,0.0,0.43702531645569626,0,1,0.0,0.0,0.34782608695652173,0.6739130434782609,0,-0.0,0.0,0.0,0,0,0.0,0,-0.5904165423998409,-0.08823529411764705,-0.339325918258744
2023-wimbledon-1306,06:08:42,0,0.5,0.6,0.6666666666666666,0.5205047318611987,-0.0,0.0,0.38119523308797754,0,0,0.0,0.0,0.17391304347826098,0.08695652173913049,0,-0.0,0.0,0.0,0,0,0.0,0,-0.4541851572748332,-0.08823529411764705,-0.27121022569624015
2023-wimbledon-1306,06:09:22,0,0.5,0.6,0.5,0.5220125786163522,-0.0,0.0,0.3536687631027254,0,1,0.0,0.0,0.8695652173913044,0.9347826086956522,0,-0.0,0.0,0.0,1,1,0.6666666666666666,0,-0.5008188916396876,-0.11764705882352941,-0.30923297523160853
2023-wimbledon-1306,06:10:04,0,0.5,0.6,0.6,0.5203761755485894,-0.0,0.0,0.370062695924765,0,0,0.0,0.0,0.18840579710144922,0.09420289855072461,0,-0.0,0.0,0.0,0,0,0.0,0,-0.521024339469294,-0.2647058823529412,-0.39286511091111764
2023-wimbledon-1306,06:10:56,0,0.5,0.6,0.5,0.521875,-0.0,0.0,0.3536458333333334,0,1,0.0,0.0,0.46376811594202905,0.7318840579710145,0,-0.0,0.0,0.0,1,0,0.3333333333333333,0,-0.596942289151095,-0.058823529411764705,-0.3278829092814299
2023-wimbledon-1306,06:11:26,0,0.5,0.6,0.5714285714285714,0.5233644859813084,-0.0,0.0,0.3657988429016466,0,0,0.0,0.0,0.17391304347826098,0.08695652173913049,0,-0.0,0.0,1.0,1,0,0.5,0,-0.48196792685581596,-0.11764705882352941,-0.2998074928396727
2023-wimbledon-1306,06:12:17,0,0.5,0.6666666666666666,0.0,0.5248447204968945,0.0,0.0,0.5638371290545203,0,1,0.0,0.0,0.5652173913043479,0.782608695652174,0,0.0,0.0,0.0,1,0,0.5,0,-0.4051532033426184,-0.029411764705882353,-0.21728248402425038
2023-wimbledon-1306,06:12:35,0,0.5,0.6666666666666666,1.0,0.5263157894736842,0.0,0.0,0.6732456140350876,0,0,0.0,0.0,0.3333333333333335,0.16666666666666674,0,0.0,0.0,0.0,1,0,0.5,0,-0.5218576206049185,-0.4411764705882353,-0.4815170455965769
2023-wimbledon-1306,06:13:37,0,0.5,0.6666666666666666,1.0,0.5277777777777778,0.0,0.0,0.673611111111111,0,1,1.0,0.0,0.536231884057971,0.8454106280193235,0,0.0,0.0,0.0,1,1,1.0,0,-0.48517420311341736,-0.029411764705882353,-0.25729298390964983
2023-wimbledon-1306,06:13:56,0,0.5,0.6666666666666666,1.0,0.5261538461538462,-1.0,0.0,0.3385641025641025,0,0,1.0,-1.0,0.0,0.0,0,-1.0,0.0,0.0,0,0,-0.3333333333333333,0,-0.5018703241895263,-0.0,-0.25093516209476313
2023-wimbledon-1306,06:14:39,0,0.5,0.6666666666666666,0.75,0.5276073619631901,-1.0,1.0,0.4073790047716428,0,0,1.0,-1.0,0.3623188405797102,0.09057971014492755,0,-1.0,1.0,0.0,1,1,0.5,0,-0.2790166832641461,-0.20588235294117646,-0.24244951810266127
2023-wimbledon-1306,06:16:44,0,0.5,0.7142857142857143,0.0,0.5290519877675841,-0.0,0.0,0.43583442551332463,0,1,0.0,0.0,0.4057971014492754,0.7028985507246377,0,-0.0,0.0,0.0,1,0,0.3333333333333333,0,-0.6202826855123675,-0.058823529411764705,-0.33955310746206613
2023-wimbledon-1306,06:17:10,0,0.5,0.7142857142857143,1.0,0.5274390243902439,-0.0,0.0,0.5483449477351916,0,1,0.0,0.0,0.5652173913043479,0.782608695652174,0,-0.0,0.0,0.0,0,0,0.0,0,-0.5571664108249474,-0.08823529411764705,-0.32270085247129726
2023-wimbledon-1306,06:17:31,0,0.5,0.7142857142857143,0.5,0.5288753799392097,-0.0,0.0,0.44863221884498483,0,0,0.0,0.0,0.30434782608695654,0.15217391304347827,0,-0.0,0.0,0.0,1,0,0.3333333333333333,0,-0.5385204081632654,-0.058823529411764705,-0.29867196878751506
2023-wimbledon-1306,06:18:09,0,0.5,0.7142857142857143,0.6666666666666666,0.5303030303030303,-0.0,0.0,0.48225108225108226,0,1,0.0,0.0,0.6376811594202898,0.8188405797101449,0,-0.0,0.0,0.0,1,0,0.3333333333333333,0,-0.5643829356660247,-0.058823529411764705,-0.3116032325388947
2023-wimbledon-1306,06:19:08,0,0.5,0.7142857142857143,0.75,0.5287009063444109,-0.25,0.0,0.44859732412602504,0,0,0.0,0.0,0.28985507246376807,0.14492753623188404,0,-0.25,0.0,0.0,0,0,-0.08333333333333333,0,-0.4858598980713501,-0.029411764705882353,-0.25763583138861623
2023-wimbledon-1306,06:19:45,0,0.5,0.7142857142857143,0.6,0.5301204819277109,-0.25,0.0,0.41888123924268506,0,1,0.0,0.0,0.49275362318840576,0.7463768115942029,0,-0.25,0.0,1.0,1,0,0.4375,0,-0.4830146680177412,-0.1764705882352941,-0.32974262812651767
