match_id,elapsed_time,MT,sets_ratio,game_ratio,score_ratio,pointswon_ratio,ue_game_ratio,npr_game_ratio,MT_end,SA,server_p2,ace_ratio,df_ratio,spead,SA_end,CPP,ue_ratio,npw_ratio,bpw_ratio,pt_victor,pt_winner,CPP_end,ST,distance_ratio,rally_count_normalized,ST_end,Rate
2023-wimbledon-1407,00:00:00,0,0.0,0.0,0.0,1.0,0.0,0.0,1.0,0,1,0.0,0.0,0.7826086956521741,0.891304347826087,0,0.0,0.0,0.0,1,1,1.0,0,-0.5025597460374237,-0.1764705882352941,-0.3395151671363589,0.37637535510133174
2023-wimbledon-1407,00:00:32,0,0.0,0.0,1.0,0.5,0.0,0.0,0.5,0,1,0.0,0.0,0.7391304347826086,0.8695652173913043,0,0.0,0.0,0.0,0,0,0.0,0,-0.4782866668550278,-0.2647058823529412,-0.3714962746039845,0.33643784219465456
2023-wimbledon-1407,00:01:11,0,0.0,0.0,0.5,0.3333333333333333,-1.0,0.0,-0.0416666666666666,0,0,0.0,0.0,0.2028985507246377,0.1014492753623188,0,-1.0,0.0,0.0,0,0,-0.3333333333333333,0,-0.5443395693212005,-0.088235294117647,-0.3162874317194238,0.2965003292879774
2023-wimbledon-1407,00:01:51,0,0.0,0.0,0.3333333333333333,0.25,-1.0,0.0,-0.1041666666666666,0,1,0.0,0.0,0.6521739130434783,0.8260869565217391,0,-1.0,0.0,0.0,0,0,-0.3333333333333333,0,-0.4743300284676549,-0.1470588235294117,-0.3106944259985333,0.2565628163813002
2023-wimbledon-1407,00:02:15,0,0.0,0.0,0.25,0.4,-0.6666666666666666,0.0,-0.0041666666666666,0,1,0.0,0.0,0.7826086956521741,0.891304347826087,0,-0.6666666666666666,0.0,0.0,1,0,0.1111111111111111,0,-0.5500717588901292,-0.0588235294117647,-0.3044476441509469,0.21662530347462294
2023-wimbledon-1407,00:02:37,0,0.0,0.0,0.4,0.3333333333333333,-0.6666666666666666,0.0,0.0166666666666666,0,0,0.0,0.0,0.1594202898550725,0.0797101449275362,0,-0.6666666666666666,0.0,0.0,0,0,-0.1666666666666666,0,-0.4344429347826086,-0.1470588235294117,-0.2907508791560102,0.1766877905679457
2023-wimbledon-1407,00:04:15,0,0.0,0.0,0.0,0.4285714285714285,0.0,0.0,0.2142857142857142,0,1,0.0,0.0,0.7971014492753623,0.8985507246376812,0,0.0,0.0,0.0,1,0,0.5,0,-0.4280792420327304,-0.0294117647058823,-0.2287455033693063,0.13675027766126846
2023-wimbledon-1407,00:04:34,0,0.0,0.0,1.0,0.375,0.0,0.0,0.4583333333333333,0,0,0.0,0.0,0.4202898550724638,0.2101449275362319,0,0.0,0.0,0.0,0,0,0.0,0,-0.5469954681890413,-0.1176470588235294,-0.3323212635062854,0.09681276475459122
2023-wimbledon-1407,00:05:24,0,0.0,0.0,0.5,0.4444444444444444,0.0,0.0,0.3148148148148148,0,1,0.0,0.0,0.7246376811594204,0.8623188405797102,0,0.0,0.0,0.0,1,0,0.5,0,-0.432735104091888,-0.0294117647058823,-0.2310734343988851,0.05687525184791398
2023-wimbledon-1407,00:05:45,0,0.0,0.0,0.6666666666666666,0.5,0.0,1.0,0.5416666666666666,0,1,0.0,0.0,0.8985507246376812,0.9492753623188406,0,0.0,1.0,0.0,1,1,1.0,0,-0.4778991892844554,-0.088235294117647,-0.2830672417010512,0.016937738941236735
2023-wimbledon-1407,00:06:08,0,0.0,0.0,0.75,0.4545454545454545,-1.0,1.0,0.2409090909090909,0,0,0.0,0.0,0.4202898550724638,0.2101449275362319,0,-1.0,0.0,0.0,0,0,-0.3333333333333333,0,-0.3787826086956521,-0.0588235294117647,-0.2188030690537084,-0.022999773965440506
2023-wimbledon-1407,00:06:40,0,0.0,0.0,0.6,0.5,-1.0,1.0,0.22,0,1,1.0,0.0,0.8985507246376812,0.966183574879227,0,-1.0,0.0,0.0,1,1,0.3333333333333333,0,-0.4454225352112676,-0.0294117647058823,-0.237417149958575,-0.06293728687211775
2023-wimbledon-1407,00:07:06,0,0.0,0.5,0.0,0.4615384615384615,-1.0,0.0,-0.0128205128205128,0,0,0.0,0.0,0.3043478260869565,0.1521739130434782,0,-1.0,0.0,0.0,0,0,-0.3333333333333333,0,-0.5327429874330558,-0.1470588235294117,-0.3399009054812338,-0.10287479977879499
2023-wimbledon-1407,00:07:42,0,0.0,0.5,0.0,0.4285714285714285,-1.0,0.0,-0.0142857142857142,0,1,0.0,0.0,0.8405797101449275,0.9202898550724636,0,-1.0,0.0,0.0,0,0,-0.25,0,-0.4354339385035156,-0.1470588235294117,-0.2912463810164637,-0.14281231268547223
2023-wimbledon-1407,00:08:11,0,0.0,0.5,0.0,0.4666666666666667,-1.0,0.5,0.0933333333333333,0,0,0.0,0.0,0.4202898550724638,0.2101449275362319,0,-1.0,1.0,0.0,1,0,0.25,0,-0.6724411161518861,-0.1764705882352941,-0.42445585219359,-0.18274982559214947
2023-wimbledon-1407,00:08:52,0,0.0,0.5,0.3333333333333333,0.4375,-1.0,0.5,0.1541666666666666,0,1,0.0,0.0,0.7101449275362319,0.855072463768116,0,-1.0,0.0,0.0,0,0,-0.3333333333333333,0,-0.5799732241297841,-0.088235294117647,-0.3341042591237156,-0.22268733849882671
2023-wimbledon-1407,00:09:17,0,0.0,0.5,0.25,0.4117647058823529,-1.0,0.5,0.1323529411764705,0,0,0.0,0.0,0.4492753623188406,0.2246376811594203,0,-1.0,0.0,0.0,0,0,-0.3333333333333333,0,-0.5218867924528302,-0.0294117647058823,-0.2756492785793563,-0.26262485140550396
2023-wimbledon-1407,00:10:54,0,0.0,0.3333333333333333,0.0,0.3888888888888889,-1.0,0.0,-0.0925925925925926,0,0,0.0,-1.0,0.0,-0.5,0,-1.0,0.0,0.0,0,0,-0.3333333333333333,0,-0.4749736564805057,-0.0,-0.2374868282402528,-0.3025623643121812
2023-wimbledon-1407,00:11:19,0,0.0,0.3333333333333333,0.0,0.3684210526315789,-1.0,0.0,-0.0745614035087719,0,1,0.0,-1.0,0.855072463768116,0.2850241545893719,0,-1.0,0.0,0.0,0,0,-0.3333333333333333,0,-0.4404565641612273,-0.3529411764705882,-0.3966988703159078,-0.34249987721885844
2023-wimbledon-1407,00:12:11,0,0.0,0.3333333333333333,0.0,0.4,-1.0,0.0,-0.0666666666666666,0,1,0.0,-1.0,0.9420289855072465,0.3140096618357488,0,-1.0,0.0,0.0,1,0,0.0,0,-0.4117119425935417,-0.0294117647058823,-0.220561853649712,-0.3824373901255357
2023-wimbledon-1407,00:12:43,0,0.0,0.3333333333333333,0.3333333333333333,0.4285714285714285,-1.0,0.0,0.0238095238095237,0,1,1.0,-1.0,0.8695652173913044,0.4673913043478261,0,-1.0,0.0,0.0,1,1,0.3333333333333333,0,-0.3609958506224066,-0.0294117647058823,-0.1952038076641445,-0.4223749030322129
2023-wimbledon-1407,00:13:09,0,0.0,0.3333333333333333,0.5,0.4545454545454545,-1.0,0.0,0.0719696969696969,0,1,1.0,-1.0,0.7681159420289856,0.4420289855072464,0,-1.0,0.0,0.0,1,1,0.3333333333333333,0,-0.6735947094945678,-0.0294117647058823,-0.3515032371002251,-0.46231241593889016
2023-wimbledon-1407,00:13:35,0,0.0,0.3333333333333333,0.6,0.4782608695652174,-1.0,1.0,0.2823188405797102,0,1,1.0,-1.0,0.8985507246376812,0.4746376811594203,0,-1.0,1.0,0.0,1,1,0.5,0,-0.4627325289089996,-0.088235294117647,-0.2754839115133233,-0.5022499288455674
2023-wimbledon-1407,00:14:05,0,0.0,0.5,0.0,0.4583333333333333,0.0,0.0,0.4791666666666666,0,1,0.0,0.0,0.6231884057971016,0.8115942028985508,0,0.0,0.0,0.0,0,0,0.0,0,-0.5572673374056774,-0.0294117647058823,-0.2933395510557798,-0.5421874417522446
2023-wimbledon-1407,00:14:26,0,0.0,0.5,0.0,0.44,0.0,0.0,0.3133333333333333,0,0,0.0,0.0,0.1884057971014492,0.0628019323671497,0,0.0,0.0,0.0,0,0,0.0,0,-0.5741962077493816,-0.0294117647058823,-0.301803986227632,-0.5821249546589219
2023-wimbledon-1407,00:14:54,0,0.0,0.5,0.0,0.4230769230769231,0.0,0.0,0.3076923076923077,0,0,0.0,0.0,0.289855072463768,0.0966183574879226,0,0.0,0.0,0.0,0,0,0.0,0,-0.5816381422964276,-0.1470588235294117,-0.3643484829129197,-0.6220624675655991
2023-wimbledon-1407,00:15:27,0,0.0,0.5,0.0,0.4074074074074074,0.0,0.0,0.2268518518518518,0,0,0.0,0.0,0.2753623188405798,0.0917874396135266,0,0.0,0.0,0.0,0,0,0.0,0,-0.426161246320626,-0.088235294117647,-0.2571982702191365,-0.6619999804722764
2023-wimbledon-1407,00:17:16,0,0.0,0.4,0.0,0.4285714285714285,0.0,0.0,0.4142857142857142,0,0,0.0,0.0,0.536231884057971,0.2681159420289855,0,0.0,0.0,0.0,1,0,0.5,0,-0.4024136496046608,-0.0294117647058823,-0.2159127071552715,-0.7019374933789536
2023-wimbledon-1407,00:17:46,0,0.0,0.4,1.0,0.4482758620689655,0.0,0.0,0.6160919540229884,0,0,0.0,0.0,0.5652173913043479,0.2826086956521739,0,0.0,0.0,0.0,1,0,0.5,0,-0.46336093428421,-0.088235294117647,-0.2757981142009285,-0.7418750062856309
2023-wimbledon-1407,00:18:22,0,0.0,0.4,1.0,0.4666666666666667,0.0,0.0,0.6222222222222222,0,1,1.0,0.0,0.8985507246376812,0.966183574879227,0,0.0,0.0,0.0,1,1,1.0,0,-0.3801317790167258,-0.0294117647058823,-0.204771771861304,-0.7818125191923081
2023-wimbledon-1407,00:18:43,0,0.0,0.4,1.0,0.4516129032258064,0.0,0.0,0.6172043010752688,0,1,1.0,0.0,0.9130434782608696,0.9710144927536232,0,0.0,0.0,0.0,0,0,0.0,0,-0.3957824107356817,-0.1176470588235294,-0.2567147347796056,-0.8217500320989853
2023-wimbledon-1407,00:19:07,0,0.0,0.4,0.75,0.46875,0.0,0.0,0.5395833333333333,0,1,1.0,0.0,0.7101449275362319,0.9033816425120772,0,0.0,0.0,0.0,1,1,1.0,0,-0.4295886075949367,-0.0294117647058823,-0.2295001861504095,-0.8616875450056626
2023-wimbledon-1407,00:19:35,0,0.0,0.5,0.0,0.4848484848484848,0.0,0.0,0.4924242424242424,0,0,0.0,0.0,0.2463768115942028,0.1231884057971014,0,0.0,0.0,0.0,1,0,0.5,0,-0.5688659892180716,-0.1176470588235294,-0.3432565240208005,-0.9016250579123398
2023-wimbledon-1407,00:20:11,0,0.0,0.5,1.0,0.4705882352941176,-1.0,0.0,0.2426470588235294,0,0,0.0,0.0,0.2753623188405798,0.1376811594202899,0,-1.0,0.0,0.0,0,0,-0.3333333333333333,0,-0.5599136252610711,-0.088235294117647,-0.3240744596893591,-0.9415625708190171
2023-wimbledon-1407,00:20:43,0,0.0,0.5,0.5,0.4857142857142857,-0.5,0.0,0.2464285714285714,0,0,0.0,0.0,0.0,0.0,0,-0.5,0.0,0.0,1,0,0.1666666666666666,0,-0.4684819897084048,-0.0,-0.2342409948542024,-0.9815000837256943
2023-wimbledon-1407,00:21:10,0,0.0,0.5,0.6666666666666666,0.4722222222222222,-0.5,0.0,0.2847222222222222,0,1,0.0,0.0,0.7681159420289856,0.5893719806763286,0,-0.5,0.0,0.0,0,0,-0.1666666666666666,0,-0.5407148428794295,-0.2058823529411764,-0.3732985979103029,-1.0214375966323717
2023-wimbledon-1407,00:21:47,0,0.0,0.5,0.5,0.4864864864864865,-0.5,0.0,0.2466216216216216,0,0,0.0,0.0,0.318840579710145,0.106280193236715,0,-0.5,0.0,0.0,1,1,0.5,0,-0.5098172576112832,-0.2352941176470588,-0.372555687629171,-1.061375109539049
2023-wimbledon-1407,00:22:55,0,0.0,0.5,0.6,0.4736842105263157,-0.5,0.0,0.2684210526315789,0,1,0.0,0.0,0.7681159420289856,0.5893719806763286,0,-0.5,0.0,0.0,0,0,-0.1666666666666666,0,-0.6718717211242918,-0.2058823529411764,-0.4388770370327342,-1.1013126224457261
2023-wimbledon-1407,00:23:37,0,0.0,0.5,0.5,0.4615384615384615,-0.5,0.0,0.1923076923076923,0,1,0.0,0.0,0.5797101449275364,0.5265700483091788,0,-0.5,0.0,0.0,0,0,-0.125,0,-0.471120588770707,-0.1470588235294117,-0.3090897061500594,-1.1412501353524034
2023-wimbledon-1407,00:24:14,0,0.0,0.5,0.4285714285714285,0.475,-0.5,0.0,0.1807142857142857,0,1,0.0,0.0,0.7971014492753623,0.5990338164251208,0,-0.5,0.0,0.0,1,0,0.1666666666666666,0,-0.5966279575234428,-0.1176470588235294,-0.3571375081734861,-1.1811876482590806
2023-wimbledon-1407,00:24:44,0,0.0,0.5,0.5,0.4634146341463415,-0.5,0.0,0.1926829268292683,0,0,0.0,0.0,0.2753623188405798,0.0917874396135266,0,-0.5,0.0,0.0,0,0,-0.1666666666666666,0,-0.7081938134626872,-0.088235294117647,-0.3982145537901671,-1.2211251611657579
2023-wimbledon-1407,00:25:23,0,0.0,0.5,0.4285714285714285,0.4761904761904761,-0.5,0.0,0.1809523809523809,0,1,0.0,0.0,0.7971014492753623,0.5990338164251208,0,-0.5,0.0,0.0,1,0,0.1666666666666666,0,-0.5972971523569475,-0.2352941176470588,-0.4162956350020032,-1.261062674072435
2023-wimbledon-1407,00:26:05,0,0.0,0.5,0.5,0.4651162790697674,-0.6666666666666666,0.0,0.1596899224806201,0,1,0.0,0.0,0.4782608695652175,0.4927536231884058,0,-0.6666666666666666,0.0,0.0,0,0,-0.2222222222222222,0,-0.5273847935798792,-0.088235294117647,-0.3078100438487631,-1.3010001869791123
2023-wimbledon-1407,00:26:29,0,0.0,0.5,0.4285714285714285,0.4545454545454545,-0.6666666666666666,0.0,0.1432900432900433,0,1,0.0,0.0,0.8115942028985508,0.6038647342995169,0,-0.6666666666666666,0.0,0.0,0,0,-0.2222222222222222,0,-0.5854449027695934,-0.0294117647058823,-0.3074283337377378,-1.3409376998857896
2023-wimbledon-1407,00:29:34,0,0.0,0.4285714285714285,0.0,0.4444444444444444,-1.0,0.0,-0.0423280423280423,0,1,0.0,0.0,0.9130434782608696,0.9565217391304348,0,-1.0,0.0,0.0,0,0,-0.3333333333333333,0,-0.3913916426151337,-0.0588235294117647,-0.2251075860134492,-1.3808752127924668
2023-wimbledon-1407,00:29:54,0,0.0,0.4285714285714285,0.0,0.4565217391304347,-1.0,1.0,0.1770186335403726,0,1,0.0,0.0,0.8115942028985508,0.9057971014492754,0,-1.0,1.0,0.0,1,0,0.25,0,-0.4507436405370563,-0.088235294117647,-0.2694894673273517,-1.420812725699144
2023-wimbledon-1407,00:30:20,0,0.0,0.4285714285714285,0.5,0.4468085106382978,-1.0,1.0,0.2750759878419453,0,0,0.0,-1.0,0.0,-0.5,0,-1.0,0.0,0.0,0,0,-0.3333333333333333,0,-0.5102755721625408,-0.0,-0.2551377860812704,-1.4607502386058213
2023-wimbledon-1407,00:30:48,0,0.0,0.4285714285714285,0.3333333333333333,0.4583333333333333,-1.0,1.0,0.244047619047619,0,0,0.0,-1.0,0.7246376811594204,-0.0917874396135265,0,-1.0,0.0,0.0,1,0,0.0,0,-0.4759050168781282,-0.0294117647058823,-0.2526583907920052,-1.5006877515124986
2023-wimbledon-1407,00:33:52,0,0.0,0.4285714285714285,0.5,0.4693877551020408,-1.0,1.0,0.2795918367346939,0,1,0.0,-1.0,0.7536231884057971,0.251207729468599,0,-1.0,0.0,0.0,1,0,0.0,0,-0.472260305273741,-0.0294117647058823,-0.2508360349898116,-1.5406252644191758
2023-wimbledon-1407,00:34:11,0,0.0,0.4285714285714285,0.6,0.48,-1.0,1.0,0.3017142857142857,0,1,1.0,-1.0,0.8260869565217392,0.4565217391304348,0,-1.0,0.0,0.0,1,1,0.3333333333333333,0,-0.3999825373264647,-0.0294117647058823,-0.2146971510161735,-1.580562777325853
2023-wimbledon-1407,00:34:37,0,0.0,0.5,0.0,0.4705882352941176,0.0,0.0,0.4852941176470588,0,1,0.0,0.0,0.6231884057971016,0.8115942028985508,0,0.0,0.0,0.0,0,0,0.0,0,-0.597319719208679,-0.0294117647058823,-0.3133657419572807,-1.6205002902325303
2023-wimbledon-1407,00:34:53,0,0.0,0.5,0.0,0.4807692307692308,0.0,0.0,0.2451923076923077,0,1,0.0,0.0,0.7681159420289856,0.8840579710144928,0,0.0,0.0,0.0,1,0,0.3333333333333333,0,-0.5200849812060795,-0.1176470588235294,-0.3188660200148044,-1.6604378031392075
2023-wimbledon-1407,00:35:20,0,0.0,0.5,0.5,0.4716981132075472,0.0,0.0,0.3679245283018868,0,1,0.0,0.0,0.5797101449275364,0.7898550724637682,0,0.0,0.0,0.0,0,0,0.0,0,-0.555308337592832,-0.088235294117647,-0.3217718158552395,-1.7003753160458848
2023-wimbledon-1407,00:35:49,0,0.0,0.5,0.3333333333333333,0.4629629629629629,0.0,0.0,0.324074074074074,0,1,0.0,0.0,0.7681159420289856,0.8840579710144928,0,0.0,0.0,0.0,0,0,0.0,0,-0.4909987669543774,-0.0294117647058823,-0.2602052658301299,-1.740312828952562
2023-wimbledon-1407,00:36:07,0,0.0,0.5,0.25,0.4727272727272727,0.0,0.0,0.3056818181818181,0,0,0.0,0.0,0.3623188405797102,0.1811594202898551,0,0.0,0.0,0.0,1,1,0.6666666666666666,0,-0.5858698539176627,-0.1764705882352941,-0.3811702210764783,-1.7802503418592392
2023-wimbledon-1407,00:36:42,0,0.0,0.5,0.4,0.4642857142857143,0.0,0.0,0.3410714285714286,0,1,0.0,0.0,0.7826086956521741,0.5942028985507247,0,0.0,0.0,0.0,0,0,0.0,0,-0.5116997792494481,-0.0294117647058823,-0.2705557719776652,-1.8201878547659165
2023-wimbledon-1407,00:38:09,0,0.0,0.4444444444444444,0.0,0.4561403508771929,0.0,0.0,0.4502923976608187,0,1,0.0,0.0,0.927536231884058,0.963768115942029,0,0.0,0.0,0.0,0,0,0.0,0,-0.4048270641667637,-0.1176470588235294,-0.2612370614951466,-1.8601253676725937
2023-wimbledon-1407,00:38:35,0,0.0,0.4444444444444444,0.0,0.4655172413793103,0.0,1.0,0.4774904214559387,0,1,0.0,0.0,0.855072463768116,0.927536231884058,0,0.0,1.0,0.0,1,0,0.6666666666666666,0,-0.4393913696605529,-0.1470588235294117,-0.2932250965949823,-1.900062880579271
2023-wimbledon-1407,00:39:03,0,0.0,0.4444444444444444,0.5,0.4745762711864407,0.0,1.0,0.6047551789077212,0,1,1.0,0.0,0.7681159420289856,0.9227053140096618,0,0.0,0.0,0.0,1,1,1.0,0,-0.4989473684210527,-0.0294117647058823,-0.2641795665634675,-1.9400003934859482
2023-wimbledon-1407,00:39:24,0,0.0,0.4444444444444444,0.6666666666666666,0.4833333333333333,0.0,1.0,0.6486111111111111,0,1,1.0,0.0,0.7681159420289856,0.9227053140096618,0,0.0,0.0,0.0,1,1,1.0,0,-0.487391646966115,-0.0294117647058823,-0.2584017058359987,-1.9799379063926255
2023-wimbledon-1407,00:39:42,0,0.0,0.4444444444444444,0.75,0.4918032786885246,0.0,1.0,0.6715619307832422,0,1,1.0,0.0,0.7971014492753623,0.932367149758454,0,0.0,0.0,0.0,1,1,1.0,0,-0.422103861517976,-0.0294117647058823,-0.2257578131119292,-2.0198754192993027
2023-wimbledon-1407,00:40:08,0,0.0,0.5,0.0,0.4838709677419355,0.0,0.0,0.4919354838709677,0,1,0.0,0.0,0.8260869565217392,0.6086956521739131,0,0.0,0.0,0.0,0,0,0.0,0,-0.3866666666666666,-0.0294117647058823,-0.2080392156862745,-2.05981293220598
2023-wimbledon-1407,00:40:24,0,0.0,0.5,0.0,0.492063492063492,0.0,1.0,0.498015873015873,0,1,0.0,0.0,0.7971014492753623,0.5990338164251208,0,0.0,1.0,0.0,1,0,0.6666666666666666,0,-0.5500435793143521,-0.1176470588235294,-0.3338453190689407,-2.099750445112657
2023-wimbledon-1407,00:40:48,0,0.0,0.5,0.5,0.484375,0.0,1.0,0.62109375,0,1,0.0,0.0,0.855072463768116,0.6183574879227053,0,0.0,0.0,0.0,0,0,0.0,0,-0.4975919439579684,-0.1470588235294117,-0.3223253837436901,-2.1396879580193344
2023-wimbledon-1407,00:41:15,0,0.0,0.5,0.3333333333333333,0.4769230769230769,0.0,1.0,0.5775641025641025,0,1,0.0,0.0,0.6666666666666667,0.5555555555555556,0,0.0,0.0,0.0,0,0,0.0,0,-0.5774980330448466,-0.0294117647058823,-0.3034548988753645,-2.1796254709260117
2023-wimbledon-1407,00:41:31,0,0.0,0.5,0.25,0.4696969696969697,0.0,1.0,0.5549242424242424,0,1,0.0,0.0,0.6086956521739131,0.5362318840579711,0,0.0,0.0,0.0,0,0,0.0,0,-0.4707282150563655,-0.1470588235294117,-0.3088935192928886,-2.219562983832689
2023-wimbledon-1407,00:43:05,0,0.0,0.4545454545454545,0.0,0.4626865671641791,0.0,0.0,0.3057440072365445,0,1,0.0,0.0,0.7536231884057971,0.8768115942028986,0,0.0,0.0,0.0,0,0,0.0,0,-0.3866336228084548,-0.1764705882352941,-0.2815521055218745,-2.259500496739366
2023-wimbledon-1407,00:43:30,0,0.0,0.4545454545454545,0.0,0.4558823529411764,0.0,0.0,0.2276069518716577,0,1,0.0,0.0,0.8985507246376812,0.9492753623188406,0,0.0,0.0,0.0,0,0,0.0,0,-0.4755921730175077,-0.0588235294117647,-0.2672078512146362,-2.2994380096460434
2023-wimbledon-1407,00:43:53,0,0.0,0.4545454545454545,0.0,0.463768115942029,0.0,0.5,0.3545783926218708,0,1,0.0,0.0,0.7101449275362319,0.855072463768116,0,0.0,1.0,0.0,1,0,0.6666666666666666,0,-0.4754256344362351,-0.0294117647058823,-0.2524186995710587,-2.3393755225527206
2023-wimbledon-1407,00:44:14,0,0.0,0.4545454545454545,0.3333333333333333,0.4714285714285714,0.0,0.5,0.4398268398268398,0,1,0.0,0.0,0.7246376811594204,0.8623188405797102,0,0.0,1.0,0.0,1,1,1.0,0,-0.5097113059250303,-0.1470588235294117,-0.328385064727221,-2.379313035459398
2023-wimbledon-1407,00:44:59,0,0.0,0.4545454545454545,0.5,0.4647887323943662,-1.0,0.5,0.1838668373879641,0,0,0.0,-1.0,0.0,-0.5,0,-1.0,0.0,0.0,0,0,-0.3333333333333333,0,-0.5301937809824245,-0.0,-0.2650968904912122,-2.419250548366075
2023-wimbledon-1407,00:46:01,0,0.0,0.4545454545454545,0.4,0.4583333333333333,-1.0,0.5,0.1625757575757575,0,0,0.0,-1.0,0.0,-0.5,0,-1.0,0.0,0.0,0,0,-0.25,0,-0.4239103048626858,-0.0,-0.2119551524313429,-2.4591880612727524
2023-wimbledon-1407,00:48:10,0,0.0,0.0,0.0,0.4657534246575342,0.0,0.0,0.2328767123287671,0,1,0.0,0.0,0.5507246376811594,0.7753623188405797,0,0.0,0.0,0.0,1,0,0.5,0,-0.4526645997607597,-0.2352941176470588,-0.3439793587039093,-2.4991255741794296
2023-wimbledon-1407,00:48:49,0,0.0,0.0,1.0,0.4594594594594595,0.0,0.0,0.4864864864864864,0,1,0.0,0.0,0.6811594202898552,0.8405797101449276,0,0.0,0.0,0.0,0,0,0.0,0,-0.4994612596728377,-0.0294117647058823,-0.26443651218936,-2.539063087086107
2023-wimbledon-1407,00:49:08,0,0.0,0.0,0.5,0.4533333333333333,0.0,0.0,0.3177777777777777,0,1,0.0,0.0,0.7971014492753623,0.5990338164251208,0,0.0,0.0,0.0,0,0,0.0,0,-0.4481648422408242,-0.0294117647058823,-0.2387883034733532,-2.579000599992784
2023-wimbledon-1407,00:49:26,0,0.0,0.0,0.3333333333333333,0.4473684210526316,0.0,0.0,0.260233918128655,0,0,0.0,0.0,0.2608695652173913,0.0869565217391304,0,0.0,0.0,0.0,0,0,0.0,0,-0.5182738145019654,-0.2647058823529412,-0.3914898484274532,-2.6189381128994613
2023-wimbledon-1407,00:50:08,0,0.0,0.0,0.25,0.4415584415584415,0.0,0.0,0.2305194805194804,0,1,0.0,0.0,0.8115942028985508,0.6038647342995169,0,0.0,0.0,0.0,0,0,0.0,0,-0.4695467422096318,-0.0294117647058823,-0.249479253457757,-2.6588756258061386
2023-wimbledon-1407,00:50:51,0,0.0,0.0,0.0,0.4358974358974359,0.0,0.0,0.1452991452991453,0,0,0.0,0.0,0.5797101449275364,0.2898550724637682,0,0.0,0.0,0.0,0,0,0.0,0,-0.348410222027386,-0.1176470588235294,-0.2330286404254576,-2.698813138712816
2023-wimbledon-1407,00:51:22,0,0.0,0.0,0.0,0.4430379746835443,0.0,0.0,0.110759493670886,0,1,1.0,0.0,0.855072463768116,0.9516908212560388,0,0.0,0.0,0.0,1,1,1.0,0,-0.3238719068413391,-0.0294117647058823,-0.1766418357736107,-2.738750651619493
2023-wimbledon-1407,00:51:40,0,0.0,0.0,0.5,0.4375,-1.0,0.0,-0.0125,0,0,1.0,-1.0,0.0,0.0,0,-1.0,0.0,0.0,0,0,-0.3333333333333333,0,-0.4806195965417868,-0.0,-0.2403097982708934,-2.7786881645261703
2023-wimbledon-1407,00:52:09,0,0.0,0.0,0.3333333333333333,0.4444444444444444,-1.0,0.0,-0.0444444444444444,0,1,1.0,-1.0,0.8695652173913044,0.4673913043478261,0,-1.0,0.0,0.0,1,0,0.0,0,-0.5106939529158332,-0.0294117647058823,-0.2700528588108578,-2.8186256774328475
2023-wimbledon-1407,00:52:26,0,0.0,0.0,0.5,0.4390243902439024,-1.0,0.0,-0.0121951219512195,0,0,1.0,-1.0,0.0,0.0,0,-1.0,0.0,0.0,0,0,-0.3333333333333333,0,-0.4841752513342435,-0.0,-0.2420876256671217,-2.8585631903395248
2023-wimbledon-1407,00:52:55,0,0.0,0.0,0.4,0.4457831325301205,-1.0,0.0,-0.0308433734939759,0,0,1.0,-1.0,0.7101449275362319,0.1775362318840579,0,-1.0,0.0,0.0,1,0,0.0,0,-0.3598643006263048,-0.0294117647058823,-0.1946380326660935,-2.898500703246202
2023-wimbledon-1407,00:53:27,0,0.0,0.0,0.5,0.4523809523809524,-1.0,0.0,-0.0095238095238095,0,1,1.0,-1.0,0.6811594202898552,0.4202898550724638,0,-1.0,0.0,0.0,1,0,0.0,0,-0.4465956058298891,-0.0294117647058823,-0.2380036852678857,-2.9384382161528793
2023-wimbledon-1407,00:53:44,0,0.0,0.0,0.5714285714285714,0.4588235294117647,-1.0,0.0,0.0060504201680672,0,1,1.0,-1.0,0.8840579710144929,0.4710144927536232,0,-1.0,0.0,0.0,1,1,0.3333333333333333,0,-0.5834984544661964,-0.0294117647058823,-0.3064551095860394,-2.9783757290595565
2023-wimbledon-1407,00:54:11,0,0.0,0.5,0.0,0.4534883720930232,0.0,0.0,0.317829457364341,0,1,0.0,0.0,0.8115942028985508,0.6038647342995169,0,0.0,0.0,0.0,0,0,0.0,0,-0.4839067702552719,-0.0294117647058823,-0.2566592674805771,-3.0183132419662337
2023-wimbledon-1407,00:54:27,0,0.0,0.5,0.0,0.4482758620689655,0.0,0.0,0.2370689655172413,0,1,0.0,0.0,0.7826086956521741,0.5942028985507247,0,0.0,0.0,0.0,0,0,0.0,0,-0.5673728357887945,-0.0294117647058823,-0.2983923002473384,-3.058250754872911
2023-wimbledon-1407,00:54:42,0,0.0,0.5,0.0,0.4431818181818182,-1.0,0.0,-0.0113636363636363,0,1,0.0,0.0,0.6376811594202898,0.5458937198067633,0,-1.0,0.0,0.0,0,0,-0.3333333333333333,0,-0.5060904872389791,-0.088235294117647,-0.2971628906783131,-3.0981882677795882
2023-wimbledon-1407,00:55:01,0,0.0,0.5,0.0,0.4382022471910112,-1.0,0.0,-0.0123595505617977,0,1,0.0,0.0,0.8115942028985508,0.6038647342995169,0,-1.0,0.0,0.0,0,0,-0.3333333333333333,0,-0.4693858611169115,-0.1470588235294117,-0.3082223423231616,-3.1381257806862655
2023-wimbledon-1407,00:57:13,0,0.0,0.3333333333333333,0.0,0.4333333333333333,-1.0,0.0,-0.0583333333333333,0,0,0.0,-1.0,0.0,-0.5,0,-1.0,0.0,0.0,0,0,-0.3333333333333333,0,-0.5964402470032691,-0.0,-0.2982201235016345,-3.1780632935929427
2023-wimbledon-1407,00:57:40,0,0.0,0.3333333333333333,0.0,0.4395604395604395,-1.0,0.0,-0.0454212454212454,0,1,1.0,-1.0,0.7536231884057971,0.4384057971014493,0,-1.0,0.0,0.0,1,1,0.3333333333333333,0,-0.3741865509761388,-0.0294117647058823,-0.2017991578410106,-3.21800080649962
2023-wimbledon-1407,00:57:57,0,0.0,0.3333333333333333,0.5,0.4347826086956521,-1.0,0.0,0.053623188405797,0,0,1.0,-1.0,0.0,0.0,0,-1.0,0.0,0.0,0,0,-0.3333333333333333,0,-0.4393069616950213,-0.0,-0.2196534808475106,-3.257938319406297
2023-wimbledon-1407,00:58:27,0,0.0,0.3333333333333333,0.3333333333333333,0.4301075268817204,-1.0,0.0,0.0193548387096774,0,0,1.0,-1.0,0.5072463768115942,0.1268115942028985,0,-1.0,0.0,0.0,0,0,-0.3333333333333333,0,-0.5300198637305368,-0.3529411764705882,-0.4414805201005625,-3.2978758323129744
2023-wimbledon-1407,00:59:13,0,0.0,0.3333333333333333,0.25,0.4361702127659574,-1.0,0.0,0.0039007092198581,0,1,1.0,-1.0,0.855072463768116,0.463768115942029,0,-1.0,0.0,0.0,1,1,0.3333333333333333,0,-0.3002859866539561,-0.0294117647058823,-0.1648488756799192,-3.3378133452196517
2023-wimbledon-1407,00:59:29,0,0.0,0.3333333333333333,0.4,0.4421052631578947,-1.0,0.0,0.0350877192982456,0,0,1.0,-1.0,0.6086956521739131,0.1521739130434782,0,-1.0,0.0,0.0,1,1,0.3333333333333333,0,-0.4175318941631398,-0.088235294117647,-0.2528835941403934,-3.377750858126329
2023-wimbledon-1407,01:00:10,0,0.0,0.3333333333333333,0.5,0.4479166666666667,-1.0,0.0,0.05625,0,1,1.0,-1.0,0.9130434782608696,0.4782608695652174,0,-1.0,0.0,0.0,1,0,0.0,0,-0.4379239797566491,-0.0294117647058823,-0.2336678722312657,-3.417688371033006
2023-wimbledon-1407,01:00:27,0,0.0,0.3333333333333333,0.5714285714285714,0.4536082474226804,-1.0,0.0,0.071674030436917,0,1,1.0,-1.0,0.0,0.3333333333333333,0,-1.0,0.0,0.0,1,0,0.0,0,0.0,-0.088235294117647,-0.088235294117647,-3.4576258839396834
2023-wimbledon-1407,01:01:31,0,0.0,0.5,0.0,0.4489795918367347,0.0,0.0,0.3163265306122449,0,1,0.0,0.0,0.6811594202898552,0.8405797101449276,0,0.0,0.0,0.0,0,0,0.0,0,-0.4612336785231877,-0.0294117647058823,-0.245322721614535,-3.4975633968463606
2023-wimbledon-1407,01:01:56,0,0.0,0.5,0.0,0.4545454545454545,0.0,0.0,0.1909090909090909,0,0,0.0,0.0,0.3913043478260869,0.1956521739130434,0,0.0,0.0,0.0,1,0,0.3333333333333333,0,-0.5775409747390058,-0.0588235294117647,-0.3181822520753852,-3.537500909753038
2023-wimbledon-1407,01:02:32,0,0.0,0.5,0.5,0.46,0.0,0.0,0.292,0,1,0.0,0.0,0.5507246376811594,0.7753623188405797,0,0.0,0.0,0.0,1,0,0.3333333333333333,0,-0.5458255482348313,-0.0588235294117647,-0.302324538823298,-3.577438422659715
2023-wimbledon-1407,01:03:09,0,0.0,0.5,0.6666666666666666,0.4554455445544554,0.0,0.0,0.3244224422442244,0,1,0.0,0.0,0.7391304347826086,0.8695652173913043,0,0.0,0.0,0.0,0,0,0.0,0,-0.4876314162028448,-0.0294117647058823,-0.2585215904543635,-3.6173759355663924
2023-wimbledon-1407,01:03:42,0,0.0,0.5,0.5,0.4607843137254901,0.0,0.0,0.292156862745098,0,0,0.0,0.0,0.2318840579710146,0.1159420289855073,0,0.0,0.0,0.0,1,0,0.3333333333333333,0,-0.5010488981163087,-0.1176470588235294,-0.309347978469919,-3.6573134484730696
2023-wimbledon-1407,01:04:23,0,0.0,0.5,0.6,0.4563106796116505,0.0,0.0,0.3112621359223301,0,1,0.0,0.0,0.8115942028985508,0.9057971014492754,0,0.0,0.0,0.0,0,0,0.0,0,-0.5247443342412251,-0.088235294117647,-0.3064898141794361,-3.697250961379747
2023-wimbledon-1407,01:04:51,0,0.0,0.5,0.5,0.4519230769230769,0.0,0.0,0.2903846153846153,0,1,0.0,0.0,0.8405797101449275,0.9202898550724636,0,0.0,0.0,0.0,0,0,0.0,0,-0.5269294132556077,-0.0294117647058823,-0.278170588980745,-3.737188474286424
2023-wimbledon-1407,01:05:09,0,0.0,0.5,0.4285714285714285,0.4476190476190476,0.0,0.0,0.2752380952380952,0,1,0.0,0.0,0.7971014492753623,0.5990338164251208,0,0.0,0.0,0.0,0,0,0.0,0,-0.4465170504226173,-0.0294117647058823,-0.2379644075642498,-3.7771259871931013
2023-wimbledon-1407,01:06:32,0,0.0,0.4,0.0,0.4433962264150943,-1.0,0.0,-0.0391509433962264,0,1,0.0,0.0,0.9130434782608696,0.9565217391304348,0,-1.0,0.0,0.0,0,0,-0.3333333333333333,0,-0.5162116040955631,-0.1176470588235294,-0.3169293314595462,-3.8170635000997786
2023-wimbledon-1407,01:06:52,0,0.0,0.4,0.0,0.4392523364485981,-1.0,0.0,-0.0321495327102803,0,1,0.0,0.0,0.7536231884057971,0.8768115942028986,0,-1.0,0.0,0.0,0,0,-0.3333333333333333,0,-0.447542697804113,-0.0588235294117647,-0.2531831136079388,-3.857001013006456
2023-wimbledon-1407,01:07:11,0,0.0,0.4,0.0,0.4444444444444444,-1.0,0.0,-0.0311111111111111,0,1,0.0,0.0,0.8695652173913044,0.9347826086956522,0,-1.0,0.0,0.0,1,0,0.0,0,-0.4297556183224855,-0.088235294117647,-0.2589954562200662,-3.896938525913133
2023-wimbledon-1407,01:07:30,0,0.0,0.4,0.3333333333333333,0.4495412844036697,-1.0,1.0,0.1971457696228338,0,0,0.0,0.0,0.6956521739130435,0.3478260869565217,0,-1.0,1.0,0.0,1,0,0.25,0,-0.4657200811359027,-0.0294117647058823,-0.2475659229208925,-3.9368760388198103
2023-wimbledon-1407,01:08:03,0,0.0,0.4,0.5,0.4454545454545454,-1.0,1.0,0.2242424242424242,0,0,0.0,-1.0,0.0,-0.5,0,-1.0,0.0,0.0,0,0,-0.3333333333333333,0,-0.5318275154004107,-0.0,-0.2659137577002053,-3.9768135517264875
2023-wimbledon-1407,01:08:31,0,0.0,0.4,0.4,0.4414414414414414,-1.0,1.0,0.2069069069069069,0,1,0.0,-1.0,0.9130434782608696,0.3043478260869565,0,-1.0,0.0,0.0,0,0,-0.25,0,-0.3945698298847122,-0.0588235294117647,-0.2266966796482384,-4.016751064633165
2023-wimbledon-1407,01:08:58,0,0.0,0.3333333333333333,0.0,0.4375,0.0,0.0,0.2569444444444444,0,1,0.0,0.0,0.7826086956521741,0.5942028985507247,0,0.0,0.0,0.0,0,0,0.0,0,-0.3879310344827587,-0.0294117647058823,-0.2086713995943205,-4.056688577539842
2023-wimbledon-1407,01:09:15,0,0.0,0.3333333333333333,0.0,0.4336283185840708,-1.0,0.0,-0.0466076696165191,0,0,0.0,0.0,0.3768115942028986,0.1256038647342995,0,-1.0,0.0,0.0,0,0,-0.3333333333333333,0,-0.5845784641068448,-0.1470588235294117,-0.3658186438181283,-4.096626090446519
2023-wimbledon-1407,01:09:49,0,0.0,0.3333333333333333,0.0,0.4298245614035088,-1.0,0.0,-0.0473684210526315,0,0,0.0,0.0,0.4347826086956523,0.1449275362318841,0,-1.0,0.0,0.0,0,0,-0.3333333333333333,0,-0.4901934974331973,-0.0294117647058823,-0.2598026310695398,-4.1365636033531965
2023-wimbledon-1407,01:10:15,0,0.0,0.3333333333333333,0.0,0.4260869565217391,-1.0,0.0,-0.0481159420289855,0,0,0.0,0.0,0.3768115942028986,0.1256038647342995,0,-1.0,0.0,0.0,0,0,-0.3333333333333333,0,-0.5913413640068834,-0.0294117647058823,-0.3103765643563829,-4.176501116259874
2023-wimbledon-1407,01:12:06,0,0.0,0.2857142857142857,0.0,0.4310344827586206,0.0,1.0,0.4291871921182266,0,1,0.0,0.0,0.7536231884057971,0.8768115942028986,0,0.0,1.0,0.0,1,0,0.6666666666666666,0,-0.4721197656758516,-0.0294117647058823,-0.2507657651908669,-4.216438629166551
2023-wimbledon-1407,01:12:18,0,0.0,0.2857142857142857,1.0,0.4358974358974359,0.0,1.0,0.5443223443223444,0,1,1.0,0.0,0.855072463768116,0.9516908212560388,0,0.0,0.0,0.0,1,1,1.0,0,-0.44,-0.0294117647058823,-0.2347058823529411,-4.256376142073228
2023-wimbledon-1407,01:12:29,0,0.0,0.2857142857142857,1.0,0.4406779661016949,0.0,1.0,0.545278450363196,0,1,1.0,0.0,0.8695652173913044,0.9565217391304348,0,0.0,0.0,0.0,1,1,1.0,0,-0.4496088357109986,-0.0294117647058823,-0.2395103002084404,-4.2963136549799055
2023-wimbledon-1407,01:12:42,0,0.0,0.2857142857142857,1.0,0.4453781512605042,0.0,1.0,0.546218487394958,0,1,1.0,0.0,0.0,1.0,0,0.0,0.0,0.0,1,1,1.0,0,-0.2607052896725441,-0.0294117647058823,-0.1450585271892132,-4.336251167886583
2023-wimbledon-1407,01:13:07,0,0.0,0.375,0.0,0.4416666666666666,0.0,0.0,0.2722222222222222,0,1,0.0,0.0,0.6231884057971016,0.8115942028985508,0,0.0,0.0,0.0,0,0,0.0,0,-0.5484620257619482,-0.0294117647058823,-0.2889368952339153,-4.37618868079326
2023-wimbledon-1407,01:13:24,0,0.0,0.375,0.0,0.4380165289256198,0.0,0.0,0.2032541322314049,0,0,0.0,0.0,0.3043478260869565,0.1521739130434782,0,0.0,0.0,0.0,0,0,0.0,0,-0.5451563525038268,-0.088235294117647,-0.3166958233107369,-4.416126193699937
2023-wimbledon-1407,01:13:54,0,0.0,0.375,0.0,0.4426229508196721,0.0,0.0,0.1635245901639344,0,1,0.0,0.0,0.8115942028985508,0.9057971014492754,0,0.0,0.0,0.0,1,0,0.3333333333333333,0,-0.500788643533123,-0.1176470588235294,-0.3092178511783262,-4.456063706606614
2023-wimbledon-1407,01:14:16,0,0.0,0.375,0.3333333333333333,0.4471544715447154,0.0,0.0,0.2310975609756097,0,0,0.0,0.0,0.3768115942028986,0.1884057971014493,0,0.0,0.0,0.0,1,0,0.3333333333333333,0,-0.5840661641541038,-0.0588235294117647,-0.3214448467829343,-4.496001219513292
2023-wimbledon-1407,01:14:52,0,0.0,0.375,0.5,0.4435483870967742,0.0,0.0,0.2637096774193548,0,1,0.0,0.0,0.7391304347826086,0.8695652173913043,0,0.0,0.0,0.0,0,0,0.0,0,-0.5129958470571387,-0.0294117647058823,-0.2712038058815105,-4.535938732419969
2023-wimbledon-1407,01:15:22,0,0.0,0.375,0.4,0.44,0.0,0.0,0.243,0,1,0.0,0.0,0.7681159420289856,0.8840579710144928,0,0.0,0.0,0.0,0,0,0.0,0,-0.5270866695309143,-0.088235294117647,-0.3076609818242807,-4.575876245326646
2023-wimbledon-1407,01:19:12,0,0.0,0.0,0.0,0.4365079365079365,0.0,0.0,0.2182539682539682,0,0,0.0,0.0,0.4492753623188406,0.2246376811594203,0,0.0,0.0,0.0,0,0,0.0,0,-0.4914709320863004,-0.1764705882352941,-0.3339707601607972,-4.615813758233323
2023-wimbledon-1407,01:19:44,0,0.0,0.0,0.0,0.4409448818897638,0.0,1.0,0.3602362204724409,0,1,0.0,0.0,0.8695652173913044,0.9347826086956522,0,0.0,1.0,0.0,1,0,0.6666666666666666,0,-0.5015610651974288,-0.0294117647058823,-0.2654864149516556,-4.655751271140001
2023-wimbledon-1407,01:20:02,0,0.0,0.0,0.5,0.4453125,0.0,1.0,0.486328125,0,1,1.0,0.0,0.7681159420289856,0.9227053140096618,0,0.0,0.0,0.0,1,1,1.0,0,-0.5471800433839479,-0.0294117647058823,-0.2882959040449151,-4.695688784046678
2023-wimbledon-1407,01:20:18,0,0.0,0.0,0.6666666666666666,0.4496124031007752,0.0,1.0,0.5290697674418605,0,0,1.0,0.0,0.463768115942029,0.4879227053140096,0,0.0,0.0,0.0,1,1,1.0,0,-0.4889014945987274,-0.088235294117647,-0.2885683943581872,-4.735626296953355
2023-wimbledon-1407,01:20:53,0,0.0,0.0,0.75,0.4538461538461538,0.0,1.0,0.5509615384615385,0,1,1.0,0.0,0.6666666666666667,0.888888888888889,0,0.0,1.0,0.0,1,0,0.6666666666666666,0,-0.3643931919092254,-0.0294117647058823,-0.1969024783075539,-4.775563809860032
2023-wimbledon-1407,01:21:33,0,0.0,1.0,0.0,0.4503816793893129,0.0,0.0,0.4834605597964376,0,1,0.0,0.0,0.5942028985507246,0.7971014492753623,0,0.0,0.0,0.0,0,0,0.0,0,-0.5234846496982419,-0.0294117647058823,-0.2764482072020621,-4.81550132276671
2023-wimbledon-1407,01:21:49,0,0.0,1.0,0.0,0.4545454545454545,0.0,0.0,0.2909090909090909,0,0,0.0,0.0,0.4202898550724638,0.2101449275362319,0,0.0,0.0,0.0,1,0,0.3333333333333333,0,-0.4185261693903013,-0.1764705882352941,-0.2974983788127977,-4.855438835673387
2023-wimbledon-1407,01:22:27,0,0.0,1.0,0.5,0.4511278195488721,-0.5,0.0,0.2902255639097744,0,0,0.0,0.0,0.4347826086956523,0.2173913043478261,0,-0.5,0.0,0.0,0,0,-0.1666666666666666,0,-0.4472332477235582,-0.1470588235294117,-0.297146035626485,-4.895376348580064
2023-wimbledon-1407,01:22:59,0,0.0,1.0,0.3333333333333333,0.4477611940298507,-0.5,0.0,0.2562189054726368,0,1,0.0,0.0,0.7681159420289856,0.8840579710144928,0,-0.5,0.0,0.0,0,0,-0.1666666666666666,0,-0.552999016715831,-0.088235294117647,-0.320617155416739,-4.935313861486741
2023-wimbledon-1407,01:23:19,0,0.0,1.0,0.25,0.4518518518518518,-0.3333333333333333,0.0,0.2737037037037036,0,0,0.0,0.0,0.3043478260869565,0.1521739130434782,0,-0.3333333333333333,0.0,0.0,1,0,0.2222222222222222,0,-0.5390416444207154,-0.0588235294117647,-0.2989325869162401,-4.975251374393419
2023-wimbledon-1407,01:24:07,0,0.0,1.0,0.4,0.4558823529411764,-0.3333333333333333,0.0,0.3045098039215686,0,0,0.0,0.0,0.318840579710145,0.1594202898550725,0,-0.3333333333333333,0.0,0.0,1,0,0.2222222222222222,0,-0.4589300635432658,-0.1764705882352941,-0.31770032588928,-5.015188887300096
2023-wimbledon-1407,01:24:53,0,0.0,1.0,0.5,0.4525547445255474,-0.3333333333333333,0.0,0.2698702351987024,0,1,0.0,0.0,0.4927536231884057,0.7463768115942029,0,-0.3333333333333333,0.0,0.0,0,0,-0.0833333333333333,0,-0.621675335109307,-0.1470588235294117,-0.3843670793193594,-5.055126400206773
2023-wimbledon-1407,01:25:22,0,0.0,1.0,0.4285714285714285,0.4492753623188406,-0.3333333333333333,0.0,0.2574189095928226,0,1,0.0,0.0,0.7536231884057971,0.8768115942028986,0,-0.3333333333333333,0.0,0.0,0,0,-0.1111111111111111,0,-0.4909557838320679,-0.0294117647058823,-0.2601837742689751,-5.09506391311345
2023-wimbledon-1407,01:25:50,0,0.0,0.5,0.0,0.4532374100719424,0.0,0.0,0.3177458033573141,0,1,1.0,0.0,0.855072463768116,0.9516908212560388,0,0.0,0.0,0.0,1,1,1.0,0,-0.5624067628045748,-0.0294117647058823,-0.2959092637552286,-5.1350014260201275
2023-wimbledon-1407,01:26:08,0,0.0,0.5,1.0,0.4571428571428571,0.0,1.0,0.5914285714285714,0,1,1.0,0.0,0.8115942028985508,0.9371980676328504,0,0.0,1.0,0.0,1,0,0.6666666666666666,0,-0.5116886996788409,-0.0294117647058823,-0.2705502321923616,-5.174938938926805
2023-wimbledon-1407,01:26:28,0,0.0,0.5,1.0,0.4609929078014184,0.0,1.0,0.5921985815602837,0,1,1.0,0.0,0.7101449275362319,0.9033816425120772,0,0.0,0.0,0.0,1,1,1.0,0,-0.5882783882783882,-0.0294117647058823,-0.3088450764921353,-5.214876451833482
2023-wimbledon-1407,01:26:39,0,0.0,0.5,1.0,0.4647887323943662,0.0,1.0,0.5929577464788732,0,1,1.0,0.0,0.7826086956521741,0.927536231884058,0,0.0,1.0,0.0,1,1,1.0,0,-0.4937822369815586,-0.088235294117647,-0.2910087655496028,-5.254813964740159
2023-wimbledon-1407,01:28:18,0,0.0,0.6666666666666666,0.0,0.4615384615384615,-1.0,0.0,0.032051282051282,0,0,0.0,0.0,0.3478260869565217,0.1739130434782608,0,-1.0,0.0,0.0,0,0,-0.3333333333333333,0,-0.5379452762003097,-0.0294117647058823,-0.283678520453096,-5.2947514776468365
2023-wimbledon-1407,01:28:42,0,0.0,0.6666666666666666,0.0,0.4652777777777778,-0.5,0.0,0.1263888888888888,0,0,0.0,0.0,0.3478260869565217,0.1739130434782608,0,-0.5,0.0,0.0,1,0,0.1666666666666666,0,-0.5560419751496813,-0.0588235294117647,-0.307432752280723,-5.334688990553514
2023-wimbledon-1407,01:29:11,0,0.0,0.6666666666666666,0.5,0.4620689655172413,-0.5,0.0,0.2257471264367815,0,1,0.0,0.0,0.7826086956521741,0.5942028985507247,0,-0.5,0.0,0.0,0,0,-0.1666666666666666,0,-0.4867682437850842,-0.0294117647058823,-0.2580900042454833,-5.374626503460191
2023-wimbledon-1407,01:29:27,0,0.0,0.6666666666666666,0.3333333333333333,0.4589041095890411,-0.6666666666666666,0.0,0.1584474885844749,0,0,0.0,0.0,0.318840579710145,0.106280193236715,0,-0.6666666666666666,0.0,0.0,0,0,-0.2222222222222222,0,-0.4773456068208398,-0.088235294117647,-0.2827904504692434,-5.414564016366868
2023-wimbledon-1407,01:30:02,0,0.0,0.6666666666666666,0.25,0.4557823129251701,-0.6666666666666666,0.0,0.141156462585034,0,1,0.0,0.0,0.6086956521739131,0.5362318840579711,0,-0.6666666666666666,0.0,0.0,0,0,-0.2222222222222222,0,-0.5151486370975402,-0.0294117647058823,-0.2722802009017113,-5.4545015292735455
2023-wimbledon-1407,01:30:44,0,0.0,0.5,0.0,0.4594594594594595,0.0,0.0,0.3198198198198198,0,1,0.0,0.0,0.7971014492753623,0.8985507246376812,0,0.0,0.0,0.0,1,0,0.5,0,-0.4621710526315789,-0.0294117647058823,-0.2457914086687306,-5.494439042180223
2023-wimbledon-1407,01:30:59,0,0.0,0.5,1.0,0.4630872483221476,0.0,1.0,0.5926174496644295,0,1,0.0,0.0,0.8115942028985508,0.9057971014492754,0,0.0,1.0,0.0,1,0,0.6666666666666666,0,-0.416520672740014,-0.0294117647058823,-0.2229662187229481,-5.5343765550869
2023-wimbledon-1407,01:31:13,0,0.0,0.5,1.0,0.4666666666666667,0.0,1.0,0.5933333333333334,0,1,0.0,0.0,0.6956521739130435,0.8478260869565217,0,0.0,0.0,0.0,1,0,0.5,0,-0.3682073492589835,-0.0294117647058823,-0.1988095569824329,-5.574314067993577
2023-wimbledon-1407,01:31:29,0,0.0,0.5,1.0,0.4701986754966887,0.0,1.0,0.5940397350993377,0,1,1.0,0.0,0.7101449275362319,0.9033816425120772,0,0.0,0.0,0.0,1,1,1.0,0,-0.3572755417956656,-0.0294117647058823,-0.193343653250774,-5.6142515809002544
2023-wimbledon-1407,01:32:57,0,0.0,0.6,0.0,0.4736842105263157,0.0,0.0,0.3578947368421052,0,0,0.0,0.0,0.4202898550724638,0.2101449275362319,0,0.0,0.0,0.0,1,1,1.0,0,-0.509977456792185,-0.1176470588235294,-0.3138122578078572,-5.654189093806932
2023-wimbledon-1407,01:33:26,0,0.0,0.6,1.0,0.477124183006536,0.0,1.0,0.6154248366013072,0,1,0.0,0.0,0.7246376811594204,0.8623188405797102,0,0.0,1.0,0.0,1,0,0.6666666666666666,0,-0.4742338562568406,-0.1176470588235294,-0.295940457540185,-5.694126606713609
2023-wimbledon-1407,01:33:58,0,0.0,0.6,1.0,0.4805194805194805,0.0,1.0,0.616103896103896,0,0,0.0,0.0,0.4057971014492754,0.2028985507246377,0,0.0,0.0,0.0,1,0,0.5,0,-0.5242801334954597,-0.3529411764705882,-0.4386106549830239,-5.734064119620286
2023-wimbledon-1407,01:35:00,0,0.0,0.6,1.0,0.4774193548387097,0.0,1.0,0.6154838709677419,0,1,0.0,0.0,0.7536231884057971,0.8768115942028986,0,0.0,0.0,0.0,0,0,0.0,0,-0.5690922333311262,-0.088235294117647,-0.3286637637243866,-5.774001632526963
2023-wimbledon-1407,01:35:23,0,0.0,0.6,0.75,0.4743589743589743,0.0,1.0,0.564871794871795,0,1,0.0,0.0,0.6086956521739131,0.5362318840579711,0,0.0,0.0,0.0,0,0,0.0,0,-0.5404203718674211,-0.0294117647058823,-0.2849160682866517,-5.813939145433641
2023-wimbledon-1407,01:35:49,0,0.0,0.6,0.6,0.4713375796178344,0.0,1.0,0.5342675159235669,0,1,0.0,0.0,0.8115942028985508,0.6038647342995169,0,0.0,0.0,0.0,0,0,0.0,0,-0.5753742572237383,-0.1470588235294117,-0.361216540376575,-5.853876658340318
2023-wimbledon-1407,01:36:21,0,0.0,0.6,0.5,0.4683544303797468,-1.0,1.0,0.2613924050632911,0,1,0.0,0.0,0.8115942028985508,0.6038647342995169,0,-1.0,0.0,0.0,0,0,-0.3333333333333333,0,-0.651718427900375,-0.088235294117647,-0.369976861009011,-5.893814171246995
2023-wimbledon-1407,01:36:52,0,0.0,0.6,0.4285714285714285,0.4654088050314465,-1.0,1.0,0.2489967056004791,0,1,0.0,0.0,0.7101449275362319,0.5700483091787439,0,-1.0,0.0,0.0,0,0,-0.3333333333333333,0,-0.4826943341168841,-0.088235294117647,-0.2854648141172656,-5.933751684153672
2023-wimbledon-1407,01:37:22,0,0.0,0.5,0.0,0.46875,0.0,1.0,0.4921875,0,0,0.0,0.0,0.536231884057971,0.2681159420289855,0,0.0,1.0,0.0,1,0,0.6666666666666666,0,-0.5147077880005183,-0.0294117647058823,-0.2720597763532003,-5.97368919706035
2023-wimbledon-1407,01:37:53,0,0.0,0.5,1.0,0.4658385093167702,0.0,1.0,0.5931677018633541,0,1,0.0,0.0,0.7971014492753623,0.8985507246376812,0,0.0,0.0,0.0,0,0,0.0,0,-0.439045727526363,-0.1764705882352941,-0.3077581578808286,-6.013626709967027
2023-wimbledon-1407,01:38:17,0,0.0,0.5,0.5,0.4691358024691358,0.0,1.0,0.4938271604938271,0,1,0.0,0.0,0.8405797101449275,0.9202898550724636,0,0.0,0.0,0.0,1,0,0.5,0,-0.4152622834084975,-0.0294117647058823,-0.2223370240571899,-6.053564222873704
2023-wimbledon-1407,01:38:33,0,0.0,0.5,0.6666666666666666,0.4723926380368098,0.0,1.0,0.5278118609406952,0,1,1.0,0.0,0.7536231884057971,0.9178743961352656,0,0.0,0.0,0.0,1,1,1.0,0,-0.4927536231884058,-0.0294117647058823,-0.261082693947144,-6.093501735780381
2023-wimbledon-1407,01:38:48,0,0.0,0.5,0.75,0.4756097560975609,0.0,1.0,0.5451219512195122,0,1,1.0,0.0,0.7101449275362319,0.9033816425120772,0,0.0,0.0,0.0,1,1,1.0,0,-0.5371525808281339,-0.0294117647058823,-0.2832821727670081,-6.133439248687059
2023-wimbledon-1407,01:40:12,0,0.0,0.5714285714285714,0.0,0.4727272727272727,-1.0,0.0,0.011038961038961,0,1,0.0,0.0,0.5217391304347827,0.7608695652173914,0,-1.0,0.0,0.0,0,0,-0.3333333333333333,0,-0.5011293965795418,-0.088235294117647,-0.2946823453485944,-6.173376761593736
2023-wimbledon-1407,01:40:32,0,0.0,0.5714285714285714,0.0,0.4698795180722891,-1.0,0.0,0.0082616179001721,0,0,0.0,0.0,0.4057971014492754,0.2028985507246377,0,-1.0,0.0,0.0,0,0,-0.3333333333333333,0,-0.5357270666825719,-0.0294117647058823,-0.2825694156942271,-6.213314274500413
2023-wimbledon-1407,01:41:01,0,0.0,0.5714285714285714,0.0,0.4730538922155688,-0.5,0.0,0.108896492728828,0,1,0.0,0.0,0.8260869565217392,0.9130434782608696,0,-0.5,0.0,0.0,1,0,0.1666666666666666,0,-0.5106590090528571,-0.0588235294117647,-0.2847412692323109,-6.25325178740709
2023-wimbledon-1407,01:41:21,0,0.0,0.5714285714285714,0.3333333333333333,0.4702380952380952,-0.5,0.0,0.175,0,1,0.0,0.0,0.8260869565217392,0.9130434782608696,0,-0.5,0.0,0.0,0,0,-0.1666666666666666,0,-0.5900574569073195,-0.0294117647058823,-0.3097346108066009,-6.2931893003137676
2023-wimbledon-1407,01:41:36,0,0.0,0.5714285714285714,0.25,0.4674556213017751,-0.5,0.0,0.1577768385460693,0,1,0.0,0.0,0.7826086956521741,0.891304347826087,0,-0.5,0.0,0.0,0,0,-0.1666666666666666,0,-0.5314666180226195,-0.0294117647058823,-0.2804391913642509,-6.333126813220445
2023-wimbledon-1407,01:42:10,0,0.0,0.5,0.0,0.4647058823529412,0.0,0.0,0.3215686274509804,0,0,0.0,0.0,0.6086956521739131,0.3043478260869565,0,0.0,0.0,0.0,0,0,0.0,0,-0.3524114231544022,-0.0588235294117647,-0.2056174762830834,-6.373064326127121
2023-wimbledon-1407,01:42:35,0,0.0,0.5,0.0,0.4678362573099415,0.0,0.0,0.1935672514619883,0,0,0.0,0.0,0.463768115942029,0.2318840579710145,0,0.0,0.0,0.0,1,0,0.3333333333333333,0,-0.5554321831226512,-0.088235294117647,-0.3218337386201491,-6.413001839033798
2023-wimbledon-1407,01:43:04,0,0.0,0.5,0.5,0.4709302325581395,0.0,0.0,0.2941860465116279,0,0,0.0,0.0,0.6376811594202898,0.3188405797101449,0,0.0,0.0,0.0,1,0,0.3333333333333333,0,-0.4907384054925038,-0.1470588235294117,-0.3188986145109578,-6.452939351940476
2023-wimbledon-1407,01:43:38,0,0.0,0.5,0.6666666666666666,0.4682080924855491,0.0,0.0,0.3269749518304431,0,1,0.0,0.0,0.6521739130434783,0.8260869565217391,0,0.0,0.0,0.0,0,0,0.0,0,-0.5554168977629876,-0.0588235294117647,-0.3071202135873762,-6.492876864847153
2023-wimbledon-1407,01:44:12,0,0.0,0.5,0.5,0.4655172413793103,-0.5,0.0,0.193103448275862,0,0,0.0,-1.0,0.0,-0.5,0,-0.5,0.0,0.0,0,0,-0.1666666666666666,0,-0.5819361817198485,-0.0,-0.2909680908599242,-6.53281437775383
2023-wimbledon-1407,01:44:38,0,0.0,0.5,0.4,0.4685714285714286,-0.5,0.0,0.1737142857142857,0,0,0.0,-1.0,0.3623188405797102,-0.2125603864734299,0,-0.5,0.0,0.0,1,0,0.1666666666666666,0,-0.4026304316233106,-0.0294117647058823,-0.2160210981645964,-6.572751890660507
2023-wimbledon-1407,01:45:06,0,0.0,0.5,0.5,0.4715909090909091,-0.5,0.0,0.1943181818181818,0,1,1.0,-1.0,0.6956521739130435,0.4239130434782608,0,-0.5,0.0,0.0,1,1,0.5,0,-0.4635530770762797,-0.0294117647058823,-0.246482420891081,-6.612689403567185
2023-wimbledon-1407,01:45:21,0,0.0,0.5,0.5714285714285714,0.4689265536723164,-0.5,0.0,0.1733925208501479,0,1,1.0,-1.0,0.9130434782608696,0.4782608695652174,0,-0.5,0.0,0.0,0,0,-0.125,0,-0.4779803723244306,-0.1764705882352941,-0.3272254802798623,-6.652626916473862
2023-wimbledon-1407,01:45:48,0,0.0,0.5,0.5,0.4719101123595505,-0.5,0.3333333333333333,0.2175405742821473,0,1,1.0,-1.0,0.8840579710144929,0.4710144927536232,0,-0.5,1.0,0.0,1,0,0.375,0,-0.6128595541177299,-0.1470588235294117,-0.3799591888235708,-6.692564429380539
2023-wimbledon-1407,01:46:19,0,0.0,0.5,0.5714285714285714,0.4748603351955307,-0.5,0.3333333333333333,0.2299370399929059,0,1,1.0,-1.0,0.9130434782608696,0.4782608695652174,0,-0.5,0.0,0.0,1,1,0.5,0,-0.4682589566310496,-0.0294117647058823,-0.248835360668466,-6.732501942287216
2023-wimbledon-1407,01:47:48,0,0.0,0.5555555555555556,0.0,0.4722222222222222,0.0,0.0,0.3425925925925925,0,1,0.0,0.0,0.7826086956521741,0.891304347826087,0,0.0,0.0,0.0,0,0,0.0,0,-0.5772563405224211,-0.0294117647058823,-0.3033340526141517,-6.772439455193894
2023-wimbledon-1407,01:48:03,0,0.0,0.5555555555555556,0.0,0.4696132596685083,0.0,0.0,0.2050337630448127,0,1,0.0,0.0,0.7246376811594204,0.8623188405797102,0,0.0,0.0,0.0,0,0,0.0,0,-0.5708439470497348,-0.088235294117647,-0.3295396205836909,-6.812376968100571
2023-wimbledon-1407,01:48:23,0,0.0,0.5555555555555556,0.0,0.467032967032967,0.0,0.0,0.2045177045177045,0,0,0.0,0.0,0.4347826086956523,0.2173913043478261,0,0.0,0.0,0.0,0,0,0.0,0,-0.4953317208915243,-0.1470588235294117,-0.321195272210468,-6.852314481007248
2023-wimbledon-1407,01:48:59,0,0.0,0.5555555555555556,0.0,0.4699453551912568,0.0,0.0,0.2051001821493625,0,1,0.0,0.0,0.7391304347826086,0.8695652173913043,0,0.0,0.0,0.0,1,1,1.0,0,-0.5656954370533259,-0.0588235294117647,-0.3122594832325453,-6.892251993913925
2023-wimbledon-1407,01:49:18,0,0.0,0.5555555555555556,0.25,0.4673913043478261,0.0,0.0,0.2545893719806763,0,1,0.0,0.0,0.5942028985507246,0.7971014492753623,0,0.0,0.0,0.0,0,0,0.0,0,-0.4951757408683667,-0.0294117647058823,-0.2622937527871245,-6.9321895068206025
2023-wimbledon-1407,01:49:48,0,0.0,0.5,0.0,0.4702702702702703,0.0,0.0,0.3234234234234234,0,1,0.0,0.0,0.8695652173913044,0.9347826086956522,0,0.0,0.0,0.0,1,0,0.5,0,-0.3858658453114305,-0.0294117647058823,-0.2076388050086564,-6.97212701972728
2023-wimbledon-1407,01:50:05,0,0.0,0.5,1.0,0.4731182795698925,0.0,1.0,0.5946236559139785,0,1,0.0,0.0,0.8405797101449275,0.9202898550724636,0,0.0,1.0,0.0,1,1,1.0,0,-0.4319617162575688,-0.088235294117647,-0.2600985051876079,-7.012064532633957
2023-wimbledon-1407,01:50:26,0,0.0,0.5,1.0,0.4705882352941176,0.0,1.0,0.5941176470588235,0,0,0.0,0.0,0.6376811594202898,0.3188405797101449,0,0.0,0.0,0.0,0,0,0.0,0,-0.4938976990049751,-0.1176470588235294,-0.3057723789142522,-7.052002045540634
2023-wimbledon-1407,01:51:00,0,0.0,0.5,0.6666666666666666,0.4734042553191489,0.0,1.0,0.5280141843971631,0,1,0.0,0.0,0.7391304347826086,0.8695652173913043,0,0.0,0.0,0.0,1,0,0.5,0,-0.39727385377943,-0.0294117647058823,-0.2133428092426561,-7.0919395584473115
2023-wimbledon-1407,01:51:16,0,0.0,0.5,0.75,0.4761904761904761,0.0,1.0,0.4543650793650793,0,1,0.0,0.0,0.7826086956521741,0.891304347826087,0,0.0,0.0,0.0,1,0,0.3333333333333333,0,-0.4974706971005552,-0.088235294117647,-0.2928529956091011,-7.131877071353989
2023-wimbledon-1407,01:52:46,0,0.0,0.5454545454545454,0.0,0.4789473684210526,0.0,0.0,0.3414673046251993,0,0,0.0,0.0,0.318840579710145,0.1594202898550725,0,0.0,0.0,0.0,1,0,0.5,0,-0.5706130088909687,-0.0588235294117647,-0.3147182691513667,-7.171814584260666
2023-wimbledon-1407,01:53:12,0,0.0,0.5454545454545454,1.0,0.4764397905759162,0.0,0.0,0.5054735840076154,0,1,0.0,0.0,0.7536231884057971,0.8768115942028986,0,0.0,0.0,0.0,0,0,0.0,0,-0.5304147906887633,-0.0294117647058823,-0.2799132776973228,-7.211752097167343
2023-wimbledon-1407,01:53:31,0,0.0,0.5454545454545454,0.5,0.4739583333333333,0.0,0.0,0.3798532196969696,0,1,0.0,0.0,0.8260869565217392,0.9130434782608696,0,0.0,0.0,0.0,0,0,0.0,0,-0.5337899543378996,-0.088235294117647,-0.3110126242277733,-7.2516896100740205
2023-wimbledon-1407,01:53:52,0,0.0,0.5454545454545454,0.3333333333333333,0.4715025906735751,0.0,0.0,0.3375726173653635,0,1,0.0,0.0,0.7536231884057971,0.5845410628019324,0,0.0,0.0,0.0,0,0,0.0,0,-0.5655737704918032,-0.0294117647058823,-0.2974927675988428,-7.291627122980698
2023-wimbledon-1407,01:54:09,0,0.0,0.5454545454545454,0.25,0.4690721649484536,0.0,0.0,0.3161316776007498,0,1,0.0,0.0,0.6231884057971016,0.5410628019323672,0,0.0,0.0,0.0,0,0,0.0,0,-0.4798168955472326,-0.0294117647058823,-0.2546143301265575,-7.331564635887375
2023-wimbledon-1407,01:54:39,0,0.0,0.5,0.0,0.4717948717948718,0.0,0.0,0.3239316239316239,0,1,1.0,0.0,0.7101449275362319,0.9033816425120772,0,0.0,0.0,0.0,1,1,1.0,0,-0.5181412495149399,-0.0294117647058823,-0.2737765071104111,-7.371502148794052
2023-wimbledon-1407,01:55:04,0,0.0,0.5,1.0,0.4693877551020408,0.0,0.0,0.4923469387755102,0,1,1.0,0.0,0.7536231884057971,0.9178743961352656,0,0.0,0.0,0.0,0,0,0.0,0,-0.6181401711577005,-0.0294117647058823,-0.3237759679317914,-7.411439661700729
2023-wimbledon-1407,01:55:35,0,0.0,0.5,0.5,0.4720812182741117,0.0,0.0,0.3680203045685279,0,1,1.0,0.0,0.8695652173913044,0.9565217391304348,0,0.0,0.0,0.0,1,0,0.5,0,-0.5417324610872998,-0.0588235294117647,-0.3002779952495322,-7.451377174607407
2023-wimbledon-1407,01:56:05,0,0.0,0.5,0.6666666666666666,0.4696969696969697,0.0,0.0,0.409090909090909,0,0,1.0,0.0,0.6086956521739131,0.5362318840579711,0,0.0,0.0,0.0,0,0,0.0,0,-0.4478511250933134,-0.0588235294117647,-0.253337327252539,-7.491314687514084
2023-wimbledon-1407,01:56:35,0,0.0,0.5,0.5,0.4723618090452261,0.0,0.0,0.3680904522613065,0,1,1.0,0.0,0.8840579710144929,0.9613526570048312,0,0.0,0.0,0.0,1,1,1.0,0,-0.4726251754796444,-0.0294117647058823,-0.2510184700927633,-7.531252200420761
2023-wimbledon-1407,01:57:08,0,0.0,0.5,0.6,0.47,0.0,0.0,0.3925,0,1,1.0,0.0,0.8115942028985508,0.9371980676328504,0,0.0,0.0,0.0,0,0,0.0,0,-0.564160799454917,-0.2058823529411764,-0.3850215761980468,-7.571189713327438
2023-wimbledon-1407,01:58:08,0,0.0,0.5,0.5,0.472636815920398,0.0,0.0,0.2945273631840795,0,1,1.0,0.0,0.7101449275362319,0.9033816425120772,0,0.0,0.0,0.0,1,0,0.3333333333333333,0,-0.5817814932257135,-0.0588235294117647,-0.3203025113187391,-7.611127226234116
2023-wimbledon-1407,01:58:47,0,0.0,0.5,0.5714285714285714,0.4752475247524752,0.0,0.0,0.3093352192362093,0,1,1.0,0.0,0.8695652173913044,0.9565217391304348,0,0.0,0.0,0.0,1,1,0.6666666666666666,0,-0.4559543230016313,-0.0294117647058823,-0.2426830438537568,-7.651064739140793
2023-wimbledon-1407,01:59:17,0,0.0,0.5,0.625,0.4778325123152709,0.0,0.0,0.3205665024630542,0,1,1.0,0.0,0.7971014492753623,0.932367149758454,0,0.0,0.0,0.0,1,0,0.3333333333333333,0,-0.5316520188511018,-0.0294117647058823,-0.2805318917784921,-7.69100225204747
2023-wimbledon-1407,01:59:59,0,0.0,0.5,0.6666666666666666,0.4754901960784313,-0.5,0.0,0.2284313725490196,0,1,1.0,0.0,0.7536231884057971,0.9178743961352656,0,-0.5,0.0,0.0,0,0,-0.1666666666666666,0,-0.5752883898416598,-0.088235294117647,-0.3317618419796534,-7.730939764954147
2023-wimbledon-1407,02:00:22,0,0.0,0.5,0.6,0.473170731707317,-0.5,0.0,0.1788617886178861,0,0,1.0,0.0,0.3333333333333335,0.4444444444444445,0,-0.5,0.0,0.0,0,0,-0.125,0,-0.4331948392739995,-0.088235294117647,-0.2607150666958233,-7.770877277860825
2023-wimbledon-1407,02:01:13,0,0.0,0.5,0.5454545454545454,0.470873786407767,-0.5,0.0,0.1693880553103854,0,1,1.0,0.0,0.927536231884058,0.9758454106280192,0,-0.5,0.0,0.0,0,0,-0.1666666666666666,0,-0.4920999448833364,-0.0588235294117647,-0.2754617371475505,-7.810814790767502
2023-wimbledon-1407,02:02:02,0,0.0,0.5,0.5,0.4734299516908212,-0.5,0.0,0.1622383252818035,0,1,1.0,0.0,0.9565217391304348,0.9855072463768116,0,-0.5,0.0,0.0,1,1,0.5,0,-0.4598190526875997,-0.0294117647058823,-0.244615408696741,-7.850752303674179
2023-wimbledon-1407,02:02:41,0,0.0,0.5,0.5384615384615384,0.4759615384615384,-0.5,0.0,0.1690705128205127,0,1,1.0,0.0,0.7971014492753623,0.932367149758454,0,-0.5,0.0,0.0,1,1,0.5,0,-0.4975269415965148,-0.1176470588235294,-0.3075870002100221,-7.890689816580856
2023-wimbledon-1407,02:05:08,0,0.3333333333333333,0.0,0.0,0.4736842105263157,0.0,0.0,0.4035087719298245,0,1,0.0,0.0,0.5507246376811594,0.7753623188405797,0,0.0,0.0,0.0,0,0,0.0,0,-0.6671739750784743,-0.088235294117647,-0.3777046345980607,-7.930627329487534
2023-wimbledon-1407,02:05:35,0,0.3333333333333333,0.0,0.0,0.4714285714285714,0.0,0.0,0.2682539682539682,0,1,0.0,0.0,0.7681159420289856,0.8840579710144928,0,0.0,0.0,0.0,0,0,0.0,0,-0.541351936492663,-0.088235294117647,-0.314793615305155,-7.970564842394211
2023-wimbledon-1407,02:05:54,0,0.3333333333333333,0.0,0.0,0.4691943127962085,0.0,0.0,0.2675092153765139,0,1,0.0,0.0,0.7971014492753623,0.8985507246376812,0,0.0,0.0,0.0,0,0,0.0,0,-0.4833763473508426,-0.0294117647058823,-0.2563940560283624,-8.010502355300888
2023-wimbledon-1407,02:06:09,0,0.3333333333333333,0.0,0.0,0.4669811320754717,0.0,0.0,0.2667714884696017,0,1,0.0,0.0,0.8115942028985508,0.6038647342995169,0,0.0,0.0,0.0,0,0,0.0,0,-0.5358202628232301,-0.0294117647058823,-0.2826160137645562,-8.050439868207565
2023-wimbledon-1407,02:06:42,0,0.3333333333333333,0.0,0.0,0.4647887323943662,-1.0,0.0,-0.0504694835680751,0,0,0.0,0.0,0.6231884057971016,0.3115942028985508,0,-1.0,0.0,0.0,0,0,-0.3333333333333333,0,-0.436675886023027,-0.1176470588235294,-0.2771614724232782,-8.090377381114243
2023-wimbledon-1407,02:07:13,0,0.3333333333333333,0.0,0.0,0.4672897196261682,-1.0,0.0,-0.0398753894080996,0,1,1.0,0.0,0.8840579710144929,0.9613526570048312,0,-1.0,0.0,0.0,1,1,0.3333333333333333,0,-0.3376717281272596,-0.0294117647058823,-0.1835417464165709,-8.13031489402092
2023-wimbledon-1407,02:07:31,0,0.3333333333333333,0.0,0.5,0.4651162790697674,-1.0,0.0,0.0596899224806201,0,1,1.0,0.0,0.7826086956521741,0.927536231884058,0,-1.0,0.0,0.0,0,0,-0.3333333333333333,0,-0.3582903279507242,-0.0588235294117647,-0.2085569286812444,-8.170252406927597
2023-wimbledon-1407,02:07:52,0,0.3333333333333333,0.0,0.3333333333333333,0.4675925925925926,-0.5,0.0,0.1268518518518518,0,0,1.0,0.0,0.5797101449275364,0.5265700483091788,0,-0.5,0.0,0.0,1,0,0.1666666666666666,0,-0.5149235563345993,-0.1470588235294117,-0.3309911899320055,-8.210189919834274
2023-wimbledon-1407,02:08:29,0,0.3333333333333333,0.0,0.5,0.4700460829493088,-0.5,0.0,0.1606758832565284,0,0,1.0,0.0,0.8695652173913044,0.6231884057971014,0,-0.5,0.0,0.0,1,0,0.1666666666666666,0,-0.3586623753826831,-0.088235294117647,-0.223448834750165,-8.250127432740952
2023-wimbledon-1407,02:09:04,0,0.3333333333333333,0.0,0.6,0.4724770642201835,-0.5,0.0,0.1811620795107033,0,1,1.0,0.0,0.927536231884058,0.9758454106280192,0,-0.5,0.0,0.0,1,1,0.5,0,-0.430262045646661,-0.0294117647058823,-0.2298369051762717,-8.290064945647629
2023-wimbledon-1407,02:09:36,0,0.3333333333333333,0.5,0.0,0.4703196347031963,0.0,0.0,0.4345509893455099,0,0,0.0,0.0,0.3768115942028986,0.1884057971014493,0,0.0,0.0,0.0,0,0,0.0,0,-0.4794310722100656,-0.0294117647058823,-0.2544214184579739,-8.330002458554306
2023-wimbledon-1407,02:10:06,0,0.3333333333333333,0.5,0.0,0.4681818181818182,0.0,0.0,0.3253787878787879,0,1,0.0,0.0,0.7246376811594204,0.8623188405797102,0,0.0,0.0,0.0,0,0,0.0,0,-0.5501233806292413,-0.0294117647058823,-0.2897675726675618,-8.369939971460983
2023-wimbledon-1407,02:10:26,0,0.3333333333333333,0.5,0.0,0.4705882352941176,0.0,0.0,0.3259803921568627,0,0,0.0,0.0,0.4202898550724638,0.2101449275362319,0,0.0,0.0,0.0,1,1,1.0,0,-0.41251112146761,-0.1764705882352941,-0.294490854851452,-8.40987748436766
2023-wimbledon-1407,02:11:03,0,0.3333333333333333,0.5,0.3333333333333333,0.4729729729729729,0.0,0.0,0.3279279279279279,0,1,0.0,0.0,0.7826086956521741,0.891304347826087,0,0.0,0.0,0.0,1,0,0.3333333333333333,0,-0.5370817843866171,-0.1176470588235294,-0.3273644216050733,-8.449814997274338
2023-wimbledon-1407,02:11:29,0,0.3333333333333333,0.5,0.5,0.4708520179372197,0.0,0.0,0.3608370702541106,0,1,0.0,0.0,0.6231884057971016,0.8115942028985508,0,0.0,0.0,0.0,0,0,0.0,0,-0.5068133211121295,-0.0294117647058823,-0.2681125429090059,-8.489752510181015
2023-wimbledon-1407,02:11:47,0,0.3333333333333333,0.5,0.4,0.46875,-0.5,0.0,0.2404166666666666,0,0,0.0,0.0,0.3043478260869565,0.1521739130434782,0,-0.5,0.0,0.0,0,0,-0.1666666666666666,0,-0.676915394492795,-0.088235294117647,-0.382575344305221,-8.529690023087692
2023-wimbledon-1407,02:13:25,0,0.3333333333333333,0.3333333333333333,0.0,0.4711111111111111,0.0,0.0,0.3792592592592592,0,1,0.0,0.0,0.7971014492753623,0.8985507246376812,0,0.0,0.0,0.0,1,0,0.5,0,-0.4699340128256762,-0.088235294117647,-0.2790846534716616,-8.56962753599437
2023-wimbledon-1407,02:13:51,0,0.3333333333333333,0.3333333333333333,1.0,0.4734513274336283,0.0,0.0,0.5350294985250738,0,0,0.0,0.0,0.6666666666666667,0.3333333333333333,0,0.0,0.0,0.0,1,0,0.5,0,-0.4947091505192689,-0.2058823529411764,-0.3502957517302227,-8.609565048901047
2023-wimbledon-1407,02:14:28,0,0.3333333333333333,0.3333333333333333,1.0,0.4757709251101321,0.0,0.0,0.5356093979441997,0,1,0.0,0.0,0.855072463768116,0.927536231884058,0,0.0,0.0,0.0,1,0,0.5,0,-0.3887788778877887,-0.0294117647058823,-0.2090953212968355,-8.649502561807724
2023-wimbledon-1407,02:14:47,0,0.3333333333333333,0.3333333333333333,1.0,0.4780701754385965,0.0,0.0,0.4289473684210526,0,0,0.0,0.0,0.4057971014492754,0.2028985507246377,0,0.0,0.0,0.0,1,0,0.3333333333333333,0,-0.2554190025748251,-0.088235294117647,-0.171827148346236,-8.689440074714401
2023-wimbledon-1407,02:15:52,0,0.3333333333333333,0.5,0.0,0.4759825327510917,0.0,0.0,0.4364386220281416,0,0,0.0,0.0,0.3478260869565217,0.1739130434782608,0,0.0,0.0,0.0,0,0,0.0,0,-0.5039524011899702,-0.0294117647058823,-0.2666820829479263,-8.729377587621078
2023-wimbledon-1407,02:16:36,0,0.3333333333333333,0.5,0.0,0.4739130434782608,0.0,0.0,0.3268115942028985,0,1,0.0,0.0,0.8115942028985508,0.9057971014492754,0,0.0,0.0,0.0,0,0,0.0,0,-0.5354557069846678,-0.0294117647058823,-0.2824337358452751,-8.769315100527756
2023-wimbledon-1407,02:16:53,0,0.3333333333333333,0.5,0.0,0.4718614718614718,0.0,0.0,0.3262987012987013,0,1,0.0,0.0,0.8985507246376812,0.6328502415458938,0,0.0,0.0,0.0,0,0,0.0,0,-0.6179718875502008,-0.0294117647058823,-0.3236918261280416,-8.809252613434433
2023-wimbledon-1407,02:17:05,0,0.3333333333333333,0.5,0.0,0.4698275862068966,-1.0,0.0,0.0606321839080459,0,0,0.0,0.0,0.2318840579710146,0.0772946859903382,0,-1.0,0.0,0.0,0,0,-0.3333333333333333,0,-0.4924461156247901,-0.0294117647058823,-0.2609289401653362,-8.84919012634111
2023-wimbledon-1407,02:18:43,0,0.3333333333333333,0.4,0.0,0.4721030042918455,0.0,0.0,0.4018121125417263,0,1,1.0,0.0,0.855072463768116,0.9516908212560388,0,0.0,0.0,0.0,1,1,1.0,0,-0.4825636192271442,-0.0294117647058823,-0.2559876919665133,-8.889127639247787
2023-wimbledon-1407,02:19:02,0,0.3333333333333333,0.4,1.0,0.4743589743589743,0.0,0.0,0.551923076923077,0,1,1.0,0.0,0.8260869565217392,0.9420289855072465,0,0.0,0.0,0.0,1,0,0.5,0,-0.3519683623943915,-0.0294117647058823,-0.1906900635501369,-8.929065152154465
2023-wimbledon-1407,02:19:26,0,0.3333333333333333,0.4,1.0,0.4765957446808511,0.0,1.0,0.6419858156028369,0,0,1.0,0.0,0.6376811594202898,0.5458937198067633,0,0.0,1.0,0.0,1,0,0.6666666666666666,0,-0.5213331757475476,-0.0294117647058823,-0.2753724702267149,-8.969002665061142
2023-wimbledon-1407,02:19:55,0,0.3333333333333333,0.4,1.0,0.4788135593220339,0.0,1.0,0.6424293785310734,0,1,1.0,0.0,0.8405797101449275,0.9468599033816426,0,0.0,1.0,0.0,1,0,0.6666666666666666,0,-0.3856319781257121,-0.088235294117647,-0.2369336361216795,-9.008940177967819
2023-wimbledon-1407,02:20:35,0,0.3333333333333333,0.5,0.0,0.4810126582278481,0.0,0.0,0.4381153305203938,0,1,0.0,0.0,0.5507246376811594,0.7753623188405797,0,0.0,0.0,0.0,1,1,1.0,0,-0.6028102477136454,-0.1176470588235294,-0.3602286532685874,-9.048877690874496
2023-wimbledon-1407,02:20:59,0,0.3333333333333333,0.5,1.0,0.4789915966386555,0.0,0.0,0.4624649859943977,0,1,0.0,0.0,0.7826086956521741,0.891304347826087,0,0.0,0.0,0.0,0,0,0.0,0,-0.5769368509012773,-0.2647058823529412,-0.4208213666271092,-9.088815203781174
2023-wimbledon-1407,02:21:36,0,0.3333333333333333,0.5,0.5,0.4769874476987448,-1.0,0.0,0.1350534635053463,0,0,0.0,0.0,0.3333333333333335,0.1666666666666667,0,-1.0,0.0,0.0,0,0,-0.3333333333333333,0,-0.4981449275362319,-0.2058823529411764,-0.3520136402387042,-9.12875271668785
2023-wimbledon-1407,02:22:12,0,0.3333333333333333,0.5,0.3333333333333333,0.475,-1.0,0.0,0.1069444444444444,0,1,0.0,0.0,0.7971014492753623,0.8985507246376812,0,-1.0,0.0,0.0,0,0,-0.3333333333333333,0,-0.541610336938436,-0.2647058823529412,-0.4031581096456885,-9.168690229594528
2023-wimbledon-1407,02:22:59,0,0.3333333333333333,0.5,0.25,0.4730290456431535,-1.0,0.0,0.0927270631627477,0,1,0.0,0.0,0.8405797101449275,0.9202898550724636,0,-1.0,0.0,0.0,0,0,-0.3333333333333333,0,-0.5243902439024389,-0.0294117647058823,-0.2769010043041606,-9.208627742501205
2023-wimbledon-1407,02:24:32,0,0.3333333333333333,0.4285714285714285,0.0,0.4752066115702479,0.0,1.0,0.5592778433687524,0,0,0.0,0.0,0.6956521739130435,0.3478260869565217,0,0.0,1.0,0.0,1,1,1.0,0,-0.4280824872731456,-0.1470588235294117,-0.2875706554012787,-9.248565255407883
2023-wimbledon-1407,02:25:09,0,0.3333333333333333,0.4285714285714285,1.0,0.4773662551440329,0.0,1.0,0.647854203409759,0,1,0.0,0.0,0.8115942028985508,0.9057971014492754,0,0.0,1.0,0.0,1,0,0.6666666666666666,0,-0.4652848924265111,-0.0294117647058823,-0.2473483285661967,-9.28850276831456
2023-wimbledon-1407,02:25:29,0,0.3333333333333333,0.4285714285714285,1.0,0.4795081967213114,0.0,1.0,0.6482825917252146,0,1,1.0,0.0,0.855072463768116,0.9516908212560388,0,0.0,0.0,0.0,1,1,1.0,0,-0.4217877094972067,-0.0294117647058823,-0.2255997371015445,-9.328440281221237
2023-wimbledon-1407,02:25:46,0,0.3333333333333333,0.4285714285714285,1.0,0.4816326530612245,0.0,1.0,0.6487074829931972,0,1,1.0,0.0,0.8840579710144929,0.9613526570048312,0,0.0,1.0,0.0,1,1,1.0,0,-0.4327969174977334,-0.088235294117647,-0.2605161058076902,-9.368377794127914
2023-wimbledon-1407,02:26:15,0,0.3333333333333333,0.5,0.0,0.483739837398374,0.0,0.0,0.4390243902439024,0,1,0.0,0.0,0.5797101449275364,0.7898550724637682,0,0.0,0.0,0.0,1,1,1.0,0,-0.4815470867441701,-0.1764705882352941,-0.3290088374897321,-9.408315307034592
2023-wimbledon-1407,02:26:45,0,0.3333333333333333,0.5,1.0,0.4817813765182186,0.0,0.0,0.578778677462888,0,1,0.0,0.0,0.7101449275362319,0.5700483091787439,0,0.0,0.0,0.0,0,0,0.0,0,-0.576217079010375,-0.0294117647058823,-0.3028144218581287,-9.448252819941269
2023-wimbledon-1407,02:27:05,0,0.3333333333333333,0.5,0.5,0.4798387096774194,0.0,0.0,0.4532930107526881,0,1,0.0,0.0,0.6231884057971016,0.5410628019323672,0,0.0,0.0,0.0,0,0,0.0,0,-0.5237888647866956,-0.0294117647058823,-0.276600314746289,-9.488190332847946
2023-wimbledon-1407,02:27:21,0,0.3333333333333333,0.5,0.3333333333333333,0.4779116465863454,-1.0,0.0,0.1289156626506023,0,0,0.0,0.0,0.3043478260869565,0.1014492753623188,0,-1.0,0.0,0.0,0,0,-0.3333333333333333,0,-0.523856439127375,-0.0294117647058823,-0.2766341019166287,-9.528127845754623
2023-wimbledon-1407,02:27:45,0,0.3333333333333333,0.5,0.25,0.476,-1.0,0.0,0.0932222222222222,0,0,0.0,0.0,0.463768115942029,0.1545893719806763,0,-1.0,0.0,0.0,0,0,-0.25,0,-0.5297635093738513,-0.1470588235294117,-0.3384111664516315,-9.5680653586613
2023-wimbledon-1407,02:29:31,0,0.3333333333333333,0.4444444444444444,0.0,0.4780876494023904,0.0,0.0,0.418621809060056,0,1,0.0,0.0,0.8695652173913044,0.9347826086956522,0,0.0,0.0,0.0,1,0,0.5,0,-0.3979242979242979,-0.0294117647058823,-0.2136680313150901,-9.608002871567978
2023-wimbledon-1407,02:29:47,0,0.3333333333333333,0.4444444444444444,1.0,0.4761904761904761,-1.0,0.0,0.2507936507936508,0,1,0.0,0.0,0.9420289855072465,0.9710144927536232,0,-1.0,0.0,0.0,0,0,-0.3333333333333333,0,-0.555584201299371,-0.2352941176470588,-0.3954391594732149,-9.647940384474655
2023-wimbledon-1407,02:30:27,0,0.3333333333333333,0.4444444444444444,0.5,0.4743083003952569,-1.0,0.0,0.1504172156346069,0,1,0.0,0.0,0.8985507246376812,0.9492753623188406,0,-1.0,0.0,0.0,0,0,-0.3333333333333333,0,-0.4499988821569899,-0.1764705882352941,-0.313234735196142,-9.687877897381332
2023-wimbledon-1407,02:31:00,0,0.3333333333333333,0.4444444444444444,0.3333333333333333,0.4724409448818897,-1.0,0.0,0.1167104111986001,0,0,0.0,0.0,0.5507246376811594,0.2753623188405797,0,-1.0,0.0,0.0,0,0,-0.3333333333333333,0,-0.4137206606780643,-0.0588235294117647,-0.2362720950449145,-9.72781541028801
2023-wimbledon-1407,02:31:49,0,0.3333333333333333,0.4444444444444444,0.25,0.4745098039215686,-1.0,0.0,0.1004575163398692,0,0,0.0,0.0,0.9130434782608696,0.4565217391304348,0,-1.0,0.0,0.0,1,1,0.3333333333333333,0,-0.4918061570876741,-0.088235294117647,-0.2900207256026606,-9.767752923194687
2023-wimbledon-1407,02:32:21,0,0.3333333333333333,0.4444444444444444,0.4,0.4765625,-1.0,0.0,0.1308680555555555,0,1,0.0,0.0,0.7826086956521741,0.891304347826087,0,-1.0,0.0,0.0,1,0,0.0,0,-0.4028103044496487,-0.0294117647058823,-0.2161110345777655,-9.807690436101364
2023-wimbledon-1407,02:32:39,0,0.3333333333333333,0.4444444444444444,0.5,0.4785992217898833,-1.0,0.0,0.1512753999135322,0,1,1.0,0.0,0.7101449275362319,0.9033816425120772,0,-1.0,0.0,0.0,1,1,0.3333333333333333,0,-0.484940907357987,-0.0294117647058823,-0.2571763360319347,-9.847627949008041
2023-wimbledon-1407,02:32:56,0,0.3333333333333333,0.4444444444444444,0.5714285714285714,0.4806201550387597,-1.0,0.0,0.1659653008490217,0,1,1.0,0.0,0.927536231884058,0.9758454106280192,0,-1.0,0.0,0.0,1,1,0.3333333333333333,0,-0.5192861255037421,-0.0294117647058823,-0.2743489451048122,-9.887565461914718
2023-wimbledon-1407,02:33:19,0,0.3333333333333333,0.5,0.0,0.4787644787644787,0.0,0.0,0.4373659373659373,0,1,0.0,0.0,0.855072463768116,0.6183574879227053,0,0.0,0.0,0.0,0,0,0.0,0,-0.3782178217821782,-0.0294117647058823,-0.2038147932440303,-9.927502974821396
2023-wimbledon-1407,02:33:36,0,0.3333333333333333,0.5,0.0,0.4769230769230769,0.0,0.0,0.3275641025641025,0,0,0.0,0.0,0.2318840579710146,0.0772946859903382,0,0.0,0.0,0.0,0,0,0.0,0,-0.5689477893293728,-0.0294117647058823,-0.2991797770176276,-9.967440487728073
2023-wimbledon-1407,02:34:02,0,0.3333333333333333,0.5,0.0,0.475095785440613,0.0,0.0,0.3271072796934866,0,1,0.0,0.0,0.8260869565217392,0.6086956521739131,0,0.0,0.0,0.0,0,0,0.0,0,-0.462352209085252,-0.0294117647058823,-0.2458819868955672,-10.00737800063475
2023-wimbledon-1407,02:34:17,0,0.3333333333333333,0.5,0.0,0.4732824427480916,-1.0,0.0,0.0613231552162849,0,0,0.0,0.0,0.3623188405797102,0.1207729468599034,0,-1.0,0.0,0.0,0,0,-0.3333333333333333,0,-0.5253463840481466,-0.088235294117647,-0.3067908390828968,-10.047315513541427
2023-wimbledon-1407,02:35:54,0,0.3333333333333333,0.4545454545454545,0.0,0.4752851711026616,0.0,1.0,0.5657909897453623,0,1,0.0,0.0,0.7826086956521741,0.891304347826087,0,0.0,1.0,0.0,1,1,1.0,0,-0.3897978825794033,-0.088235294117647,-0.2390165883485251,-10.087253026448105
2023-wimbledon-1407,02:36:14,0,0.3333333333333333,0.4545454545454545,1.0,0.4772727272727273,0.0,1.0,0.6530303030303031,0,1,0.0,0.0,0.855072463768116,0.927536231884058,0,0.0,0.0,0.0,1,0,0.5,0,-0.4311000585137507,-0.0294117647058823,-0.2302559116098165,-10.127190539354782
2023-wimbledon-1407,02:36:30,0,0.3333333333333333,0.4545454545454545,1.0,0.4792452830188679,0.0,1.0,0.6534248141795311,0,1,1.0,0.0,0.7681159420289856,0.9227053140096618,0,0.0,0.0,0.0,1,1,1.0,0,-0.4472329472329472,-0.0294117647058823,-0.2383223559694148,-10.167128052261459
2023-wimbledon-1407,02:36:46,0,0.3333333333333333,0.4545454545454545,1.0,0.4812030075187969,0.0,1.0,0.653816359079517,0,1,1.0,0.0,0.7826086956521741,0.927536231884058,0,0.0,0.0,0.0,1,0,0.5,0,-0.4435625659315818,-0.0294117647058823,-0.2364871653187321,-10.207065565168136
2023-wimbledon-1407,02:37:15,0,0.3333333333333333,0.5,0.0,0.4794007490636704,0.0,0.0,0.3281835205992509,0,1,0.0,0.0,0.6086956521739131,0.8043478260869565,0,0.0,0.0,0.0,0,0,0.0,0,-0.4761229749631811,-0.2058823529411764,-0.3410026639521788,-10.247003078074814
2023-wimbledon-1407,02:37:48,0,0.3333333333333333,0.5,0.0,0.4813432835820895,0.0,0.0,0.2629353233830845,0,1,0.0,0.0,0.8260869565217392,0.9130434782608696,0,0.0,0.0,0.0,1,1,1.0,0,-0.4118424714723072,-0.088235294117647,-0.2500388827949771,-10.28694059098149
2023-wimbledon-1407,02:38:08,0,0.3333333333333333,0.5,0.5,0.483271375464684,0.0,0.0,0.3633209417596034,0,1,1.0,0.0,0.8840579710144929,0.9613526570048312,0,0.0,0.0,0.0,1,1,1.0,0,-0.5149729995090819,-0.0294117647058823,-0.2721923821074821,-10.326878103888168
2023-wimbledon-1407,02:38:26,0,0.3333333333333333,0.5,0.6666666666666666,0.4814814814814814,0.0,0.0,0.3962962962962962,0,1,1.0,0.0,0.8115942028985508,0.9371980676328504,0,0.0,0.0,0.0,0,0,0.0,0,-0.5330753372635538,-0.1470588235294117,-0.3400670803964828,-10.366815616794845
2023-wimbledon-1407,02:38:51,0,0.3333333333333333,0.5,0.5,0.4797047970479705,0.0,0.0,0.3626076260762607,0,1,1.0,0.0,0.5797101449275364,0.859903381642512,0,0.0,0.0,0.0,0,0,0.0,0,-0.5654009981535987,-0.3823529411764705,-0.4738769696650346,-10.406753129701523
2023-wimbledon-1407,02:39:44,0,0.3333333333333333,0.5,0.4,0.4779411764705882,-1.0,0.0,0.1185457516339869,0,0,1.0,-1.0,0.0,0.0,0,-1.0,0.0,0.0,0,0,-0.3333333333333333,0,-0.5400927766732936,-0.0,-0.2700463883366468,-10.4466906426082
2023-wimbledon-1407,02:40:28,0,0.3333333333333333,0.5,0.3333333333333333,0.4798534798534798,-1.0,0.5,0.191086691086691,0,1,1.0,-1.0,0.9130434782608696,0.4782608695652174,0,-1.0,1.0,0.0,1,0,0.25,0,-0.5332485465116279,-0.088235294117647,-0.3107419203146375,-10.486628155514877
2023-wimbledon-1407,02:40:57,0,0.3333333333333333,0.5,0.4285714285714285,0.4781021897810219,-1.0,0.5,0.2066678252809639,0,0,1.0,-1.0,0.3333333333333335,0.0833333333333333,0,-1.0,0.0,0.0,0,0,-0.3333333333333333,0,-0.5235542560103964,-0.0294117647058823,-0.2764830103581394,-10.526565668421554
2023-wimbledon-1407,02:41:26,0,0.3333333333333333,0.5,0.375,0.48,-1.0,0.5,0.1980555555555555,0,1,1.0,-1.0,0.8695652173913044,0.4673913043478261,0,-1.0,0.0,0.0,1,0,0.0,0,-0.5659509202453988,-0.0588235294117647,-0.3123872248285818,-10.566503181328232
2023-wimbledon-1407,02:41:55,0,0.3333333333333333,0.5,0.4444444444444444,0.4818840579710144,-1.0,0.5,0.2099436392914653,0,1,1.0,-1.0,0.9420289855072465,0.4855072463768116,0,-1.0,1.0,0.0,1,1,0.5,0,-0.4773828563244455,-0.2647058823529412,-0.3710443693386933,-10.606440694234909
2023-wimbledon-1407,02:42:42,0,0.3333333333333333,0.5,0.5,0.483754512635379,-1.0,0.5,0.2195146409947853,0,0,1.0,-1.0,0.7391304347826086,0.1847826086956521,0,-1.0,0.0,0.0,1,0,0.0,0,-0.4478892773556011,-0.088235294117647,-0.268062285736624,-10.646378207141586
2023-wimbledon-1407,02:43:35,0,0.3333333333333333,0.5,0.5454545454545454,0.4856115107913669,-1.0,0.5,0.2273998982632075,0,1,1.0,-1.0,0.7971014492753623,0.4492753623188406,0,-1.0,0.0,0.0,1,0,0.0,0,-0.548710237621246,-0.1176470588235294,-0.3331786482223877,-10.686315720048263
2023-wimbledon-1407,02:47:57,0,0.5,0.0,0.0,0.4874551971326165,0.0,0.0,0.3291517323775388,0,0,0.0,0.0,0.4057971014492754,0.2028985507246377,0,0.0,0.0,0.0,1,0,0.3333333333333333,0,-0.3775709027928123,-0.0294117647058823,-0.2034913337493473,-10.72625323295494
2023-wimbledon-1407,02:48:26,0,0.5,0.0,1.0,0.4857142857142857,-0.5,0.0,0.3714285714285714,0,0,0.0,0.0,0.2318840579710146,0.1159420289855073,0,-0.5,0.0,0.0,0,0,-0.1666666666666666,0,-0.4395836199385518,-0.0588235294117647,-0.2492035746751582,-10.766190745861618
2023-wimbledon-1407,02:48:54,0,0.5,0.0,0.5,0.4875444839857651,-0.5,0.0,0.2468861209964412,0,1,1.0,0.0,0.8695652173913044,0.9565217391304348,0,-0.5,0.0,0.0,1,1,0.5,0,-0.3895582329317269,-0.0294117647058823,-0.2094849988188046,-10.806128258768295
2023-wimbledon-1407,02:49:11,0,0.5,0.0,0.6666666666666666,0.4893617021276595,-0.5,0.0,0.2890070921985815,0,1,1.0,0.0,0.7971014492753623,0.932367149758454,0,-0.5,0.0,0.0,1,0,0.1666666666666666,0,-0.4984121534632221,-0.0294117647058823,-0.2639119590845522,-10.846065771674972
2023-wimbledon-1407,02:49:45,0,0.5,0.0,0.75,0.4876325088339223,-0.5,0.0,0.2475265017667844,0,1,1.0,0.0,0.8840579710144929,0.9613526570048312,0,-0.5,0.0,0.0,0,0,-0.125,0,-0.4589528118939883,-0.1764705882352941,-0.3177117000646412,-10.88600328458165
2023-wimbledon-1407,02:50:09,0,0.5,0.0,0.6,0.4894366197183099,-0.3333333333333333,0.0,0.2512206572769954,0,0,1.0,0.0,0.7391304347826086,0.5797101449275363,0,-0.3333333333333333,0.0,0.0,1,0,0.2222222222222222,0,-0.5254429253296659,-0.088235294117647,-0.3068391097236564,-10.925940797488327
2023-wimbledon-1407,02:51:08,0,0.5,1.0,0.0,0.487719298245614,0.0,0.0,0.6625730994152047,0,1,0.0,0.0,0.8260869565217392,0.9130434782608696,0,0.0,0.0,0.0,0,0,0.0,0,-0.4976439790575916,-0.0294117647058823,-0.263527871881737,-10.965878310395004
2023-wimbledon-1407,02:51:23,0,0.5,1.0,0.0,0.4895104895104895,0.0,0.0,0.3979020979020979,0,0,0.0,0.0,0.0,0.0,0,0.0,0.0,0.0,1,0,0.3333333333333333,0,-0.6899874319229158,-0.0,-0.3449937159614579,-11.005815823301681
2023-wimbledon-1407,02:51:58,0,0.5,1.0,0.5,0.4878048780487805,0.0,0.0,0.4975609756097561,0,0,0.0,0.0,0.2608695652173913,0.0869565217391304,0,0.0,0.0,0.0,0,0,0.0,0,-0.539045736191142,-0.1470588235294117,-0.3430522798602769,-11.045753336208358
2023-wimbledon-1407,02:52:37,0,0.5,1.0,0.3333333333333333,0.4895833333333333,0.0,1.0,0.5538194444444444,0,0,0.0,0.0,0.2753623188405798,0.0917874396135266,0,0.0,1.0,0.0,1,0,0.5,0,-0.4956606060606061,-0.1764705882352941,-0.3360655971479501,-11.085690849115036
2023-wimbledon-1407,02:53:22,0,0.5,1.0,0.5,0.4878892733564013,0.0,0.5,0.4979815455594003,0,1,0.0,0.0,0.5072463768115942,0.5024154589371981,0,0.0,0.0,0.0,0,0,0.0,0,-0.6005825483391175,-0.1470588235294117,-0.3738206859342646,-11.125628362021713
2023-wimbledon-1407,02:53:49,0,0.5,1.0,0.4,0.4862068965517241,0.0,0.5,0.4810344827586206,0,1,0.0,0.0,0.7246376811594204,0.5748792270531401,0,0.0,0.0,0.0,0,0,0.0,0,-0.5689751801441153,-0.0294117647058823,-0.2991934724249988,-11.16556587492839
2023-wimbledon-1407,02:54:19,0,0.5,0.5,0.0,0.4845360824742268,0.0,0.0,0.4948453608247423,0,0,0.0,0.0,0.6086956521739131,0.3043478260869565,0,0.0,0.0,0.0,0,0,0.0,0,-0.4277133604930533,-0.1176470588235294,-0.2726802096582914,-11.205503387835067
2023-wimbledon-1407,02:54:52,0,0.5,0.5,0.0,0.4863013698630137,0.0,0.0,0.3715753424657534,0,1,1.0,0.0,0.855072463768116,0.9516908212560388,0,0.0,0.0,0.0,1,1,1.0,0,-0.4099770642201835,-0.0294117647058823,-0.2196944144630329,-11.245440900741745
2023-wimbledon-1407,02:55:08,0,0.5,0.5,0.5,0.4880546075085324,0.0,0.0,0.4970136518771331,0,1,1.0,0.0,0.8840579710144929,0.9613526570048312,0,0.0,0.0,0.0,1,1,1.0,0,-0.5309798270893372,-0.0294117647058823,-0.2801957958976098,-11.285378413648422
2023-wimbledon-1407,02:55:26,0,0.5,0.5,0.6666666666666666,0.4897959183673469,0.0,0.0,0.5391156462585034,0,1,1.0,0.0,0.855072463768116,0.9516908212560388,0,0.0,0.0,0.0,1,1,1.0,0,-0.4506912442396313,-0.0294117647058823,-0.2400515044727568,-11.325315926555099
2023-wimbledon-1407,02:55:42,0,0.5,0.5,0.75,0.488135593220339,-1.0,0.0,0.2476271186440677,0,0,1.0,-1.0,0.0,0.0,0,-1.0,0.0,0.0,0,0,-0.3333333333333333,0,-0.5283171521035599,-0.0,-0.2641585760517799,-11.365253439461776
2023-wimbledon-1407,02:56:20,0,0.5,0.5,0.6,0.4898648648648648,-1.0,1.0,0.3483108108108108,0,1,1.0,-1.0,0.8695652173913044,0.4673913043478261,0,-1.0,1.0,0.0,1,0,0.25,0,-0.4733830414426912,-0.088235294117647,-0.2808091677801691,-11.405190952368454
2023-wimbledon-1407,02:57:58,0,0.5,0.6666666666666666,0.0,0.4882154882154882,-1.0,0.0,0.1637205387205387,0,1,0.0,0.0,0.7536231884057971,0.8768115942028986,0,-1.0,0.0,0.0,0,0,-0.3333333333333333,0,-0.502939015429831,-0.088235294117647,-0.295587154773739,-11.44512846527513
2023-wimbledon-1407,02:58:23,0,0.5,0.6666666666666666,0.0,0.4865771812080537,-1.0,0.0,0.130648769574944,0,1,0.0,0.0,0.7391304347826086,0.8695652173913043,0,-1.0,0.0,0.0,0,0,-0.3333333333333333,0,-0.5410790239534363,-0.088235294117647,-0.3146571590355417,-11.485065978181808
2023-wimbledon-1407,02:58:43,0,0.5,0.6666666666666666,0.0,0.4849498327759197,-1.0,0.0,0.1303232998885172,0,1,0.0,0.0,0.7826086956521741,0.5942028985507247,0,-1.0,0.0,0.0,0,0,-0.3333333333333333,0,-0.4729281767955801,-0.0294117647058823,-0.2511699707507312,-11.525003491088485
2023-wimbledon-1407,02:58:59,0,0.5,0.6666666666666666,0.0,0.4833333333333333,-1.0,0.0,0.1083333333333333,0,1,0.0,0.0,0.7826086956521741,0.5942028985507247,0,-1.0,0.0,0.0,0,0,-0.25,0,-0.4586011195190214,-0.2058823529411764,-0.3322417362300989,-11.564941003995163
2023-wimbledon-1407,03:00:23,0,0.5,0.5,0.0,0.4850498338870432,0.0,0.0,0.4950166112956811,0,1,0.0,0.0,0.7681159420289856,0.8840579710144928,0,0.0,0.0,0.0,1,0,0.5,0,-0.4163938128034323,-0.0294117647058823,-0.2229027887546573,-11.60487851690184
2023-wimbledon-1407,03:00:39,0,0.5,0.5,1.0,0.4867549668874172,0.0,0.0,0.6216887417218543,0,1,0.0,0.0,0.7826086956521741,0.891304347826087,0,0.0,0.0,0.0,1,1,1.0,0,-0.4932156982050501,-0.1470588235294117,-0.3201372608672309,-11.644816029808517
2023-wimbledon-1407,03:01:01,0,0.5,0.5,1.0,0.4884488448844885,0.0,0.0,0.4976897689768977,0,0,0.0,0.0,0.3478260869565217,0.1739130434782608,0,0.0,0.0,0.0,1,0,0.3333333333333333,0,-0.4852670349907919,-0.0294117647058823,-0.2573393998483371,-11.684753542715194
2023-wimbledon-1407,03:01:28,0,0.5,0.5,1.0,0.4868421052631579,-0.5,0.0,0.3973684210526316,0,0,0.0,-1.0,0.0,-0.5,0,-0.5,0.0,0.0,0,0,-0.1666666666666666,0,-0.352161633717141,-0.0,-0.1760808168585705,-11.724691055621872
2023-wimbledon-1407,03:02:06,0,0.5,0.5,0.75,0.4885245901639344,-0.5,0.0,0.3477049180327869,0,1,0.0,-1.0,0.8840579710144929,0.2946859903381643,0,-0.5,0.0,0.0,1,0,0.1666666666666666,0,-0.3922823317848045,-0.2058823529411764,-0.2990823423629904,-11.764628568528549
2023-wimbledon-1407,03:03:52,0,0.5,0.6,0.0,0.4869281045751634,-1.0,0.0,0.1467320261437908,0,1,0.0,0.0,0.5652173913043479,0.782608695652174,0,-1.0,0.0,0.0,0,0,-0.3333333333333333,0,-0.5567374377739013,-0.088235294117647,-0.3224863659457742,-11.804566081435226
2023-wimbledon-1407,03:04:22,0,0.5,0.6,0.0,0.4853420195439739,-1.0,0.0,0.1170684039087948,0,1,0.0,0.0,0.7536231884057971,0.5845410628019324,0,-1.0,0.0,0.0,0,0,-0.3333333333333333,0,-0.5248590466427473,-0.0294117647058823,-0.2771354056743148,-11.844503594341903
2023-wimbledon-1407,03:04:39,0,0.5,0.6,0.0,0.487012987012987,-1.0,0.0,0.1174025974025974,0,0,0.0,0.0,0.4782608695652175,0.1594202898550725,0,-1.0,0.0,0.0,1,1,0.3333333333333333,0,-0.5179227137611471,-0.0588235294117647,-0.2883731215864559,-11.88444110724858
2023-wimbledon-1407,03:05:03,0,0.5,0.6,0.3333333333333333,0.4854368932038835,-1.0,0.0,0.1837540453074433,0,0,0.0,0.0,0.3913043478260869,0.1304347826086956,0,-1.0,0.0,0.0,0,0,-0.3333333333333333,0,-0.5809626401606032,-0.0294117647058823,-0.3051872024332427,-11.924378620155258
2023-wimbledon-1407,03:05:28,0,0.5,0.6,0.25,0.4838709677419355,-1.0,0.0,0.1667741935483871,0,0,0.0,0.0,0.3768115942028986,0.1256038647342995,0,-1.0,0.0,0.0,0,0,-0.3333333333333333,0,-0.5519118247380596,-0.0294117647058823,-0.2906617947219709,-11.964316133061935
2023-wimbledon-1407,03:06:08,0,0.5,0.5,0.0,0.4823151125401929,0.0,0.0,0.4941050375133977,0,1,0.0,0.0,0.8840579710144929,0.9420289855072465,0,0.0,0.0,0.0,0,0,0.0,0,-0.4239432367149758,-0.1176470588235294,-0.2707951477692526,-12.004253645968612
2023-wimbledon-1407,03:06:30,0,0.5,0.5,0.0,0.483974358974359,0.0,0.0,0.3709935897435897,0,1,0.0,0.0,0.8840579710144929,0.9420289855072465,0,0.0,0.0,0.0,1,0,0.5,0,-0.4445594514167421,-0.0294117647058823,-0.2369856080613122,-12.04419115887529
2023-wimbledon-1407,03:06:49,0,0.5,0.5,0.5,0.4856230031948881,0.0,1.0,0.5971246006389777,0,0,0.0,0.0,0.6811594202898552,0.3405797101449276,0,0.0,1.0,0.0,1,1,1.0,0,-0.5573495913171647,-0.1470588235294117,-0.3522042074232882,-12.084128671781967
2023-wimbledon-1407,03:07:28,0,0.5,0.5,0.6666666666666666,0.4840764331210191,-1.0,1.0,0.3584571832979475,0,1,0.0,0.0,0.9130434782608696,0.9565217391304348,0,-1.0,0.0,0.0,0,0,-0.3333333333333333,0,-0.3917956565240421,-0.0588235294117647,-0.2253095929679034,-12.124066184688644
2023-wimbledon-1407,03:07:59,0,0.5,0.5,0.5,0.4825396825396825,-1.0,1.0,0.3304232804232804,0,0,0.0,-1.0,0.0,-0.5,0,-1.0,0.0,0.0,0,0,-0.3333333333333333,0,-0.5497088634893249,-0.0,-0.2748544317446624,-12.164003697595321
2023-wimbledon-1407,03:08:27,0,0.5,0.5,0.4,0.4810126582278481,-1.0,1.0,0.3135021097046413,0,1,0.0,-1.0,0.855072463768116,0.2850241545893719,0,-1.0,0.0,0.0,0,0,-0.25,0,-0.4615994450500446,-0.1176470588235294,-0.289623251936787,-12.203941210501998
2023-wimbledon-1407,03:09:51,0,0.5,0.4285714285714285,0.0,0.4794952681388013,0.0,0.0,0.4693555655700765,0,1,0.0,0.0,0.7971014492753623,0.5990338164251208,0,0.0,0.0,0.0,0,0,0.0,0,-0.5088757396449705,-0.0294117647058823,-0.2691437521754264,-12.243878723408676
2023-wimbledon-1407,03:10:05,0,0.5,0.4285714285714285,0.0,0.4779874213836478,-1.0,0.0,0.0813117699910153,0,0,0.0,0.0,0.2028985507246377,0.0676328502415459,0,-1.0,0.0,0.0,0,0,-0.3333333333333333,0,-0.5717176486459141,-0.0294117647058823,-0.3005647066758982,-12.283816236315353
2023-wimbledon-1407,03:10:46,0,0.5,0.4285714285714285,0.0,0.4796238244514106,-1.0,0.0,0.0816390506045678,0,1,0.0,0.0,0.5797101449275364,0.5265700483091788,0,-1.0,0.0,0.0,1,1,0.3333333333333333,0,-0.6334519572953737,-0.0588235294117647,-0.3461377433535692,-12.32375374922203
2023-wimbledon-1407,03:11:13,0,0.5,0.4285714285714285,0.3333333333333333,0.478125,-1.0,0.0,0.1480059523809523,0,1,0.0,0.0,0.7536231884057971,0.5845410628019324,0,-1.0,0.0,0.0,0,0,-0.3333333333333333,0,-0.4729591836734694,-0.0294117647058823,-0.2511854741896758,-12.363691262128707
2023-wimbledon-1407,03:11:43,0,0.5,0.4285714285714285,0.25,0.4766355140186916,-1.0,0.0,0.131041388518024,0,1,0.0,0.0,0.5942028985507246,0.5314009661835749,0,-1.0,0.0,0.0,0,0,-0.3333333333333333,0,-0.4918762519474738,-0.0294117647058823,-0.260644008326678,-12.403628775035385
2023-wimbledon-1407,03:12:06,0,0.5,0.375,0.0,0.4782608695652174,0.0,1.0,0.5883152173913043,0,1,0.0,0.0,0.7101449275362319,0.855072463768116,0,0.0,1.0,0.0,1,1,1.0,0,-0.4058864282472109,-0.1470588235294117,-0.2764726258883113,-12.443566287942062
2023-wimbledon-1407,03:12:28,0,0.5,0.375,1.0,0.479876160990712,0.0,1.0,0.6709752321981425,0,1,0.0,0.0,0.8115942028985508,0.9057971014492754,0,0.0,0.0,0.0,1,0,0.5,0,-0.4867601246105918,-0.0294117647058823,-0.2580859446582371,-12.48350380084874
2023-wimbledon-1407,03:12:43,0,0.5,0.375,1.0,0.4783950617283951,0.0,1.0,0.6706790123456791,0,0,0.0,0.0,0.3043478260869565,0.1521739130434782,0,0.0,0.0,0.0,0,0,0.0,0,-0.4103154189792879,-0.0588235294117647,-0.2345694741955263,-12.523441313755416
2023-wimbledon-1407,03:13:06,0,0.5,0.375,0.6666666666666666,0.48,0.0,1.0,0.6043333333333333,0,0,0.0,0.0,0.5797101449275364,0.2898550724637682,0,0.0,1.0,0.0,1,0,0.6666666666666666,0,-0.5154170982391841,-0.0294117647058823,-0.2724144314725332,-12.563378826662094
2023-wimbledon-1407,03:13:31,0,0.5,0.375,0.75,0.4815950920245399,0.0,1.0,0.621319018404908,0,1,0.0,0.0,0.6376811594202898,0.8188405797101449,0,0.0,1.0,0.0,1,0,0.6666666666666666,0,-0.5091884641180415,-0.0294117647058823,-0.2693001144119619,-12.60331633956877
2023-wimbledon-1407,03:15:09,0,0.5,0.4444444444444444,0.0,0.4831804281345566,0.0,0.0,0.3569062181447502,0,1,0.0,0.0,0.5072463768115942,0.7536231884057971,0,0.0,0.0,0.0,1,0,0.3333333333333333,0,-0.6152508136011671,-0.0588235294117647,-0.3370371715064659,-12.643253852475448
2023-wimbledon-1407,03:15:30,0,0.5,0.4444444444444444,1.0,0.4817073170731707,-0.5,0.0,0.385230352303523,0,1,0.0,0.0,0.7681159420289856,0.8840579710144928,0,-0.5,0.0,0.0,0,0,-0.1666666666666666,0,-0.5467692010059972,-0.088235294117647,-0.3175022475618221,-12.683191365382125
2023-wimbledon-1407,03:16:06,0,0.5,0.4444444444444444,0.5,0.4802431610942249,-0.6666666666666666,0.0,0.2516041877744006,0,1,0.0,0.0,0.7681159420289856,0.8840579710144928,0,-0.6666666666666666,0.0,0.0,0,0,-0.2222222222222222,0,-0.3947002011183062,-0.088235294117647,-0.2414677476179766,-12.723128878288803
2023-wimbledon-1407,03:16:34,0,0.5,0.4444444444444444,0.3333333333333333,0.4787878787878787,-0.6666666666666666,0.0,0.2179797979797979,0,0,0.0,0.0,0.318840579710145,0.1594202898550725,0,-0.6666666666666666,0.0,0.0,0,0,-0.2222222222222222,0,-0.5595283290192695,-0.3235294117647059,-0.4415288703919877,-12.76306639119548
2023-wimbledon-1407,03:17:47,0,0.5,0.4444444444444444,0.25,0.4773413897280967,-0.6666666666666666,0.0,0.2010238335011749,0,1,0.0,0.0,0.5217391304347827,0.5072463768115942,0,-0.6666666666666666,0.0,0.0,0,0,-0.2222222222222222,0,-0.5321239606953893,-0.0294117647058823,-0.2807678627006358,-12.803003904102157
