match_id,elapsed_time,MT,sets_ratio,game_ratio,score_ratio,ue_game_ratio,npr_game_ratio,MT_end,SA,server_p2,ace_ratio,df_ratio,spead,SA_end,CPP,ue_ratio,npw_ratio,bpw_ratio,pt_victor,pt_winner,CPP_end,ST,distance_ratio,rally_count_normalized,ST_end
2023-wimbledon-1407,00:00:00,0,0.0,0.0,0.0,0.0,0.0,0.0,0,1,0,0,0.8936170212765957,0.4734042553191489,0,0,0,0,1,1,0.4,0,-0.14331616259499158,-0.1764705882352941,-0.15989337541514284
2023-wimbledon-1407,00:00:32,0,0.0,0.0,1.0,0.0,0.0,0.3333333333333333,0,1,0,0,0.8723404255319149,0.46808510638297873,0,0,0,0,0,0,0.0,0,-0.21584128117509055,-0.2647058823529412,-0.24027358176401586
2023-wimbledon-1407,00:01:11,0,0.0,0.0,0.5,-0.5,0.0,0.0,0,0,0,0,0.6099290780141844,0.1524822695035461,0,-1,0,0,0,0,-0.2,0,-0.06140026521140409,-0.08823529411764705,-0.07481777966452557
2023-wimbledon-1407,00:01:51,0,0.0,0.0,0.3333333333333333,-1.0,0.0,-0.22222222222222224,0,1,0,0,0.8297872340425532,0.4574468085106383,0,-2,0,0,0,0,-0.4,0,-0.09241597388687714,-0.14705882352941177,-0.11973739870814445
2023-wimbledon-1407,00:02:15,0,0.0,0.0,0.25,-1.0,0.0,-0.25,0,1,0,0,0.8936170212765957,0.4734042553191489,0,-2,0,0,1,0,-0.2,0,-0.043983016269699596,-0.058823529411764705,-0.05140327284073215
2023-wimbledon-1407,00:02:37,0,0.0,0.0,0.4,-1.0,0.0,-0.19999999999999998,0,0,0,0,0.5886524822695035,0.14716312056737588,0,-2,0,0,0,0,-0.4,0,-0.1304636099352272,-0.14705882352941177,-0.1387612167323195
2023-wimbledon-1407,00:04:15,0,0.0,0.0,0.0,0.0,0.0,0.0,0,1,0,0,0.900709219858156,0.475177304964539,0,0,0,0,1,0,0.2,0,-0.015842556229917888,-0.029411764705882353,-0.022627160467900122
2023-wimbledon-1407,00:04:34,0,0.0,0.0,1.0,0.0,0.0,0.3333333333333333,0,0,0,0,0.7163120567375887,0.17907801418439717,0,0,0,0,0,0,0.0,0,-0.11850359565461316,-0.11764705882352941,-0.11807532723907128
2023-wimbledon-1407,00:05:24,0,0.0,0.0,0.5,0.0,0.0,0.16666666666666666,0,1,0,0,0.8652482269503546,0.4663120567375887,0,0,0,0,1,0,0.2,0,-0.019215076248278676,-0.029411764705882353,-0.024313420477080516
2023-wimbledon-1407,00:05:45,0,0.0,0.0,0.6666666666666666,0.0,1.0,0.41666666666666663,0,1,0,0,0.950354609929078,0.4875886524822695,0,0,1,0,1,1,0.6,0,-0.04321798337328505,-0.08823529411764705,-0.06572663874546605
2023-wimbledon-1407,00:06:08,0,0.0,0.0,0.75,-0.5,1.0,0.3125,0,0,0,0,0.7163120567375887,0.17907801418439717,0,-1,0,0,0,0,-0.2,0,-0.04165604120977202,-0.058823529411764705,-0.050239785310768365
2023-wimbledon-1407,00:06:40,0,0.0,0.0,0.6,-0.5,1.0,0.275,0,1,1,0,0.950354609929078,0.7375886524822695,0,-1,0,0,1,1,0.2,0,-0.004838833069822002,-0.029411764705882353,-0.017125298887852178
2023-wimbledon-1407,00:07:06,0,0.0,0.5,0.0,-0.5,0.0,0.0,0,0,0,0,0.6595744680851063,0.16489361702127658,0,-1,0,0,0,0,-0.2,0,-0.12810475850461572,-0.14705882352941177,-0.13758179101701373
2023-wimbledon-1407,00:07:42,0,0.0,0.5,0.0,-0.5,0.0,0.0,0,1,0,0,0.9219858156028369,0.4804964539007092,0,-1,0,0,0,0,-0.2,0,-0.10581042484826848,-0.14705882352941177,-0.12643462418884013
2023-wimbledon-1407,00:08:11,0,0.0,0.5,0.0,-0.5,0.5,0.125,0,0,0,0,0.7163120567375887,0.17907801418439717,0,-1,1,0,1,0,0.2,0,-0.2759282399143163,-0.1764705882352941,-0.2261994140748052
2023-wimbledon-1407,00:08:52,0,0.0,0.5,0.3333333333333333,-0.5,0.5,0.20833333333333331,0,1,0,0,0.8581560283687943,0.4645390070921986,0,-1,0,0,0,0,-0.2,0,-0.0939014127607487,-0.08823529411764705,-0.09106835343919788
2023-wimbledon-1407,00:09:17,0,0.0,0.5,0.25,-1.0,0.5,0.0625,0,0,0,0,0.7304964539007093,0.18262411347517732,0,-2,0,0,0,0,-0.4,0,-0.04408502065588821,-0.029411764705882353,-0.03674839268088528
2023-wimbledon-1407,00:10:54,0,0.0,0.3333333333333333,0.0,-0.5,0.0,-0.08333333333333334,0,0,0,-1,0.0,-0.3333333333333333,0,-1,0,0,0,0,-0.2,0,-0.011494619268628551,-0.0,-0.0057473096343142755
2023-wimbledon-1407,00:11:19,0,0.0,0.3333333333333333,0.0,-0.5,0.0,-0.05555555555555556,0,1,0,-1,0.9290780141843972,0.2322695035460993,0,-1,0,0,0,0,-0.2,0,-0.33384123017289746,-0.3529411764705882,-0.34339120332174283
2023-wimbledon-1407,00:12:11,0,0.0,0.3333333333333333,0.0,-0.5,0.0,-0.05555555555555556,0,1,0,-1,0.9716312056737588,0.2429078014184397,0,-1,0,0,1,0,0.0,0,-0.020483755801499467,-0.029411764705882353,-0.024947760253690908
2023-wimbledon-1407,00:12:43,0,0.0,0.3333333333333333,0.3333333333333333,-0.5,0.0,0.055555555555555546,0,1,1,-1,0.9361702127659575,0.48404255319148937,0,-1,0,0,1,1,0.2,0,-0.004991839649104912,-0.029411764705882353,-0.017201802177493633
2023-wimbledon-1407,00:13:09,0,0.0,0.3333333333333333,0.5,-0.5,0.0,0.11111111111111109,0,1,2,-1,0.8865248226950354,0.7216312056737588,0,-1,0,0,1,1,0.2,0,-0.009091140919059519,-0.029411764705882353,-0.019251452812470937
2023-wimbledon-1407,00:13:35,0,0.0,0.3333333333333333,0.6,-0.5,1.0,0.35833333333333334,0,1,2,-1,0.950354609929078,0.7375886524822695,0,-1,1,0,1,1,0.4,0,-0.04694114346916918,-0.08823529411764705,-0.06758821879340812
2023-wimbledon-1407,00:14:05,0,0.0,0.5,0.0,0.0,0.0,0.25,0,1,0,0,0.8156028368794326,0.45390070921985815,0,0,0,0,0,0,0.0,0,-0.07909802621512725,-0.029411764705882353,-0.0542548954605048
2023-wimbledon-1407,00:14:26,0,0.0,0.5,0.0,0.0,0.0,0.16666666666666666,0,0,0,0,0.6028368794326241,0.15070921985815602,0,0,0,0,0,0,0.0,0,-0.00888075687254552,-0.029411764705882353,-0.019146260789213936
2023-wimbledon-1407,00:14:54,0,0.0,0.5,0.0,0.0,0.0,0.16666666666666666,0,0,0,0,0.6524822695035462,0.16312056737588654,0,0,0,0,0,0,0.0,0,-0.18611337787524865,-0.14705882352941177,-0.1665861007023302
2023-wimbledon-1407,00:15:27,0,0.0,0.5,0.0,0.0,0.0,0.125,0,0,0,0,0.6453900709219859,0.16134751773049646,0,0,0,0,0,0,0.0,0,-0.07568725455194573,-0.08823529411764705,-0.08196127433479639
2023-wimbledon-1407,00:17:16,0,0.0,0.4,0.0,0.0,0.0,0.2,0,0,0,0,0.7730496453900709,0.19326241134751773,0,0,0,0,1,0,0.2,0,-0.012329780180547763,-0.029411764705882353,-0.020870772443215058
2023-wimbledon-1407,00:17:46,0,0.0,0.4,1.0,0.0,0.0,0.4666666666666666,0,0,0,0,0.7872340425531915,0.19680851063829788,0,0,0,0,1,0,0.2,0,-0.06171902891824348,-0.08823529411764705,-0.07497716151794527
2023-wimbledon-1407,00:18:22,0,0.0,0.4,1.0,0.0,0.0,0.4666666666666666,0,1,1,0,0.950354609929078,0.7375886524822695,0,0,0,0,1,1,0.4,0,-0.004781455602590912,-0.029411764705882353,-0.017096610154236632
2023-wimbledon-1407,00:18:43,0,0.0,0.4,1.0,0.0,0.0,0.4666666666666666,0,1,1,0,0.9574468085106383,0.7393617021276596,0,0,0,0,0,0,0.0,0,-0.10529402764318865,-0.11764705882352941,-0.11147054323335903
2023-wimbledon-1407,00:19:07,0,0.0,0.4,0.75,0.0,0.0,0.3833333333333333,0,1,2,0,0.8581560283687943,0.9645390070921986,0,0,0,0,1,1,0.4,0,-0.0034617738562758202,-0.029411764705882353,-0.016436769281079087
2023-wimbledon-1407,00:19:35,0,0.0,0.5,0.0,0.0,0.0,0.25,0,0,0,0,0.6312056737588653,0.15780141843971632,0,0,0,0,1,0,0.2,0,-0.1520375376141174,-0.11764705882352941,-0.1348422982188234
2023-wimbledon-1407,00:20:11,0,0.0,0.5,1.0,-0.5,0.0,0.3333333333333333,0,0,0,0,0.6453900709219859,0.16134751773049646,0,-1,0,0,0,0,-0.2,0,-0.10083771102157393,-0.08823529411764705,-0.09453650256961049
2023-wimbledon-1407,00:20:43,0,0.0,0.5,0.5,-0.5,0.0,0.16666666666666666,0,0,0,0,0.0,0.0,0,-1,0,0,1,0,0.0,0,-0.013929973988881524,-0.0,-0.006964986994440762
2023-wimbledon-1407,00:21:10,0,0.0,0.5,0.6666666666666666,-0.5,0.0,0.22222222222222218,0,1,0,0,0.8865248226950354,0.4716312056737588,0,-1,0,0,0,0,-0.2,0,-0.2474817667159688,-0.20588235294117646,-0.22668205982857265
2023-wimbledon-1407,00:21:47,0,0.0,0.5,0.5,-0.5,0.0,0.16666666666666666,0,0,0,0,0.6666666666666666,0.16666666666666666,0,-1,0,0,1,1,0.2,0,-0.18159330851226604,-0.23529411764705882,-0.20844371307966242
2023-wimbledon-1407,00:22:55,0,0.0,0.5,0.6,-0.5,0.0,0.20000000000000004,0,1,0,0,0.8865248226950354,0.4716312056737588,0,-1,0,0,0,0,-0.2,0,-0.34699979599122766,-0.20588235294117646,-0.27644107446620203
2023-wimbledon-1407,00:23:37,0,0.0,0.5,0.5,-0.5,0.0,0.125,0,1,0,0,0.7943262411347518,0.44858156028368795,0,-1,0,0,0,0,-0.2,0,-0.11549446626204928,-0.14705882352941177,-0.13127664489573052
2023-wimbledon-1407,00:24:14,0,0.0,0.5,0.42857142857142855,-0.5,0.0,0.10714285714285715,0,1,0,0,0.900709219858156,0.475177304964539,0,-1,0,0,1,0,0.0,0,-0.12250089253837915,-0.11764705882352941,-0.12007397568095428
2023-wimbledon-1407,00:24:44,0,0.0,0.5,0.5,-0.5,0.0,0.125,0,0,0,0,0.6453900709219859,0.16134751773049646,0,-1,0,0,0,0,-0.2,0,-0.24944535115009947,-0.08823529411764705,-0.16884032263387327
2023-wimbledon-1407,00:25:23,0,0.0,0.5,0.42857142857142855,-0.5,0.0,0.10714285714285715,0,1,0,0,0.900709219858156,0.475177304964539,0,-1,0,0,1,0,0.0,0,-0.3550326414035804,-0.23529411764705882,-0.29516337952531957
2023-wimbledon-1407,00:26:05,0,0.0,0.5,0.5,-1.0,0.0,0.0,0,1,0,0,0.7446808510638298,0.43617021276595747,0,-2,0,0,0,0,-0.4,0,-0.08127836996990871,-0.08823529411764705,-0.08475683204377787
2023-wimbledon-1407,00:26:29,0,0.0,0.5,0.42857142857142855,-1.0,0.0,-0.01785714285714285,0,1,0,0,0.9078014184397163,0.4769503546099291,0,-2,0,0,0,0,-0.4,0,-0.025335339419595045,-0.029411764705882353,-0.0273735520627387
2023-wimbledon-1407,00:29:34,0,0.0,0.42857142857142855,0.0,-0.5,0.0,-0.035714285714285726,0,1,0,0,0.9574468085106383,0.4893617021276596,0,-1,0,0,0,0,-0.2,0,-0.03976896006528281,-0.058823529411764705,-0.04929624473852376
2023-wimbledon-1407,00:29:54,0,0.0,0.42857142857142855,0.0,-0.5,1.0,0.23214285714285715,0,1,0,0,0.9078014184397163,0.4769503546099291,0,-1,1,0,1,0,0.2,0,-0.0913895547508543,-0.08823529411764705,-0.08981242443425067
2023-wimbledon-1407,00:30:20,0,0.0,0.42857142857142855,0.5,-1.0,1.0,0.23214285714285715,0,0,0,-1,0.0,-0.3333333333333333,0,-2,0,0,0,0,-0.4,0,-0.013929973988881524,-0.0,-0.006964986994440762
2023-wimbledon-1407,00:30:48,0,0.0,0.42857142857142855,0.3333333333333333,-1.0,1.0,0.19047619047619047,0,0,0,-1,0.8652482269503546,-0.03368794326241134,0,-2,0,0,1,0,-0.2,0,-0.05213061661651451,-0.029411764705882353,-0.04077119066119843
2023-wimbledon-1407,00:33:52,0,0.0,0.42857142857142855,0.5,-1.0,1.0,0.23214285714285715,0,1,0,-1,0.8794326241134752,0.2198581560283688,0,-2,0,0,1,0,-0.2,0,-0.03294104146478299,-0.029411764705882353,-0.03117640308533267
2023-wimbledon-1407,00:34:11,0,0.0,0.42857142857142855,0.6,-1.0,1.0,0.2571428571428571,0,1,1,-1,0.9148936170212766,0.4787234042553191,0,-2,0,0,1,1,0.0,0,-0.02920513082062529,-0.029411764705882353,-0.029308447763253823
2023-wimbledon-1407,00:34:37,0,0.0,0.5,0.0,0.0,0.0,0.25,0,1,0,0,0.8156028368794326,0.45390070921985815,0,0,0,0,0,0,0.0,0,-0.035803539552200746,-0.029411764705882353,-0.03260765212904155
2023-wimbledon-1407,00:34:53,0,0.0,0.5,0.0,0.0,0.0,0.16666666666666666,0,1,0,0,0.8865248226950354,0.4716312056737588,0,0,0,0,1,0,0.2,0,-0.10144336206456879,-0.11764705882352941,-0.10954521044404911
2023-wimbledon-1407,00:35:20,0,0.0,0.5,0.5,0.0,0.0,0.3333333333333333,0,1,0,0,0.7943262411347518,0.44858156028368795,0,0,0,0,0,0,0.0,0,-0.1177449380323354,-0.08823529411764705,-0.10299011607499123
2023-wimbledon-1407,00:35:49,0,0.0,0.5,0.3333333333333333,0.0,0.0,0.27777777777777773,0,1,0,0,0.8865248226950354,0.4716312056737588,0,0,0,0,0,0,0.0,0,-0.050772683225378694,-0.029411764705882353,-0.04009222396563052
2023-wimbledon-1407,00:36:07,0,0.0,0.5,0.25,0.0,0.0,0.25,0,0,0,0,0.6879432624113475,0.17198581560283688,0,0,0,0,1,1,0.4,0,-0.1406257969092671,-0.1764705882352941,-0.1585481925722806
2023-wimbledon-1407,00:36:42,0,0.0,0.5,0.4,0.0,0.0,0.3,0,1,0,0,0.8936170212765957,0.4734042553191489,0,0,0,0,0,0,0.0,0,-0.007388942724537156,-0.029411764705882353,-0.018400353715209754
2023-wimbledon-1407,00:38:09,0,0.0,0.4444444444444444,0.0,0.0,0.0,0.2222222222222222,0,1,0,0,0.9645390070921985,0.49113475177304966,0,0,0,0,0,0,0.0,0,-0.0886481868720355,-0.11764705882352941,-0.10314762284778245
2023-wimbledon-1407,00:38:35,0,0.0,0.4444444444444444,0.0,0.0,1.0,0.3611111111111111,0,1,0,0,0.9290780141843972,0.4822695035460993,0,0,1,0,1,0,0.4,0,-0.11561559647064826,-0.14705882352941177,-0.13133721000003
2023-wimbledon-1407,00:39:03,0,0.0,0.4444444444444444,0.5,0.0,1.0,0.4861111111111111,0,1,1,0,0.8865248226950354,0.7216312056737588,0,0,0,0,1,1,0.4,0,-0.004532819911256184,-0.029411764705882353,-0.016972292308569267
2023-wimbledon-1407,00:39:24,0,0.0,0.4444444444444444,0.6666666666666666,0.0,1.0,0.5277777777777778,0,1,2,0,0.8865248226950354,0.9716312056737588,0,0,0,0,1,1,0.4,0,-0.00788621410720661,-0.029411764705882353,-0.018648989406544483
2023-wimbledon-1407,00:39:42,0,0.0,0.4444444444444444,0.75,0.0,1.0,0.5486111111111112,0,1,3,0,0.900709219858156,1.225177304964539,0,0,0,0,1,1,0.4,0,-0.004041923802723517,-0.029411764705882353,-0.016726844254302934
2023-wimbledon-1407,00:40:08,0,0.0,0.5,0.0,0.0,0.0,0.25,0,1,0,0,0.9148936170212766,0.4787234042553191,0,0,0,0,0,0,0.0,0,-0.0018488294996684856,-0.029411764705882353,-0.015630297102775418
2023-wimbledon-1407,00:40:24,0,0.0,0.5,0.0,0.0,1.0,0.375,0,1,0,0,0.900709219858156,0.475177304964539,0,0,1,0,1,0,0.4,0,-0.09655990207578927,-0.11764705882352941,-0.10710348044965934
2023-wimbledon-1407,00:40:48,0,0.0,0.5,0.5,0.0,1.0,0.5,0,1,0,0,0.9290780141843972,0.4822695035460993,0,0,0,0,0,0,0.0,0,-0.1304189830162697,-0.14705882352941177,-0.13873890327284072
2023-wimbledon-1407,00:41:15,0,0.0,0.5,0.3333333333333333,0.0,1.0,0.4583333333333333,0,1,0,0,0.8368794326241135,0.4592198581560284,0,0,0,0,0,0,0.0,0,-0.004679451216402305,-0.029411764705882353,-0.01704560796114233
2023-wimbledon-1407,00:41:31,0,0.0,0.5,0.25,0.0,1.0,0.4375,0,1,0,0,0.8085106382978723,0.4521276595744681,0,0,0,0,0,0,0.0,0,-0.14881164890090273,-0.14705882352941177,-0.14793523621515725
2023-wimbledon-1407,00:43:05,0,0.0,0.45454545454545453,0.0,0.0,0.0,0.15151515151515152,0,1,0,0,0.8794326241134752,0.4698581560283688,0,0,0,0,0,0,0.0,0,-0.12034604988014484,-0.1764705882352941,-0.14840831905771948
2023-wimbledon-1407,00:43:30,0,0.0,0.45454545454545453,0.0,0.0,0.0,0.11363636363636363,0,1,0,0,0.950354609929078,0.4875886524822695,0,0,0,0,0,0,0.0,0,-0.05888203192737288,-0.058823529411764705,-0.0588527806695688
2023-wimbledon-1407,00:43:53,0,0.0,0.45454545454545453,0.0,0.0,0.5,0.23863636363636365,0,1,0,0,0.8581560283687943,0.4645390070921986,0,0,1,0,1,0,0.4,0,-0.03774162288978426,-0.029411764705882353,-0.033576693797833304
2023-wimbledon-1407,00:44:14,0,0.0,0.45454545454545453,0.3333333333333333,0.0,0.5,0.32196969696969696,0,1,0,0,0.8652482269503546,0.4663120567375887,0,0,1,0,1,1,0.6,0,-0.08599607283113174,-0.14705882352941177,-0.11652744818027175
2023-wimbledon-1407,00:44:59,0,0.0,0.45454545454545453,0.5,-0.5,0.5,0.23863636363636365,0,0,0,-1,0.0,-0.3333333333333333,0,-1,0,0,0,0,-0.2,0,-0.015001020043861888,-0.0,-0.007500510021930944
2023-wimbledon-1407,00:46:01,0,0.0,0.45454545454545453,0.4,-1.0,0.5,0.08863636363636362,0,0,0,-2,0.0,-0.6666666666666666,0,-2,0,0,0,0,-0.4,0,-0.021452797470291225,-0.0,-0.010726398735145613
2023-wimbledon-1407,00:48:10,0,0.0,0.0,0.0,0.0,0.0,0.0,0,1,0,0,0.7801418439716312,0.4450354609929078,0,0,0,0,1,0,0.2,0,-0.23642704136277862,-0.23529411764705882,-0.23586057950491873
2023-wimbledon-1407,00:48:49,0,0.0,0.0,1.0,0.0,0.0,0.3333333333333333,0,1,0,0,0.8439716312056738,0.46099290780141844,0,0,0,0,0,0,0.0,0,-0.03250752282348141,-0.029411764705882353,-0.030959643764681882
2023-wimbledon-1407,00:49:08,0,0.0,0.0,0.5,0.0,0.0,0.16666666666666666,0,1,0,0,0.900709219858156,0.475177304964539,0,0,0,0,0,0,0.0,0,-0.004437190799204366,-0.029411764705882353,-0.016924477752543358
2023-wimbledon-1407,00:49:26,0,0.0,0.0,0.3333333333333333,0.0,0.0,0.1111111111111111,0,0,0,0,0.6382978723404256,0.1595744680851064,0,0,0,0,0,0,0.0,0,-0.1975378691283725,-0.2647058823529412,-0.23112187574065685
2023-wimbledon-1407,00:50:08,0,0.0,0.0,0.25,0.0,0.0,0.08333333333333333,0,1,0,0,0.9078014184397163,0.4769503546099291,0,0,0,0,0,0,0.0,0,-0.004226806752690366,-0.029411764705882353,-0.01681928572928636
2023-wimbledon-1407,00:50:51,0,0.0,0.0,0.0,0.0,0.0,0.0,0,0,0,0,0.7943262411347518,0.19858156028368795,0,0,0,0,0,0,0.0,0,-0.08613632886214106,-0.11764705882352941,-0.10189169384283524
2023-wimbledon-1407,00:51:22,0,0.0,0.0,0.0,0.0,0.0,0.0,0,1,1,0,0.9290780141843972,0.7322695035460993,0,0,0,0,1,1,0.4,0,-0.0028369969908706074,-0.029411764705882353,-0.01612438084837648
2023-wimbledon-1407,00:51:40,0,0.0,0.0,0.5,-0.5,0.0,0.0,0,0,1,-1,0.0,0.0,0,-1,0,0,0,0,-0.2,0,-0.04252945376651196,-0.0,-0.02126472688325598
2023-wimbledon-1407,00:52:09,0,0.0,0.0,0.3333333333333333,-0.5,0.0,-0.04166666666666667,0,1,1,-1,0.9361702127659575,0.48404255319148937,0,-1,0,0,1,0,0.0,0,-0.02115953485999898,-0.029411764705882353,-0.025285649782940664
2023-wimbledon-1407,00:52:26,0,0.0,0.0,0.5,-1.0,0.0,-0.125,0,0,1,-2,0.0,-0.3333333333333333,0,-2,0,0,0,0,-0.4,0,-0.024869944407609527,-0.0,-0.012434972203804764
2023-wimbledon-1407,00:52:55,0,0.0,0.0,0.4,-1.0,0.0,-0.15,0,0,1,-2,0.8581560283687943,-0.035460992907801414,0,-2,0,0,1,0,-0.2,0,-0.008791503034630489,-0.029411764705882353,-0.019101633870256422
2023-wimbledon-1407,00:53:27,0,0.0,0.0,0.5,-1.0,0.0,-0.125,0,1,1,-2,0.8439716312056738,0.21099290780141844,0,-2,0,0,1,0,-0.2,0,-0.026176875605651042,-0.029411764705882353,-0.027794320155766696
2023-wimbledon-1407,00:53:44,0,0.0,0.0,0.5714285714285714,-1.0,0.0,-0.10714285714285715,0,1,2,-2,0.9432624113475178,0.4858156028368794,0,-2,0,0,1,1,0.0,0,-0.04693476819503239,-0.029411764705882353,-0.03817326645045737
2023-wimbledon-1407,00:54:11,0,0.0,0.5,0.0,0.0,0.0,0.16666666666666666,0,1,0,0,0.9078014184397163,0.4769503546099291,0,0,0,0,0,0,0.0,0,-0.005559239047279033,-0.029411764705882353,-0.017485501876580694
2023-wimbledon-1407,00:54:27,0,0.0,0.5,0.0,0.0,0.0,0.125,0,1,0,0,0.8936170212765957,0.4734042553191489,0,0,0,0,0,0,0.0,0,-0.03363594634569286,-0.029411764705882353,-0.03152385552578761
2023-wimbledon-1407,00:54:42,0,0.0,0.5,0.0,-0.5,0.0,0.0,0,1,0,0,0.8226950354609929,0.4556737588652482,0,-1,0,0,0,0,-0.2,0,-0.07787397358086398,-0.08823529411764705,-0.08305463384925552
2023-wimbledon-1407,00:55:01,0,0.0,0.5,0.0,-0.5,0.0,0.0,0,1,0,0,0.9078014184397163,0.4769503546099291,0,-1,0,0,0,0,-0.2,0,-0.12897817106135565,-0.14705882352941177,-0.1380184972953837
2023-wimbledon-1407,00:57:13,0,0.0,0.3333333333333333,0.0,-0.5,0.0,-0.05555555555555556,0,0,0,-1,0.0,-0.3333333333333333,0,-1,0,0,0,0,-0.2,0,-0.010468200132605701,-0.0,-0.005234100066302851
2023-wimbledon-1407,00:57:40,0,0.0,0.3333333333333333,0.0,-0.5,0.0,-0.04166666666666667,0,1,1,-1,0.8794326241134752,0.4698581560283688,0,-1,0,0,1,1,0.2,0,-0.004398939154383638,-0.029411764705882353,-0.016905351930132994
2023-wimbledon-1407,00:57:57,0,0.0,0.3333333333333333,0.5,-1.0,0.0,-0.041666666666666685,0,0,1,-2,0.0,-0.3333333333333333,0,-2,0,0,0,0,-0.4,0,-0.026833528841740194,-0.0,-0.013416764420870097
2023-wimbledon-1407,00:58:27,0,0.0,0.3333333333333333,0.3333333333333333,-1.5,0.0,-0.20833333333333334,0,0,1,-2,0.7588652482269503,-0.060283687943262415,0,-3,0,0,0,0,-0.6,0,-0.3164048554087826,-0.3529411764705882,-0.3346730159396854
2023-wimbledon-1407,00:59:13,0,0.0,0.3333333333333333,0.25,-1.5,0.0,-0.22916666666666669,0,1,2,-2,0.9290780141843972,0.4822695035460993,0,-3,0,0,1,1,-0.2,0,-0.004016422706176366,-0.029411764705882353,-0.01671409370602936
2023-wimbledon-1407,00:59:29,0,0.0,0.3333333333333333,0.4,-1.5,0.0,-0.19166666666666665,0,0,2,-2,0.8085106382978723,0.20212765957446807,0,-3,0,0,1,1,-0.2,0,-0.08742413423777222,-0.08823529411764705,-0.08782971417770963
2023-wimbledon-1407,01:00:10,0,0.0,0.3333333333333333,0.5,-1.5,0.0,-0.16666666666666669,0,1,2,-2,0.9574468085106383,0.4893617021276596,0,-3,0,0,1,0,-0.4,0,-0.025928239914316316,-0.029411764705882353,-0.027670002310099334
2023-wimbledon-1407,01:00:27,0,0.0,0.3333333333333333,0.5714285714285714,-1.5,0.0,-0.14880952380952384,0,1,2,-2,0.0,0.3333333333333333,0,-3,0,0,1,0,-0.4,0,-0.0,-0.08823529411764705,-0.044117647058823525
2023-wimbledon-1407,01:01:31,0,0.0,0.5,0.0,0.0,0.0,0.16666666666666666,0,1,0,0,0.8439716312056738,0.46099290780141844,0,0,0,0,0,0,0.0,0,-0.03265415412862753,-0.029411764705882353,-0.03103295941725494
2023-wimbledon-1407,01:01:56,0,0.0,0.5,0.0,0.0,0.0,0.125,0,0,0,0,0.7021276595744681,0.17553191489361702,0,0,0,0,1,0,0.2,0,-0.06806880195848422,-0.058823529411764705,-0.06344616568512446
2023-wimbledon-1407,01:02:32,0,0.0,0.5,0.5,0.0,0.0,0.25,0,1,0,0,0.7801418439716312,0.4450354609929078,0,0,0,0,1,0,0.2,0,-0.07077191819248228,-0.058823529411764705,-0.0647977238021235
2023-wimbledon-1407,01:03:09,0,0.0,0.5,0.6666666666666666,0.0,0.0,0.29166666666666663,0,1,0,0,0.8723404255319149,0.46808510638297873,0,0,0,0,0,0,0.0,0,-0.03016142194114347,-0.029411764705882353,-0.02978659332351291
2023-wimbledon-1407,01:03:42,0,0.0,0.5,0.5,0.0,0.0,0.25,0,0,0,0,0.624113475177305,0.15602836879432624,0,0,0,0,1,0,0.2,0,-0.14770235120110164,-0.11764705882352941,-0.13267470501231554
2023-wimbledon-1407,01:04:23,0,0.0,0.5,0.6,0.0,0.0,0.275,0,1,0,0,0.9078014184397163,0.4769503546099291,0,0,0,0,0,0,0.0,0,-0.06509792421074106,-0.08823529411764705,-0.07666660916419406
2023-wimbledon-1407,01:04:51,0,0.0,0.5,0.5,0.0,0.0,0.25,0,1,0,0,0.9219858156028369,0.4804964539007092,0,0,0,0,0,0,0.0,0,-0.026508389860764016,-0.029411764705882353,-0.027960077283323184
2023-wimbledon-1407,01:05:09,0,0.0,0.5,0.42857142857142855,0.0,0.0,0.23214285714285715,0,1,0,0,0.900709219858156,0.475177304964539,0,0,0,0,0,0,0.0,0,-0.019533839955118072,-0.029411764705882353,-0.024472802330500212
2023-wimbledon-1407,01:06:32,0,0.0,0.4,0.0,-0.5,0.0,-0.033333333333333326,0,1,0,0,0.9574468085106383,0.4893617021276596,0,-1,0,0,0,0,-0.2,0,-0.10799714387718673,-0.11764705882352941,-0.11282210135035807
2023-wimbledon-1407,01:06:52,0,0.0,0.4,0.0,-0.5,0.0,-0.024999999999999994,0,1,0,0,0.8794326241134752,0.4698581560283688,0,-1,0,0,0,0,-0.2,0,-0.040929259958178206,-0.058823529411764705,-0.04987639468497146
2023-wimbledon-1407,01:07:11,0,0.0,0.4,0.0,-0.5,0.0,-0.024999999999999994,0,1,0,0,0.9361702127659575,0.48404255319148937,0,-1,0,0,1,0,0.0,0,-0.04462054368337839,-0.08823529411764705,-0.06642791890051272
2023-wimbledon-1407,01:07:30,0,0.0,0.4,0.3333333333333333,-0.5,1.0,0.24666666666666667,0,0,0,0,0.851063829787234,0.2127659574468085,0,-1,1,0,1,0,0.2,0,-0.03659407354516245,-0.029411764705882353,-0.033002919125522404
2023-wimbledon-1407,01:08:03,0,0.0,0.4,0.5,-1.0,1.0,0.18,0,0,0,-1,0.0,-0.3333333333333333,0,-2,0,0,0,0,-0.4,0,-0.008255980007140307,-0.0,-0.0041279900035701535
2023-wimbledon-1407,01:08:31,0,0.0,0.4,0.4,-1.5,1.0,0.06000000000000001,0,1,0,-1,0.9574468085106383,0.2393617021276596,0,-3,0,0,0,0,-0.6,0,-0.06698500535523028,-0.058823529411764705,-0.0629042673834975
2023-wimbledon-1407,01:08:58,0,0.0,0.3333333333333333,0.0,0.0,0.0,0.1111111111111111,0,1,0,0,0.8936170212765957,0.4734042553191489,0,0,0,0,0,0,0.0,0,-0.0034426480338654564,-0.029411764705882353,-0.016427206369873906
2023-wimbledon-1407,01:09:15,0,0.0,0.3333333333333333,0.0,-0.5,0.0,-0.04166666666666667,0,0,0,0,0.6950354609929078,0.17375886524822695,0,-1,0,0,0,0,-0.2,0,-0.17859055439383895,-0.14705882352941177,-0.16282468896162536
2023-wimbledon-1407,01:09:49,0,0.0,0.3333333333333333,0.0,-0.5,0.0,-0.04166666666666667,0,0,0,0,0.723404255319149,0.18085106382978725,0,-1,0,0,0,0,-0.2,0,-0.023741520885398073,-0.029411764705882353,-0.02657664279564021
2023-wimbledon-1407,01:10:15,0,0.0,0.3333333333333333,0.0,-1.0,0.0,-0.16666666666666669,0,0,0,0,0.6950354609929078,0.17375886524822695,0,-2,0,0,0,0,-0.4,0,-0.04162416483908808,-0.029411764705882353,-0.035517964772485214
2023-wimbledon-1407,01:12:06,0,0.0,0.2857142857142857,0.0,0.0,1.0,0.3214285714285714,0,1,0,0,0.8794326241134752,0.4698581560283688,0,0,1,0,1,0,0.4,0,-0.027745193043300864,-0.029411764705882353,-0.02857847887459161
2023-wimbledon-1407,01:12:18,0,0.0,0.2857142857142857,1.0,0.0,1.0,0.45714285714285713,0,1,1,0,0.9290780141843972,0.7322695035460993,0,0,0,0,1,1,0.4,0,-0.005820625286887336,-0.029411764705882353,-0.017616194996384844
2023-wimbledon-1407,01:12:29,0,0.0,0.2857142857142857,1.0,0.0,1.0,0.45714285714285713,0,1,2,0,0.9361702127659575,0.9840425531914894,0,0,0,0,1,1,0.4,0,-0.006228642831641761,-0.029411764705882353,-0.017820203768762057
2023-wimbledon-1407,01:12:42,0,0.0,0.2857142857142857,1.0,0.0,1.0,0.45714285714285713,0,1,2,0,0.0,1.0,0,0,0,0,1,1,0.4,0,-0.019795226194726373,-0.029411764705882353,-0.024603495450304363
2023-wimbledon-1407,01:13:07,0,0.0,0.375,0.0,0.0,0.0,0.125,0,1,0,0,0.8156028368794326,0.45390070921985815,0,0,0,0,0,0,0.0,0,-0.04967613607385118,-0.029411764705882353,-0.039543950389866765
2023-wimbledon-1407,01:13:24,0,0.0,0.375,0.0,0.0,0.0,0.09375,0,0,0,0,0.6595744680851063,0.16489361702127658,0,0,0,0,0,0,0.0,0,-0.04768067526903657,-0.08823529411764705,-0.06795798469334181
2023-wimbledon-1407,01:13:54,0,0.0,0.375,0.0,0.0,0.0,0.09375,0,1,0,0,0.9078014184397163,0.4769503546099291,0,0,0,0,1,0,0.2,0,-0.08906257969092672,-0.11764705882352941,-0.10335481925722806
2023-wimbledon-1407,01:14:16,0,0.0,0.375,0.3333333333333333,0.0,0.0,0.17708333333333331,0,0,0,0,0.6950354609929078,0.17375886524822695,0,0,0,0,1,0,0.2,0,-0.07113530881827919,-0.058823529411764705,-0.06497941911502195
2023-wimbledon-1407,01:14:52,0,0.0,0.375,0.5,0.0,0.0,0.21875,0,1,0,0,0.8723404255319149,0.46808510638297873,0,0,0,0,0,0,0.0,0,-0.09135130310603357,-0.029411764705882353,-0.06038153390595796
2023-wimbledon-1407,01:15:22,0,0.0,0.375,0.4,0.0,0.0,0.19375,0,1,0,0,0.8865248226950354,0.4716312056737588,0,0,0,0,0,0,0.0,0,-0.08603432447595247,-0.08823529411764705,-0.08713480929679976
2023-wimbledon-1407,01:19:12,0,0.0,0.0,0.0,0.0,0.0,0.0,0,0,0,0,0.7304964539007093,0.18262411347517732,0,0,0,0,0,0,0.0,0,-0.11792344570816546,-0.1764705882352941,-0.14719701697172977
2023-wimbledon-1407,01:19:44,0,0.0,0.0,0.0,0.0,1.0,0.25,0,1,0,0,0.9361702127659575,0.48404255319148937,0,0,1,0,1,0,0.4,0,-0.017410873667567706,-0.029411764705882353,-0.02341131918672503
2023-wimbledon-1407,01:20:02,0,0.0,0.0,0.5,0.0,1.0,0.375,0,1,1,0,0.8865248226950354,0.7216312056737588,0,0,0,0,1,1,0.4,0,-0.006432651604018972,-0.029411764705882353,-0.017922208154950662
2023-wimbledon-1407,01:20:18,0,0.0,0.0,0.6666666666666666,0.0,1.0,0.41666666666666663,0,0,1,0,0.7375886524822695,0.43439716312056736,0,0,0,0,1,1,0.4,0,-0.1263770592135462,-0.08823529411764705,-0.10730617666559662
2023-wimbledon-1407,01:20:53,0,0.0,0.0,0.75,0.0,1.0,0.4375,0,1,1,0,0.8368794326241135,0.7092198581560284,0,0,1,0,1,0,0.4,0,-0.03767149487427959,-0.029411764705882353,-0.033541629790080976
2023-wimbledon-1407,01:21:33,0,0.0,1.0,0.0,0.0,0.0,0.3333333333333333,0,1,0,0,0.8014184397163121,0.45035460992907805,0,0,0,0,0,0,0.0,0,-0.038156015708675474,-0.029411764705882353,-0.03378389020727891
2023-wimbledon-1407,01:21:49,0,0.0,1.0,0.0,0.0,0.0,0.25,0,0,0,0,0.7163120567375887,0.17907801418439717,0,0,0,0,1,0,0.2,0,-0.13045723466109044,-0.1764705882352941,-0.15346391144819227
2023-wimbledon-1407,01:22:27,0,0.0,1.0,0.5,-0.5,0.0,0.25,0,0,0,0,0.723404255319149,0.18085106382978725,0,-1,0,0,0,0,-0.2,0,-0.09769470087213751,-0.14705882352941177,-0.12237676220077465
2023-wimbledon-1407,01:22:59,0,0.0,1.0,0.3333333333333333,-0.5,0.0,0.20833333333333331,0,1,0,0,0.8865248226950354,0.4716312056737588,0,-1,0,0,0,0,-0.2,0,-0.05378181261794257,-0.08823529411764705,-0.07100855336779481
2023-wimbledon-1407,01:23:19,0,0.0,1.0,0.25,-0.5,0.0,0.1875,0,0,0,0,0.6595744680851063,0.16489361702127658,0,-1,0,0,1,0,0.0,0,-0.051493089202835726,-0.058823529411764705,-0.055158309307300216
2023-wimbledon-1407,01:24:07,0,0.0,1.0,0.4,-0.5,0.0,0.22499999999999998,0,0,0,0,0.6666666666666666,0.16666666666666666,0,-1,0,0,1,0,0.0,0,-0.1505648492885194,-0.1764705882352941,-0.16351771876190674
2023-wimbledon-1407,01:24:53,0,0.0,1.0,0.5,-0.5,0.0,0.2,0,1,0,0,0.75177304964539,0.4379432624113475,0,-1,0,0,0,0,-0.2,0,-0.18745856071811087,-0.14705882352941177,-0.16725869212376132
2023-wimbledon-1407,01:25:22,0,0.0,1.0,0.42857142857142855,-0.5,0.0,0.18571428571428572,0,1,0,0,0.8794326241134752,0.4698581560283688,0,-1,0,0,0,0,-0.2,0,-0.028032080379456318,-0.029411764705882353,-0.028721922542669337
2023-wimbledon-1407,01:25:50,0,0.0,0.5,0.0,0.0,0.0,0.16666666666666666,0,1,1,0,0.9290780141843972,0.7322695035460993,0,0,0,0,1,1,0.4,0,-0.007210435048707095,-0.029411764705882353,-0.018311099877294724
2023-wimbledon-1407,01:26:08,0,0.0,0.5,1.0,0.0,1.0,0.5,0,1,1,0,0.9078014184397163,0.7269503546099291,0,0,1,0,1,0,0.4,0,-0.04367700311113378,-0.029411764705882353,-0.03654438390850807
2023-wimbledon-1407,01:26:28,0,0.0,0.5,1.0,0.0,1.0,0.5,0,1,2,0,0.8581560283687943,0.9645390070921986,0,0,0,0,1,1,0.4,0,-0.005119345131840669,-0.029411764705882353,-0.01726555491886151
2023-wimbledon-1407,01:26:39,0,0.0,0.5,1.0,0.0,1.0,0.5,0,1,2,0,0.8936170212765957,0.9734042553191489,0,0,1,0,1,1,0.6,0,-0.08910720660988423,-0.08823529411764705,-0.08867125036376564
2023-wimbledon-1407,01:28:18,0,0.0,0.6666666666666666,0.0,-0.5,0.0,0.055555555555555546,0,0,0,0,0.6808510638297872,0.1702127659574468,0,-1,0,0,0,0,-0.2,0,-0.026572142602131893,-0.029411764705882353,-0.027991953654007123
2023-wimbledon-1407,01:28:42,0,0.0,0.6666666666666666,0.0,-0.5,0.0,0.04166666666666666,0,0,0,0,0.6808510638297872,0.1702127659574468,0,-1,0,0,1,0,0.0,0,-0.05506324271943694,-0.058823529411764705,-0.05694338606560082
2023-wimbledon-1407,01:29:11,0,0.0,0.6666666666666666,0.5,-0.5,0.0,0.16666666666666663,0,1,0,0,0.8936170212765957,0.4734042553191489,0,-1,0,0,0,0,-0.2,0,-0.003869791401030244,-0.029411764705882353,-0.016640778053456297
2023-wimbledon-1407,01:29:27,0,0.0,0.6666666666666666,0.3333333333333333,-1.0,0.0,0.0,0,0,0,0,0.6666666666666666,0.16666666666666666,0,-2,0,0,0,0,-0.4,0,-0.08066634365277707,-0.08823529411764705,-0.08445081888521205
2023-wimbledon-1407,01:30:02,0,0.0,0.6666666666666666,0.25,-1.0,0.0,-0.020833333333333343,0,1,0,0,0.8085106382978723,0.4521276595744681,0,-2,0,0,0,0,-0.4,0,-0.034579486917937476,-0.029411764705882353,-0.031995625811909914
2023-wimbledon-1407,01:30:44,0,0.0,0.5,0.0,0.0,0.0,0.16666666666666666,0,1,0,0,0.900709219858156,0.475177304964539,0,0,0,0,1,0,0.2,0,-0.035829040648747895,-0.029411764705882353,-0.03262040267731513
2023-wimbledon-1407,01:30:59,0,0.0,0.5,1.0,0.0,1.0,0.5,0,1,0,0,0.9078014184397163,0.4769503546099291,0,0,1,0,1,0,0.4,0,-0.03031442852042638,-0.029411764705882353,-0.029863096613154366
2023-wimbledon-1407,01:31:13,0,0.0,0.5,1.0,0.0,1.0,0.5,0,1,0,0,0.851063829787234,0.4627659574468085,0,0,0,0,1,0,0.2,0,-0.034687866578262866,-0.029411764705882353,-0.03204981564207261
2023-wimbledon-1407,01:31:29,0,0.0,0.5,1.0,0.0,1.0,0.5,0,1,1,0,0.8581560283687943,0.7145390070921986,0,0,0,0,1,1,0.4,0,-0.003678533176926608,-0.029411764705882353,-0.01654514894140448
2023-wimbledon-1407,01:32:57,0,0.0,0.6,0.0,0.0,0.0,0.19999999999999998,0,0,0,0,0.7163120567375887,0.17907801418439717,0,0,0,0,1,1,0.4,0,-0.07788034885500077,-0.11764705882352941,-0.09776370383926508
2023-wimbledon-1407,01:33:26,0,0.0,0.6,1.0,0.0,1.0,0.52,0,1,0,0,0.8652482269503546,0.4663120567375887,0,0,1,0,1,0,0.4,0,-0.13259295149691436,-0.11764705882352941,-0.12512000516022187
2023-wimbledon-1407,01:33:58,0,0.0,0.6,1.0,0.0,1.0,0.52,0,0,0,0,0.7092198581560284,0.1773049645390071,0,0,0,0,1,0,0.2,0,-0.3875847911460193,-0.3529411764705882,-0.37026298380830375
2023-wimbledon-1407,01:35:00,0,0.0,0.6,1.0,0.0,1.0,0.52,0,1,0,0,0.8794326241134752,0.4698581560283688,0,0,0,0,0,0,0.0,0,-0.05479548120569185,-0.08823529411764705,-0.07151538766166946
2023-wimbledon-1407,01:35:23,0,0.0,0.6,0.75,0.0,1.0,0.47000000000000003,0,1,0,0,0.8085106382978723,0.4521276595744681,0,0,0,0,0,0,0.0,0,-0.008523741520885399,-0.029411764705882353,-0.018967753113383876
2023-wimbledon-1407,01:35:49,0,0.0,0.6,0.6,0.0,1.0,0.44000000000000006,0,1,0,0,0.9078014184397163,0.4769503546099291,0,0,0,0,0,0,0.0,0,-0.1438325598000714,-0.14705882352941177,-0.14544569166474158
2023-wimbledon-1407,01:36:21,0,0.0,0.6,0.5,-0.5,1.0,0.32,0,1,0,0,0.9078014184397163,0.4769503546099291,0,-1,0,0,0,0,-0.2,0,-0.12294716172795431,-0.08823529411764705,-0.10559122792280068
2023-wimbledon-1407,01:36:52,0,0.0,0.6,0.42857142857142855,-1.0,1.0,0.20571428571428568,0,1,0,0,0.8581560283687943,0.4645390070921986,0,-2,0,0,0,0,-0.4,0,-0.07592951496914367,-0.08823529411764705,-0.08208240454339535
2023-wimbledon-1407,01:37:22,0,0.0,0.5,0.0,0.0,1.0,0.375,0,0,0,0,0.7730496453900709,0.19326241134751773,0,0,1,0,1,0,0.4,0,-0.05064517774264293,-0.029411764705882353,-0.040028471224262646
2023-wimbledon-1407,01:37:53,0,0.0,0.5,1.0,0.0,1.0,0.5,0,1,0,0,0.900709219858156,0.475177304964539,0,0,0,0,0,0,0.0,0,-0.11838246544601418,-0.1764705882352941,-0.14742652684065413
2023-wimbledon-1407,01:38:17,0,0.0,0.5,0.5,0.0,1.0,0.4,0,1,0,0,0.9219858156028369,0.4804964539007092,0,0,0,0,1,0,0.2,0,-0.0223070842046208,-0.029411764705882353,-0.02585942445525158
2023-wimbledon-1407,01:38:33,0,0.0,0.5,0.6666666666666666,0.0,1.0,0.4333333333333333,0,1,1,0,0.8794326241134752,0.7198581560283688,0,0,0,0,1,1,0.4,0,-0.004551945733666548,-0.029411764705882353,-0.01698185521977445
2023-wimbledon-1407,01:38:48,0,0.0,0.5,0.75,0.0,1.0,0.45,0,1,2,0,0.8581560283687943,0.9645390070921986,0,0,0,0,1,1,0.4,0,-0.042261692252766866,-0.029411764705882353,-0.035836728479324606
2023-wimbledon-1407,01:40:12,0,0.0,0.5714285714285714,0.0,-0.5,0.0,0.023809523809523798,0,1,0,0,0.7659574468085106,0.44148936170212766,0,-1,0,0,0,0,-0.2,0,-0.08910720660988423,-0.08823529411764705,-0.08867125036376564
2023-wimbledon-1407,01:40:32,0,0.0,0.5714285714285714,0.0,-0.5,0.0,0.01785714285714285,0,0,0,0,0.7092198581560284,0.1773049645390071,0,-1,0,0,0,0,-0.2,0,-0.028631356148314375,-0.029411764705882353,-0.029021560427098365
2023-wimbledon-1407,01:41:01,0,0.0,0.5714285714285714,0.0,-0.5,0.0,0.01785714285714285,0,1,0,0,0.9148936170212766,0.4787234042553191,0,-1,0,0,1,0,0.0,0,-0.06688937624317846,-0.058823529411764705,-0.06285645282747158
2023-wimbledon-1407,01:41:21,0,0.0,0.5714285714285714,0.3333333333333333,-0.5,0.0,0.10119047619047616,0,1,0,0,0.9148936170212766,0.4787234042553191,0,-1,0,0,0,0,-0.2,0,-0.015058397511092978,-0.029411764705882353,-0.022235081108487667
2023-wimbledon-1407,01:41:36,0,0.0,0.5714285714285714,0.25,-0.5,0.0,0.08035714285714285,0,1,0,0,0.8936170212765957,0.4734042553191489,0,-1,0,0,0,0,-0.2,0,-0.03714872239506299,-0.029411764705882353,-0.03328024355047267
2023-wimbledon-1407,01:42:10,0,0.0,0.5,0.0,0.0,0.0,0.16666666666666666,0,0,0,0,0.8085106382978723,0.20212765957446807,0,0,0,0,0,0,0.0,0,-0.03792013056561432,-0.058823529411764705,-0.04837182998868951
2023-wimbledon-1407,01:42:35,0,0.0,0.5,0.0,0.0,0.0,0.125,0,0,0,0,0.7375886524822695,0.18439716312056736,0,0,0,0,1,0,0.2,0,-0.0829168154230632,-0.08823529411764705,-0.08557605477035513
2023-wimbledon-1407,01:43:04,0,0.0,0.5,0.5,0.0,0.0,0.25,0,0,0,0,0.8226950354609929,0.20567375886524822,0,0,0,0,1,0,0.2,0,-0.1116438006834294,-0.14705882352941177,-0.1293513121064206
2023-wimbledon-1407,01:43:38,0,0.0,0.5,0.6666666666666666,0.0,0.0,0.29166666666666663,0,1,0,0,0.8297872340425532,0.4574468085106383,0,0,0,0,0,0,0.0,0,-0.07661166930177997,-0.058823529411764705,-0.06771759935677234
2023-wimbledon-1407,01:44:12,0,0.0,0.5,0.5,-0.5,0.0,0.125,0,0,0,-1,0.0,-0.3333333333333333,0,-1,0,0,0,0,-0.2,0,-0.006859794971183762,-0.0,-0.003429897485591881
2023-wimbledon-1407,01:44:38,0,0.0,0.5,0.4,-0.5,0.0,0.1,0,0,0,-1,0.6879432624113475,-0.07801418439716312,0,-1,0,0,1,0,0.0,0,-0.03532539399194166,-0.029411764705882353,-0.032368579348912005
2023-wimbledon-1407,01:45:06,0,0.0,0.5,0.5,-0.5,0.0,0.125,0,1,1,-1,0.851063829787234,0.4627659574468085,0,-1,0,0,1,1,0.2,0,-0.029676901106747592,-0.029411764705882353,-0.029544332906314974
2023-wimbledon-1407,01:45:21,0,0.0,0.5,0.5714285714285714,-0.5,0.0,0.11428571428571428,0,1,1,-1,0.9574468085106383,0.4893617021276596,0,-1,0,0,0,0,-0.2,0,-0.11147166828173612,-0.1764705882352941,-0.1439711282585151
2023-wimbledon-1407,01:45:48,0,0.0,0.5,0.5,-0.5,0.3333333333333333,0.16666666666666666,0,1,1,-1,0.9432624113475178,0.4858156028368794,0,-1,1,0,1,0,0.2,0,-0.2222229305860152,-0.14705882352941177,-0.18464087705771348
2023-wimbledon-1407,01:46:19,0,0.0,0.5,0.5714285714285714,-0.5,0.3333333333333333,0.18095238095238092,0,1,2,-1,0.9574468085106383,0.7393617021276596,0,-1,0,0,1,1,0.2,0,-0.004749579231906972,-0.029411764705882353,-0.01708067196889466
2023-wimbledon-1407,01:47:48,0,0.0,0.5555555555555556,0.0,0.0,0.0,0.1851851851851852,0,1,0,0,0.8936170212765957,0.4734042553191489,0,0,0,0,0,0,0.0,0,-0.058187127046463005,-0.029411764705882353,-0.04379944587617268
2023-wimbledon-1407,01:48:03,0,0.0,0.5555555555555556,0.0,0.0,0.0,0.11111111111111112,0,1,0,0,0.8652482269503546,0.4663120567375887,0,0,0,0,0,0,0.0,0,-0.08714999744989035,-0.08823529411764705,-0.0876926457837687
2023-wimbledon-1407,01:48:23,0,0.0,0.5555555555555556,0.0,0.0,0.0,0.11111111111111112,0,0,0,0,0.723404255319149,0.18085106382978725,0,0,0,0,0,0,0.0,0,-0.121423471209262,-0.14705882352941177,-0.1342411473693369
2023-wimbledon-1407,01:48:59,0,0.0,0.5555555555555556,0.0,0.0,0.0,0.11111111111111112,0,1,0,0,0.8723404255319149,0.46808510638297873,0,0,0,0,1,1,0.4,0,-0.02624062834701892,-0.058823529411764705,-0.04253207887939181
2023-wimbledon-1407,01:49:18,0,0.0,0.5555555555555556,0.25,0.0,0.0,0.16111111111111112,0,1,0,0,0.8014184397163121,0.45035460992907805,0,0,0,0,0,0,0.0,0,-0.02748380680369256,-0.029411764705882353,-0.028447785754787458
2023-wimbledon-1407,01:49:48,0,0.0,0.5,0.0,0.0,0.0,0.16666666666666666,0,1,0,0,0.9361702127659575,0.48404255319148937,0,0,0,0,1,0,0.2,0,-0.028752486356913347,-0.029411764705882353,-0.02908212553139785
2023-wimbledon-1407,01:50:05,0,0.0,0.5,1.0,0.0,1.0,0.5,0,1,0,0,0.9219858156028369,0.4804964539007092,0,0,1,0,1,1,0.6,0,-0.0845935125210384,-0.08823529411764705,-0.08641440331934272
2023-wimbledon-1407,01:50:26,0,0.0,0.5,1.0,0.0,1.0,0.5,0,0,0,0,0.8226950354609929,0.20567375886524822,0,0,0,0,0,0,0.0,0,-0.08101060845616362,-0.11764705882352941,-0.09932883363984651
2023-wimbledon-1407,01:51:00,0,0.0,0.5,0.6666666666666666,0.0,1.0,0.4333333333333333,0,1,0,0,0.8723404255319149,0.46808510638297873,0,0,0,0,1,0,0.2,0,-0.030658693323812925,-0.029411764705882353,-0.03003522901484764
2023-wimbledon-1407,01:51:16,0,0.0,0.5,0.75,0.0,1.0,0.45,0,1,0,0,0.8936170212765957,0.4734042553191489,0,0,0,0,1,0,0.2,0,-0.07711531595858623,-0.08823529411764705,-0.08267530503811664
2023-wimbledon-1407,01:52:46,0,0.0,0.5454545454545454,0.0,0.0,0.0,0.1818181818181818,0,0,0,0,0.6666666666666666,0.16666666666666666,0,0,0,0,1,0,0.2,0,-0.03887004641199572,-0.058823529411764705,-0.04884678791188021
2023-wimbledon-1407,01:53:12,0,0.0,0.5454545454545454,1.0,0.0,0.0,0.38636363636363635,0,1,0,0,0.8794326241134752,0.4698581560283688,0,0,0,0,0,0,0.0,0,-0.070599785790789,-0.029411764705882353,-0.050005775248335674
2023-wimbledon-1407,01:53:31,0,0.0,0.5454545454545454,0.5,0.0,0.0,0.26136363636363635,0,1,0,0,0.9148936170212766,0.4787234042553191,0,0,0,0,0,0,0.0,0,-0.06707425919314532,-0.08823529411764705,-0.07765477665539619
2023-wimbledon-1407,01:53:52,0,0.0,0.5454545454545454,0.3333333333333333,0.0,0.0,0.21969696969696967,0,1,0,0,0.8794326241134752,0.4698581560283688,0,0,0,0,0,0,0.0,0,-0.005278726985260366,-0.029411764705882353,-0.017345245845571358
2023-wimbledon-1407,01:54:09,0,0.0,0.5454545454545454,0.25,0.0,0.0,0.19886363636363635,0,1,0,0,0.8156028368794326,0.45390070921985815,0,0,0,0,0,0,0.0,0,-0.022052073239149286,-0.029411764705882353,-0.025731918972515817
2023-wimbledon-1407,01:54:39,0,0.0,0.5,0.0,0.0,0.0,0.16666666666666666,0,1,1,0,0.8581560283687943,0.7145390070921986,0,0,0,0,1,1,0.4,0,-0.03405033916458408,-0.029411764705882353,-0.03173105193523322
2023-wimbledon-1407,01:55:04,0,0.0,0.5,1.0,0.0,0.0,0.375,0,1,1,0,0.8794326241134752,0.7198581560283688,0,0,0,0,0,0,0.0,0,-0.12387157647778854,-0.029411764705882353,-0.07664167059183545
2023-wimbledon-1407,01:55:35,0,0.0,0.5,0.5,0.0,0.0,0.25,0,1,1,0,0.9361702127659575,0.7340425531914894,0,0,0,0,1,0,0.2,0,-0.061240883357984395,-0.058823529411764705,-0.060032206384874554
2023-wimbledon-1407,01:56:05,0,0.0,0.5,0.6666666666666666,0.0,0.0,0.29166666666666663,0,0,1,0,0.8085106382978723,0.4521276595744681,0,0,0,0,0,0,0.0,0,-0.05354592747488142,-0.058823529411764705,-0.05618472844332306
2023-wimbledon-1407,01:56:35,0,0.0,0.5,0.5,0.0,0.0,0.25,0,1,2,0,0.9432624113475178,0.9858156028368794,0,0,0,0,1,1,0.4,0,-0.006439026878155761,-0.029411764705882353,-0.017925395792019058
2023-wimbledon-1407,01:57:08,0,0.0,0.5,0.6,0.0,0.0,0.275,0,1,2,0,0.9078014184397163,0.9769503546099291,0,0,0,0,0,0,0.0,0,-0.23754271433671648,-0.20588235294117646,-0.22171253363894647
2023-wimbledon-1407,01:58:08,0,0.0,0.5,0.5,0.0,0.0,0.25,0,1,2,0,0.8581560283687943,0.9645390070921986,0,0,0,0,1,0,0.2,0,-0.06433289131432651,-0.058823529411764705,-0.06157821036304561
2023-wimbledon-1407,01:58:47,0,0.0,0.5,0.5714285714285714,0.0,0.0,0.26785714285714285,0,1,3,0,0.9361702127659575,1.2340425531914894,0,0,0,0,1,1,0.4,0,-0.0035637782424644262,-0.029411764705882353,-0.01648777147417339
2023-wimbledon-1407,01:59:17,0,0.0,0.5,0.625,0.0,0.0,0.28125,0,1,3,0,0.900709219858156,1.225177304964539,0,0,0,0,1,0,0.2,0,-0.02661039424695262,-0.029411764705882353,-0.028011079476417487
2023-wimbledon-1407,01:59:59,0,0.0,0.5,0.6666666666666666,-0.5,0.0,0.16666666666666663,0,1,3,0,0.8794326241134752,1.2198581560283688,0,-1,0,0,0,0,-0.2,0,-0.08361809557810986,-0.08823529411764705,-0.08592669484787846
2023-wimbledon-1407,02:00:22,0,0.0,0.5,0.6,-0.5,0.0,0.12000000000000002,0,0,3,0,0.6737588652482269,0.9184397163120568,0,-1,0,0,0,0,-0.2,0,-0.05051767225990718,-0.08823529411764705,-0.06937648318877712
2023-wimbledon-1407,02:01:13,0,0.0,0.5,0.5454545454545454,-0.5,0.0,0.10909090909090909,0,1,3,0,0.9645390070921985,1.2411347517730498,0,-1,0,0,0,0,-0.2,0,-0.034152343550772686,-0.058823529411764705,-0.0464879364812687
2023-wimbledon-1407,02:02:02,0,0.0,0.5,0.5,-0.5,0.0,0.1,0,1,4,0,0.9787234042553191,1.4946808510638299,0,-1,0,0,1,1,0.2,0,-0.0055082368541847304,-0.029411764705882353,-0.01746000078003354
2023-wimbledon-1407,02:02:41,0,0.0,0.5,0.5384615384615384,-0.5,0.0,0.10769230769230767,0,1,4,0,0.900709219858156,1.475177304964539,0,-1,0,0,1,1,0.2,0,-0.09683403886367115,-0.11764705882352941,-0.10724054884360028
2023-wimbledon-1407,02:05:08,0,0.3333333333333333,0.0,0.0,0.0,0.0,0.16666666666666666,0,1,0,0,0.7801418439716312,0.4450354609929078,0,0,0,0,0,0,0.0,0,-0.08943234559086041,-0.08823529411764705,-0.08883381985425373
2023-wimbledon-1407,02:05:35,0,0.3333333333333333,0.0,0.0,0.0,0.0,0.1111111111111111,0,1,0,0,0.8865248226950354,0.4716312056737588,0,0,0,0,0,0,0.0,0,-0.07173458458713726,-0.08823529411764705,-0.07998493935239215
2023-wimbledon-1407,02:05:54,0,0.3333333333333333,0.0,0.0,0.0,0.0,0.1111111111111111,0,1,0,0,0.900709219858156,0.475177304964539,0,0,0,0,0,0,0.0,0,-0.020298872851532618,-0.029411764705882353,-0.024855318778707485
2023-wimbledon-1407,02:06:09,0,0.3333333333333333,0.0,0.0,0.0,0.0,0.1111111111111111,0,1,0,0,0.9078014184397163,0.4769503546099291,0,0,0,0,0,0,0.0,0,-0.008058346508899883,-0.029411764705882353,-0.018735055607391117
2023-wimbledon-1407,02:06:42,0,0.3333333333333333,0.0,0.0,-0.5,0.0,-0.05555555555555556,0,0,0,0,0.8156028368794326,0.20390070921985815,0,-1,0,0,0,0,-0.2,0,-0.08656347222930585,-0.11764705882352941,-0.10210526552641763
2023-wimbledon-1407,02:07:13,0,0.3333333333333333,0.0,0.0,-0.5,0.0,-0.04166666666666667,0,1,1,0,0.9432624113475178,0.7358156028368794,0,-1,0,0,1,1,0.2,0,-0.002977253021879941,-0.029411764705882353,-0.016194508863881147
2023-wimbledon-1407,02:07:31,0,0.3333333333333333,0.0,0.5,-0.5,0.0,0.08333333333333331,0,1,1,0,0.8936170212765957,0.7234042553191489,0,-1,0,0,0,0,-0.2,0,-0.05488473504360688,-0.058823529411764705,-0.05685413222768579
2023-wimbledon-1407,02:07:52,0,0.3333333333333333,0.0,0.3333333333333333,-0.5,0.0,0.04166666666666666,0,0,1,0,0.7943262411347518,0.44858156028368795,0,-1,0,0,1,0,0.0,0,-0.1348434232672005,-0.14705882352941177,-0.14095112339830612
2023-wimbledon-1407,02:08:29,0,0.3333333333333333,0.0,0.5,-0.5,0.0,0.08333333333333331,0,0,1,0,0.9361702127659575,0.48404255319148937,0,-1,0,0,1,0,0.0,0,-0.0873858825929515,-0.08823529411764705,-0.08781058835529928
2023-wimbledon-1407,02:09:04,0,0.3333333333333333,0.0,0.6,-0.5,0.0,0.10833333333333334,0,1,2,0,0.9645390070921985,0.9911347517730497,0,-1,0,0,1,1,0.2,0,-0.0064900290712500645,-0.029411764705882353,-0.017950896888566208
2023-wimbledon-1407,02:09:36,0,0.3333333333333333,0.5,0.0,0.0,0.0,0.27777777777777773,0,0,0,0,0.6950354609929078,0.17375886524822695,0,0,0,0,0,0,0.0,0,-0.0279364512674045,-0.029411764705882353,-0.028674107986643424
2023-wimbledon-1407,02:10:06,0,0.3333333333333333,0.5,0.0,0.0,0.0,0.20833333333333331,0,1,0,0,0.8652482269503546,0.4663120567375887,0,0,0,0,0,0,0.0,0,-0.022740602845922376,-0.029411764705882353,-0.026076183775902366
2023-wimbledon-1407,02:10:26,0,0.3333333333333333,0.5,0.0,0.0,0.0,0.20833333333333331,0,0,0,0,0.7163120567375887,0.17907801418439717,0,0,0,0,1,1,0.4,0,-0.12414571326567042,-0.1764705882352941,-0.15030815075048226
2023-wimbledon-1407,02:11:03,0,0.3333333333333333,0.5,0.3333333333333333,0.0,0.0,0.29166666666666663,0,1,0,0,0.8936170212765957,0.4734042553191489,0,0,0,0,1,0,0.2,0,-0.07368541847299434,-0.11764705882352941,-0.09566623864826188
2023-wimbledon-1407,02:11:29,0,0.3333333333333333,0.5,0.5,0.0,0.0,0.3333333333333333,0,1,0,0,0.8156028368794326,0.45390070921985815,0,0,0,0,0,0,0.0,0,-0.0528765236905187,-0.029411764705882353,-0.041144144198200526
2023-wimbledon-1407,02:11:47,0,0.3333333333333333,0.5,0.4,-0.5,0.0,0.18333333333333335,0,0,0,0,0.6595744680851063,0.16489361702127658,0,-1,0,0,0,0,-0.2,0,-0.12098995256796044,-0.08823529411764705,-0.10461262334280375
2023-wimbledon-1407,02:13:25,0,0.3333333333333333,0.3333333333333333,0.0,0.0,0.0,0.2222222222222222,0,1,0,0,0.900709219858156,0.475177304964539,0,0,0,0,1,0,0.2,0,-0.09670653338093539,-0.08823529411764705,-0.09247091374929123
2023-wimbledon-1407,02:13:51,0,0.3333333333333333,0.3333333333333333,1.0,0.0,0.0,0.41666666666666663,0,0,0,0,0.8368794326241135,0.20921985815602837,0,0,0,0,1,0,0.2,0,-0.16065053297291784,-0.20588235294117646,-0.18326644295704714
2023-wimbledon-1407,02:14:28,0,0.3333333333333333,0.3333333333333333,1.0,0.0,0.0,0.41666666666666663,0,1,0,0,0.9290780141843972,0.4822695035460993,0,0,0,0,1,0,0.2,0,-0.022530218799408374,-0.029411764705882353,-0.02597099175264536
2023-wimbledon-1407,02:14:47,0,0.3333333333333333,0.3333333333333333,1.0,0.0,0.0,0.41666666666666663,0,0,0,0,0.7092198581560284,0.1773049645390071,0,0,0,0,1,0,0.2,0,-0.0891709593512521,-0.08823529411764705,-0.08870312673444958
2023-wimbledon-1407,02:15:52,0,0.3333333333333333,0.5,0.0,0.0,0.0,0.27777777777777773,0,0,0,0,0.6808510638297872,0.1702127659574468,0,0,0,0,0,0,0.0,0,-0.037799000357015354,-0.029411764705882353,-0.03360538253144885
2023-wimbledon-1407,02:16:36,0,0.3333333333333333,0.5,0.0,0.0,0.0,0.20833333333333331,0,1,0,0,0.9078014184397163,0.4769503546099291,0,0,0,0,0,0,0.0,0,-0.03206125363390626,-0.029411764705882353,-0.030736509169894306
2023-wimbledon-1407,02:16:53,0,0.3333333333333333,0.5,0.0,0.0,0.0,0.20833333333333331,0,1,0,0,0.950354609929078,0.4875886524822695,0,0,0,0,0,0,0.0,0,-0.007847962462385883,-0.029411764705882353,-0.01862986358413412
2023-wimbledon-1407,02:17:05,0,0.3333333333333333,0.5,0.0,-0.5,0.0,0.08333333333333331,0,0,0,0,0.624113475177305,0.15602836879432624,0,-1,0,0,0,0,-0.2,0,-0.04675626051920233,-0.029411764705882353,-0.03808401261254234
2023-wimbledon-1407,02:18:43,0,0.3333333333333333,0.4,0.0,0.0,0.0,0.24444444444444446,0,1,1,0,0.9290780141843972,0.7322695035460993,0,0,0,0,1,1,0.4,0,-0.006528280716070791,-0.029411764705882353,-0.01797002271097657
2023-wimbledon-1407,02:19:02,0,0.3333333333333333,0.4,1.0,0.0,0.0,0.43333333333333335,0,1,1,0,0.9148936170212766,0.7287234042553191,0,0,0,0,1,0,0.2,0,-0.012482786759830673,-0.029411764705882353,-0.020947275732856513
2023-wimbledon-1407,02:19:26,0,0.3333333333333333,0.4,1.0,0.0,1.0,0.5466666666666666,0,0,1,0,0.8226950354609929,0.4556737588652482,0,0,1,0,1,0,0.4,0,-0.028121334217371344,-0.029411764705882353,-0.02876654946162685
2023-wimbledon-1407,02:19:55,0,0.3333333333333333,0.4,1.0,0.0,1.0,0.5466666666666666,0,1,1,0,0.9219858156028369,0.7304964539007093,0,0,1,0,1,0,0.4,0,-0.07552787269852604,-0.08823529411764705,-0.08188158340808654
2023-wimbledon-1407,02:20:35,0,0.3333333333333333,0.5,0.0,0.0,0.0,0.27777777777777773,0,1,0,0,0.7801418439716312,0.4450354609929078,0,0,0,0,1,1,0.4,0,-0.12690620696689958,-0.11764705882352941,-0.1222766328952145
2023-wimbledon-1407,02:20:59,0,0.3333333333333333,0.5,1.0,0.0,0.0,0.36666666666666664,0,1,0,0,0.8936170212765957,0.4734042553191489,0,0,0,0,0,0,0.0,0,-0.30811699903095835,-0.2647058823529412,-0.2864114406919498
2023-wimbledon-1407,02:21:36,0,0.3333333333333333,0.5,0.5,-0.5,0.0,0.16666666666666666,0,0,0,0,0.6737588652482269,0.16843971631205673,0,-1,0,0,0,0,-0.2,0,-0.1643481919722548,-0.20588235294117646,-0.18511527245671563
2023-wimbledon-1407,02:22:12,0,0.3333333333333333,0.5,0.3333333333333333,-0.5,0.0,0.1333333333333333,0,1,0,0,0.900709219858156,0.475177304964539,0,-1,0,0,0,0,-0.2,0,-0.2656257969092671,-0.2647058823529412,-0.2651658396311041
2023-wimbledon-1407,02:22:59,0,0.3333333333333333,0.5,0.25,-0.5,0.0,0.11666666666666665,0,1,0,0,0.9219858156028369,0.4804964539007092,0,-1,0,0,0,0,-0.2,0,-0.03728260315193553,-0.029411764705882353,-0.03334718392890894
2023-wimbledon-1407,02:24:32,0,0.3333333333333333,0.42857142857142855,0.0,0.0,1.0,0.44047619047619047,0,0,0,0,0.851063829787234,0.2127659574468085,0,0,1,0,1,1,0.6,0,-0.09488958025195084,-0.14705882352941177,-0.12097420189068131
2023-wimbledon-1407,02:25:09,0,0.3333333333333333,0.42857142857142855,1.0,0.0,1.0,0.5523809523809524,0,1,0,0,0.9078014184397163,0.4769503546099291,0,0,1,0,1,0,0.4,0,-0.03763961850359566,-0.029411764705882353,-0.033525691604739005
2023-wimbledon-1407,02:25:29,0,0.3333333333333333,0.42857142857142855,1.0,0.0,1.0,0.5523809523809524,0,1,1,0,0.9290780141843972,0.7322695035460993,0,0,0,0,1,1,0.4,0,-0.005775998367929821,-0.029411764705882353,-0.017593881536906088
2023-wimbledon-1407,02:25:46,0,0.3333333333333333,0.42857142857142855,1.0,0.0,1.0,0.5523809523809524,0,1,1,0,0.9432624113475178,0.7358156028368794,0,0,1,0,1,1,0.6,0,-0.07304151578517877,-0.08823529411764705,-0.08063840495141292
2023-wimbledon-1407,02:26:15,0,0.3333333333333333,0.5,0.0,0.0,0.0,0.27777777777777773,0,1,0,0,0.7943262411347518,0.44858156028368795,0,0,0,0,1,1,0.4,0,-0.1785140511041975,-0.1764705882352941,-0.1774923196697458
2023-wimbledon-1407,02:26:45,0,0.3333333333333333,0.5,1.0,0.0,0.0,0.4583333333333333,0,1,0,0,0.8581560283687943,0.4645390070921986,0,0,0,0,0,0,0.0,0,-0.004602947926760851,-0.029411764705882353,-0.017007356316321602
2023-wimbledon-1407,02:27:05,0,0.3333333333333333,0.5,0.5,0.0,0.0,0.3333333333333333,0,1,0,0,0.8156028368794326,0.45390070921985815,0,0,0,0,0,0,0.0,0,-0.023091242923445707,-0.029411764705882353,-0.02625150381466403
2023-wimbledon-1407,02:27:21,0,0.3333333333333333,0.5,0.3333333333333333,-0.5,0.0,0.16666666666666663,0,0,0,0,0.6595744680851063,0.16489361702127658,0,-1,0,0,0,0,-0.2,0,-0.023728770337124498,-0.029411764705882353,-0.026570267521503425
2023-wimbledon-1407,02:27:45,0,0.3333333333333333,0.5,0.25,-0.5,0.0,0.11666666666666665,0,0,0,0,0.7375886524822695,0.18439716312056736,0,-1,0,0,0,0,-0.2,0,-0.13781430101494366,-0.14705882352941177,-0.1424365622721777
2023-wimbledon-1407,02:29:31,0,0.3333333333333333,0.4444444444444444,0.0,0.0,0.0,0.25925925925925924,0,1,0,0,0.9361702127659575,0.48404255319148937,0,0,0,0,1,0,0.2,0,-0.020777018411791706,-0.029411764705882353,-0.02509439155883703
2023-wimbledon-1407,02:29:47,0,0.3333333333333333,0.4444444444444444,1.0,-0.5,0.0,0.3194444444444444,0,1,0,0,0.9716312056737588,0.4929078014184397,0,-1,0,0,0,0,-0.2,0,-0.27477431529555774,-0.23529411764705882,-0.2550342164713083
2023-wimbledon-1407,02:30:27,0,0.3333333333333333,0.4444444444444444,0.5,-1.0,0.0,0.06944444444444442,0,1,0,0,0.950354609929078,0.4875886524822695,0,-2,0,0,0,0,-0.4,0,-0.1283215178252665,-0.1764705882352941,-0.1523960530302803
2023-wimbledon-1407,02:31:00,0,0.3333333333333333,0.4444444444444444,0.3333333333333333,-1.5,0.0,-0.09722222222222227,0,0,0,0,0.7801418439716312,0.1950354609929078,0,-3,0,0,0,0,-0.6,0,-0.036409190595195595,-0.058823529411764705,-0.04761636000348015
2023-wimbledon-1407,02:31:49,0,0.3333333333333333,0.4444444444444444,0.25,-1.5,0.0,-0.11805555555555558,0,0,0,0,0.9574468085106383,0.2393617021276596,0,-3,0,0,1,1,-0.2,0,-0.053571428571428575,-0.08823529411764705,-0.07090336134453781
2023-wimbledon-1407,02:32:21,0,0.3333333333333333,0.4444444444444444,0.4,-1.5,0.0,-0.0805555555555556,0,1,0,0,0.8936170212765957,0.4734042553191489,0,-3,0,0,1,0,-0.4,0,-0.020834395879022798,-0.029411764705882353,-0.025123080292452575
2023-wimbledon-1407,02:32:39,0,0.3333333333333333,0.4444444444444444,0.5,-1.5,0.0,-0.05555555555555558,0,1,1,0,0.8581560283687943,0.7145390070921986,0,-3,0,0,1,1,-0.2,0,-0.04054674350997093,-0.029411764705882353,-0.03497925410792664
2023-wimbledon-1407,02:32:56,0,0.3333333333333333,0.4444444444444444,0.5714285714285714,-1.5,0.0,-0.03769841269841273,0,1,2,0,0.9645390070921985,0.9911347517730497,0,-3,0,0,1,1,-0.2,0,-0.00575049727138267,-0.029411764705882353,-0.01758113098863251
2023-wimbledon-1407,02:33:19,0,0.3333333333333333,0.5,0.0,0.0,0.0,0.27777777777777773,0,1,0,0,0.9290780141843972,0.4822695035460993,0,0,0,0,0,0,0.0,0,-0.002435354720252971,-0.029411764705882353,-0.01592355971306766
2023-wimbledon-1407,02:33:36,0,0.3333333333333333,0.5,0.0,0.0,0.0,0.20833333333333331,0,0,0,0,0.624113475177305,0.15602836879432624,0,0,0,0,0,0,0.0,0,-0.03174886520120366,-0.029411764705882353,-0.030580314953543006
2023-wimbledon-1407,02:34:02,0,0.3333333333333333,0.5,0.0,0.0,0.0,0.20833333333333331,0,1,0,0,0.9148936170212766,0.4787234042553191,0,0,0,0,0,0,0.0,0,-0.004736828683633397,-0.029411764705882353,-0.017074296694757875
2023-wimbledon-1407,02:34:17,0,0.3333333333333333,0.5,0.0,-0.5,0.0,0.08333333333333331,0,0,0,0,0.6879432624113475,0.17198581560283688,0,-1,0,0,0,0,-0.2,0,-0.10128398021114908,-0.08823529411764705,-0.09475963716439806
2023-wimbledon-1407,02:35:54,0,0.3333333333333333,0.45454545454545453,0.0,0.0,1.0,0.44696969696969696,0,1,0,0,0.8936170212765957,0.4734042553191489,0,0,1,0,1,1,0.6,0,-0.03872979038098639,-0.08823529411764705,-0.06348254224931672
2023-wimbledon-1407,02:36:14,0,0.3333333333333333,0.45454545454545453,1.0,0.0,1.0,0.5575757575757576,0,1,0,0,0.9290780141843972,0.4822695035460993,0,0,0,0,1,0,0.2,0,-0.01878793288111389,-0.029411764705882353,-0.02409984879349812
2023-wimbledon-1407,02:36:30,0,0.3333333333333333,0.45454545454545453,1.0,0.0,1.0,0.5575757575757576,0,1,1,0,0.8865248226950354,0.7216312056737588,0,0,0,0,1,1,0.4,0,-0.004430815525067577,-0.029411764705882353,-0.016921290115474965
2023-wimbledon-1407,02:36:46,0,0.3333333333333333,0.45454545454545453,1.0,0.0,1.0,0.5575757575757576,0,1,1,0,0.8936170212765957,0.7234042553191489,0,0,0,0,1,0,0.2,0,-0.056293670627837,-0.029411764705882353,-0.04285271766685968
2023-wimbledon-1407,02:37:15,0,0.3333333333333333,0.5,0.0,0.0,0.0,0.20833333333333331,0,1,0,0,0.8085106382978723,0.4521276595744681,0,0,0,0,0,0,0.0,0,-0.164883714999745,-0.20588235294117646,-0.18538303397046074
2023-wimbledon-1407,02:37:48,0,0.3333333333333333,0.5,0.0,0.0,0.0,0.16666666666666666,0,1,0,0,0.9148936170212766,0.4787234042553191,0,0,0,0,1,1,0.4,0,-0.03773524761564747,-0.08823529411764705,-0.06298527086664726
2023-wimbledon-1407,02:38:08,0,0.3333333333333333,0.5,0.5,0.0,0.0,0.26666666666666666,0,1,1,0,0.9432624113475178,0.7358156028368794,0,0,0,0,1,1,0.4,0,-0.026750650277961953,-0.029411764705882353,-0.028081207491922153
2023-wimbledon-1407,02:38:26,0,0.3333333333333333,0.5,0.6666666666666666,0.0,0.0,0.3,0,1,1,0,0.9078014184397163,0.7269503546099291,0,0,0,0,0,0,0.0,0,-0.0939651655021166,-0.14705882352941177,-0.12051199451576419
2023-wimbledon-1407,02:38:51,0,0.3333333333333333,0.5,0.5,0.0,0.0,0.26666666666666666,0,1,1,0,0.7943262411347518,0.698581560283688,0,0,0,0,0,0,0.0,0,-0.39434895700515127,-0.38235294117647056,-0.3883509490908109
2023-wimbledon-1407,02:39:44,0,0.3333333333333333,0.5,0.4,-0.5,0.0,0.14666666666666667,0,0,1,-1,0.0,0.0,0,-1,0,0,0,0,-0.2,0,-0.07274187790074974,-0.0,-0.03637093895037487
2023-wimbledon-1407,02:40:28,0,0.3333333333333333,0.5,0.3333333333333333,-0.5,0.5,0.2333333333333333,0,1,1,-1,0.9574468085106383,0.4893617021276596,0,-1,1,0,1,0,0.2,0,-0.09355714795736217,-0.08823529411764705,-0.09089622103750461
2023-wimbledon-1407,02:40:57,0,0.3333333333333333,0.5,0.42857142857142855,-0.5,0.5,0.2523809523809524,0,0,1,-1,0.6737588652482269,0.16843971631205673,0,-1,0,0,0,0,-0.2,0,-0.020547508542867344,-0.029411764705882353,-0.02497963662437485
2023-wimbledon-1407,02:41:26,0,0.3333333333333333,0.5,0.375,-0.5,0.5,0.24166666666666664,0,1,1,-1,0.9361702127659575,0.48404255319148937,0,-1,0,0,1,0,0.0,0,-0.07292676085071659,-0.058823529411764705,-0.06587514513124065
2023-wimbledon-1407,02:41:55,0,0.3333333333333333,0.5,0.4444444444444444,-0.5,0.5,0.25555555555555554,0,1,1,-1,0.9716312056737588,0.4929078014184397,0,-1,1,0,1,1,0.4,0,-0.2549982149232417,-0.2647058823529412,-0.2598520486380914
2023-wimbledon-1407,02:42:42,0,0.3333333333333333,0.5,0.5,-0.5,0.5,0.26666666666666666,0,0,1,-1,0.8723404255319149,0.21808510638297873,0,-1,0,0,1,0,0.0,0,-0.09882312439434895,-0.08823529411764705,-0.093529209255998
2023-wimbledon-1407,02:43:35,0,0.3333333333333333,0.5,0.5454545454545454,-0.5,0.5,0.27575757575757576,0,1,1,-1,0.900709219858156,0.475177304964539,0,-1,0,0,1,0,0.0,0,-0.16517697761003722,-0.11764705882352941,-0.14141201821678331
2023-wimbledon-1407,02:47:57,0,0.5,0.0,0.0,0.0,0.0,0.25,0,0,0,0,0.7092198581560284,0.1773049645390071,0,0,0,0,1,0,0.2,0,-0.02223695618911613,-0.029411764705882353,-0.025824360447499244
2023-wimbledon-1407,02:48:26,0,0.5,0.0,1.0,-0.5,0.0,0.3333333333333333,0,0,0,0,0.624113475177305,0.15602836879432624,0,-1,0,0,0,0,-0.2,0,-0.06111337787524864,-0.058823529411764705,-0.05996845364350667
2023-wimbledon-1407,02:48:54,0,0.5,0.0,0.5,-0.5,0.0,0.16666666666666666,0,1,1,0,0.9361702127659575,0.7340425531914894,0,-1,0,0,1,1,0.2,0,-0.004947212730147397,-0.029411764705882353,-0.017179488718014876
2023-wimbledon-1407,02:49:11,0,0.5,0.0,0.6666666666666666,-0.5,0.0,0.22222222222222218,0,1,1,0,0.900709219858156,0.725177304964539,0,-1,0,0,1,0,0.0,0,-0.03702121691232724,-0.029411764705882353,-0.0332164908091048
2023-wimbledon-1407,02:49:45,0,0.5,0.0,0.75,-0.5,0.0,0.1875,0,1,1,0,0.9432624113475178,0.7358156028368794,0,-1,0,0,0,0,-0.2,0,-0.1312668944764625,-0.1764705882352941,-0.1538687413558783
2023-wimbledon-1407,02:50:09,0,0.5,0.0,0.6,-0.5,0.0,0.15000000000000002,0,0,1,0,0.8723404255319149,0.46808510638297873,0,-1,0,0,1,0,0.0,0,-0.12422221655531188,-0.08823529411764705,-0.10622875533647946
2023-wimbledon-1407,02:51:08,0,0.5,1.0,0.0,0.0,0.0,0.5,0,1,0,0,0.9148936170212766,0.4787234042553191,0,0,0,0,0,0,0.0,0,-0.04847758453613506,-0.029411764705882353,-0.0389446746210087
2023-wimbledon-1407,02:51:23,0,0.5,1.0,0.0,0.0,0.0,0.375,0,0,0,0,0.0,0.0,0,0,0,0,1,0,0.2,0,-0.010500076503289641,-0.0,-0.005250038251644821
2023-wimbledon-1407,02:51:58,0,0.5,1.0,0.5,0.0,0.0,0.5,0,0,0,0,0.6382978723404256,0.1595744680851064,0,0,0,0,0,0,0.0,0,-0.14253837915030348,-0.14705882352941177,-0.1447986013398576
2023-wimbledon-1407,02:52:37,0,0.5,1.0,0.3333333333333333,0.0,1.0,0.5666666666666667,0,0,0,0,0.6453900709219859,0.16134751773049646,0,0,1,0,1,0,0.4,0,-0.13034885500076504,-0.1764705882352941,-0.15340972161802957
2023-wimbledon-1407,02:53:22,0,0.5,1.0,0.5,0.0,0.5,0.5,0,1,0,0,0.7588652482269503,0.43971631205673756,0,0,0,0,0,0,0.0,0,-0.1853483449788341,-0.14705882352941177,-0.16620358425412293
2023-wimbledon-1407,02:53:49,0,0.5,1.0,0.4,0.0,0.5,0.48,0,1,0,0,0.8652482269503546,0.4663120567375887,0,0,0,0,0,0,0.0,0,-0.09061177130616617,-0.029411764705882353,-0.06001176800602426
2023-wimbledon-1407,02:54:19,0,0.5,0.5,0.0,0.0,0.0,0.3333333333333333,0,0,0,0,0.8085106382978723,0.20212765957446807,0,0,0,0,0,0,0.0,0,-0.10441423981231193,-0.11764705882352941,-0.11103064931792067
2023-wimbledon-1407,02:54:52,0,0.5,0.5,0.0,0.0,0.0,0.25,0,1,1,0,0.9290780141843972,0.7322695035460993,0,0,0,0,1,1,0.4,0,-0.004558321007803336,-0.029411764705882353,-0.016985042856842845
2023-wimbledon-1407,02:55:08,0,0.5,0.5,0.5,0.0,0.0,0.375,0,1,2,0,0.9432624113475178,0.9858156028368794,0,0,0,0,1,1,0.4,0,-0.004698577038812669,-0.029411764705882353,-0.01705517087234751
2023-wimbledon-1407,02:55:26,0,0.5,0.5,0.6666666666666666,0.0,0.0,0.41666666666666663,0,1,3,0,0.9290780141843972,1.2322695035460993,0,0,0,0,1,1,0.4,0,-0.006235018105778548,-0.029411764705882353,-0.01782339140583045
2023-wimbledon-1407,02:55:42,0,0.5,0.5,0.75,-0.5,0.0,0.3125,0,0,3,-1,0.0,0.6666666666666666,0,-1,0,0,0,0,-0.2,0,-0.01665221604528995,-0.0,-0.008326108022644975
2023-wimbledon-1407,02:56:20,0,0.5,0.5,0.6,-0.5,1.0,0.42000000000000004,0,1,3,-1,0.9361702127659575,0.9840425531914894,0,-1,1,0,1,0,0.2,0,-0.06961799357372367,-0.08823529411764705,-0.07892664384568536
2023-wimbledon-1407,02:57:58,0,0.5,0.6666666666666666,0.0,-0.5,0.0,0.22222222222222218,0,1,0,0,0.8794326241134752,0.4698581560283688,0,-1,0,0,0,0,-0.2,0,-0.06109425205283828,-0.08823529411764705,-0.07466477308524266
2023-wimbledon-1407,02:58:23,0,0.5,0.6666666666666666,0.0,-0.5,0.0,0.16666666666666663,0,1,0,0,0.8723404255319149,0.46808510638297873,0,-1,0,0,0,0,-0.2,0,-0.07704518794308156,-0.08823529411764705,-0.0826402410303643
2023-wimbledon-1407,02:58:43,0,0.5,0.6666666666666666,0.0,-0.5,0.0,0.16666666666666663,0,1,0,0,0.8936170212765957,0.4734042553191489,0,-1,0,0,0,0,-0.2,0,-0.005457234661090427,-0.029411764705882353,-0.01743449968348639
2023-wimbledon-1407,02:58:59,0,0.5,0.6666666666666666,0.0,-0.5,0.0,0.1333333333333333,0,1,0,0,0.8936170212765957,0.4734042553191489,0,-1,0,0,0,0,-0.2,0,-0.2256400775233335,-0.20588235294117646,-0.215761215232255
2023-wimbledon-1407,03:00:23,0,0.5,0.5,0.0,0.0,0.0,0.3333333333333333,0,1,0,0,0.8865248226950354,0.4716312056737588,0,0,0,0,1,0,0.2,0,-0.02351201101647371,-0.029411764705882353,-0.02646188786117803
2023-wimbledon-1407,03:00:39,0,0.5,0.5,1.0,0.0,0.0,0.5,0,1,0,0,0.8936170212765957,0.4734042553191489,0,0,0,0,1,1,0.4,0,-0.10335594430560514,-0.14705882352941177,-0.12520738391750846
2023-wimbledon-1407,03:01:01,0,0.5,0.5,1.0,0.0,0.0,0.5,0,0,0,0,0.6808510638297872,0.1702127659574468,0,0,0,0,1,0,0.2,0,-0.016798847350436068,-0.029411764705882353,-0.02310530602815921
2023-wimbledon-1407,03:01:28,0,0.5,0.5,1.0,-0.5,0.0,0.375,0,0,0,-1,0.0,-0.3333333333333333,0,-1,0,0,0,0,-0.2,0,-0.020668638751466312,-0.0,-0.010334319375733156
2023-wimbledon-1407,03:02:06,0,0.5,0.5,0.75,-0.5,0.0,0.3125,0,1,0,-1,0.9432624113475178,0.23581560283687944,0,-1,0,0,1,0,0.0,0,-0.16688555107869638,-0.20588235294117646,-0.1863839520099364
2023-wimbledon-1407,03:03:52,0,0.5,0.6,0.0,-0.5,0.0,0.20000000000000004,0,1,0,0,0.7872340425531915,0.44680851063829785,0,-1,0,0,0,0,-0.2,0,-0.08342046207986945,-0.08823529411764705,-0.08582787809875825
2023-wimbledon-1407,03:04:22,0,0.5,0.6,0.0,-0.5,0.0,0.15000000000000002,0,1,0,0,0.8794326241134752,0.4698581560283688,0,-1,0,0,0,0,-0.2,0,-0.006528280716070791,-0.029411764705882353,-0.01797002271097657
2023-wimbledon-1407,03:04:39,0,0.5,0.6,0.0,-0.5,0.0,0.15000000000000002,0,0,0,0,0.7446808510638298,0.18617021276595744,0,-1,0,0,1,1,0.2,0,-0.01888356199316571,-0.058823529411764705,-0.03885354570246521
2023-wimbledon-1407,03:05:03,0,0.5,0.6,0.3333333333333333,-0.5,0.0,0.23333333333333334,0,0,0,0,0.7021276595744681,0.17553191489361702,0,-1,0,0,0,0,-0.2,0,-0.07564262763298822,-0.029411764705882353,-0.05252719616943528
2023-wimbledon-1407,03:05:28,0,0.5,0.6,0.25,-1.0,0.0,0.08750000000000002,0,0,0,0,0.6950354609929078,0.17375886524822695,0,-2,0,0,0,0,-0.4,0,-0.02585811189881165,-0.029411764705882353,-0.027634938302347
2023-wimbledon-1407,03:06:08,0,0.5,0.5,0.0,0.0,0.0,0.3333333333333333,0,1,0,0,0.9432624113475178,0.4858156028368794,0,0,0,0,0,0,0.0,0,-0.08951522415463865,-0.11764705882352941,-0.10358114148908404
2023-wimbledon-1407,03:06:30,0,0.5,0.5,0.0,0.0,0.0,0.25,0,1,0,0,0.9432624113475178,0.4858156028368794,0,0,0,0,1,0,0.2,0,-0.04381088386800633,-0.029411764705882353,-0.036611324286944344
2023-wimbledon-1407,03:06:49,0,0.5,0.5,0.5,0.0,1.0,0.5,0,0,0,0,0.8439716312056738,0.21099290780141844,0,0,1,0,1,1,0.6,0,-0.10607181108787679,-0.14705882352941177,-0.1265653173086443
2023-wimbledon-1407,03:07:28,0,0.5,0.5,0.6666666666666666,-0.5,1.0,0.4333333333333333,0,1,0,0,0.9574468085106383,0.4893617021276596,0,-1,0,0,0,0,-0.2,0,-0.04244019992859693,-0.058823529411764705,-0.05063186467018082
2023-wimbledon-1407,03:07:59,0,0.5,0.5,0.5,-1.0,1.0,0.3,0,0,0,-1,0.0,-0.3333333333333333,0,-2,0,0,0,0,-0.4,0,-0.01625057377467231,-0.0,-0.008125286887336155
2023-wimbledon-1407,03:08:27,0,0.5,0.5,0.4,-1.0,1.0,0.27999999999999997,0,1,0,-1,0.9290780141843972,0.2322695035460993,0,-2,0,0,0,0,-0.4,0,-0.08908808078747386,-0.11764705882352941,-0.10336756980550163
2023-wimbledon-1407,03:09:51,0,0.5,0.42857142857142855,0.0,0.0,0.0,0.30952380952380953,0,1,0,0,0.900709219858156,0.475177304964539,0,0,0,0,0,0,0.0,0,-0.004934462181873821,-0.029411764705882353,-0.017173113443878087
2023-wimbledon-1407,03:10:05,0,0.5,0.42857142857142855,0.0,-0.5,0.0,0.10714285714285715,0,0,0,0,0.6099290780141844,0.1524822695035461,0,-1,0,0,0,0,-0.2,0,-0.10807364716682819,-0.029411764705882353,-0.06874270593635527
2023-wimbledon-1407,03:10:46,0,0.5,0.42857142857142855,0.0,-0.5,0.0,0.10714285714285715,0,1,0,0,0.7943262411347518,0.44858156028368795,0,-1,0,0,1,1,0.2,0,-0.06127913500280512,-0.058823529411764705,-0.06005133220728491
2023-wimbledon-1407,03:11:13,0,0.5,0.42857142857142855,0.3333333333333333,-0.5,0.0,0.19047619047619047,0,1,0,0,0.8794326241134752,0.4698581560283688,0,-1,0,0,0,0,-0.2,0,-0.047279032998418936,-0.029411764705882353,-0.038345398852150644
2023-wimbledon-1407,03:11:43,0,0.5,0.42857142857142855,0.25,-0.5,0.0,0.16964285714285715,0,1,0,0,0.8014184397163121,0.45035460992907805,0,-1,0,0,0,0,-0.2,0,-0.05635742336920488,-0.029411764705882353,-0.04288459403754362
2023-wimbledon-1407,03:12:06,0,0.5,0.375,0.0,0.0,1.0,0.46875,0,1,0,0,0.8581560283687943,0.4645390070921986,0,0,1,0,1,1,0.6,0,-0.10831590758402611,-0.14705882352941177,-0.12768736555671895
2023-wimbledon-1407,03:12:28,0,0.5,0.375,1.0,0.0,1.0,0.575,0,1,0,0,0.9078014184397163,0.4769503546099291,0,0,0,0,1,0,0.2,0,-0.03586091701943184,-0.029411764705882353,-0.0326363408626571
2023-wimbledon-1407,03:12:43,0,0.5,0.375,1.0,0.0,1.0,0.575,0,0,0,0,0.6595744680851063,0.16489361702127658,0,0,0,0,0,0,0.0,0,-0.01932345590860407,-0.058823529411764705,-0.03907349266018439
2023-wimbledon-1407,03:13:06,0,0.5,0.375,0.6666666666666666,0.0,1.0,0.5083333333333333,0,0,0,0,0.7943262411347518,0.19858156028368795,0,0,1,0,1,0,0.4,0,-0.04124164839088081,-0.029411764705882353,-0.03532670654838158
2023-wimbledon-1407,03:13:31,0,0.5,0.375,0.75,0.0,1.0,0.525,0,1,0,0,0.8226950354609929,0.4556737588652482,0,0,1,0,1,0,0.4,0,-0.0726016218697404,-0.029411764705882353,-0.05100669328781138
2023-wimbledon-1407,03:15:09,0,0.5,0.4444444444444444,0.0,0.0,0.0,0.3148148148148148,0,1,0,0,0.7588652482269503,0.43971631205673756,0,0,0,0,1,0,0.2,0,-0.06990488090987913,-0.058823529411764705,-0.06436420516082192
2023-wimbledon-1407,03:15:30,0,0.5,0.4444444444444444,1.0,-0.5,0.0,0.3611111111111111,0,1,0,0,0.8865248226950354,0.4716312056737588,0,-1,0,0,0,0,-0.2,0,-0.14414494823277402,-0.08823529411764705,-0.11619012117521053
2023-wimbledon-1407,03:16:06,0,0.5,0.4444444444444444,0.5,-1.0,0.0,0.1111111111111111,0,1,0,0,0.8865248226950354,0.4716312056737588,0,-2,0,0,0,0,-0.4,0,-0.1138560208088948,-0.08823529411764705,-0.10104565746327093
2023-wimbledon-1407,03:16:34,0,0.5,0.4444444444444444,0.3333333333333333,-1.0,0.0,0.06944444444444442,0,0,0,0,0.6666666666666666,0.16666666666666666,0,-2,0,0,0,0,-0.4,0,-0.3100742081909522,-0.3235294117647059,-0.31680180997782903
2023-wimbledon-1407,03:17:47,0,0.5,0.4444444444444444,0.25,-1.0,0.0,0.048611111111111105,0,1,0,0,0.7659574468085106,0.44148936170212766,0,-2,0,0,0,0,-0.4,0,-0.008976385984597338,-0.029411764705882353,-0.019194075345239845
